Tech;Duplex;BW;N_ant;Band;Chamber;Polarization;Transf;Throughput;PcktRetr;Ptx;Prx;Pl;Time;RTTmin;RTTavg;RTTmax;RTTmdev
4G;FDD;10;MIMO;1;anecoica;1;68.1;57.1;833;15;15;0;14015;18.930;27.266;37.218;
4G;FDD;10;MIMO;1;anecoica;1;69.4;58.2;830;15;15;0;14014;18.965;27.848;38.031;
4G;FDD;10;MIMO;1;anecoica;1;70.8;59.4;811;15;15;0;14014;19.010;27.788;37.996;
4G;FDD;10;MIMO;1;anecoica;1;70.0;58.7;881;15;15;0;14016;18.957;27.857;37.005;
4G;FDD;10;MIMO;1;anecoica;1;70.8;59.4;1196;15;15;0;14013;18.985;27.622;38.018;
4G;FDD;10;MIMO;1;anecoica;1;69.5;58.3;774;15;15;0;14017;18.917;28.288;37.964;
4G;FDD;10;MIMO;1;anecoica;1;71.3;59.8;820;15;15;0;14015;19.284;28.787;38.004;
4G;FDD;10;MIMO;1;anecoica;1;69.8;58.6;1063;15;15;0;14037;22.984;98.607;1.062.033;
4G;FDD;10;MIMO;1;anecoica;1;71.0;59.6;611;15;15;0;14015;18.316;27.643;37.038;
4G;FDD;10;MIMO;1;anecoica;1;69.0;57.9;805;15;15;0;14014;19.048;28.660;37.965;
4G;FDD;10;MIMO;1;anecoica;1;69.8;58.5;664;15;15;0;14014;18.978;27.814;37.984;
4G;FDD;10;MIMO;1;anecoica;1;69.6;58.4;469;15;15;0;14015;18.995;27.137;37.901;
4G;FDD;10;MIMO;1;anecoica;1;69.0;57.9;731;15;15;0;14016;18.841;27.524;37.052;
4G;FDD;10;MIMO;1;anecoica;1;71.4;59.9;883;15;15;0;14014;18.991;27.633;37.947;
4G;FDD;10;MIMO;1;anecoica;1;70.0;58.7;779;15;15;0;14015;18.680;27.023;37.064;
4G;FDD;10;MIMO;1;anecoica;1;69.9;58.7;789;15;15;0;14002;25.977;26.922;28.305;
4G;FDD;10;MIMO;1;anecoica;1;69.5;58.3;593;15;15;0;14016;18.746;27.724;37.056;
4G;FDD;10;MIMO;1;anecoica;1;70.8;59.4;559;15;15;0;14013;18.398;25.905;36.967;
4G;FDD;10;MIMO;1;anecoica;1;69.3;58.1;661;15;15;0;14016;19.037;28.257;38.084;
4G;FDD;10;MIMO;1;anecoica;1;70.9;59.5;641;15;15;0;14017;18.962;27.978;37.871;
4G;FDD;10;MIMO;1;anecoica;2;112;94.0;907;15;15;0;14016;18.942;28.321;37.920;
4G;FDD;10;MIMO;1;anecoica;2;110;92.6;752;15;15;0;14001;26.942;27.315;28.200;
4G;FDD;10;MIMO;1;anecoica;2;111;93.2;693;15;15;0;14017;18.981;28.103;37.890;
4G;FDD;10;MIMO;1;anecoica;2;110;92.2;856;15;15;0;14010;19.919;30.901;37.964;
4G;FDD;10;MIMO;1;anecoica;2;110;92.4;516;15;15;0;14017;19.870;28.342;37.962;
4G;FDD;10;MIMO;1;anecoica;2;110;92.4;622;15;15;0;14042;24.998;100.109;1.063.945;
4G;FDD;10;MIMO;1;anecoica;2;111;92.8;771;15;15;0;14016;19.024;27.997;37.959;
4G;FDD;10;MIMO;1;anecoica;2;111;93.0;961;15;15;0;14016;18.963;28.551;37.922;
4G;FDD;10;MIMO;1;anecoica;2;110;92.1;647;15;15;0;14016;19.961;29.350;38.149;
4G;FDD;10;MIMO;1;anecoica;2;111;93.4;732;15;15;0;14015;18.928;28.123;37.929;
4G;FDD;10;MIMO;1;anecoica;2;111;93.0;629;15;15;0;14002;25.971;72.216;708.343;
4G;FDD;10;MIMO;1;anecoica;2;110;92.4;635;15;15;0;14020;18.879;27.627;36.958;
4G;FDD;10;MIMO;1;anecoica;2;112;93.6;765;15;15;0;14017;19.946;29.546;37.862;
4G;FDD;10;MIMO;1;anecoica;2;111;92.7;755;15;15;0;14016;18.961;27.997;36.973;
4G;FDD;10;MIMO;1;anecoica;2;110;92.4;766;15;15;0;14016;18.945;28.422;37.191;
4G;FDD;10;MIMO;1;anecoica;2;111;92.8;803;15;15;0;14016;19.959;29.218;38.056;
4G;FDD;10;MIMO;1;anecoica;2;111;92.9;440;15;15;0;14016;18.899;28.272;37.842;
4G;FDD;10;MIMO;1;anecoica;2;110;92.6;541;15;15;0;14030;18.953;92.833;1.042.842;
4G;FDD;10;MIMO;1;anecoica;2;109;91.2;1114;15;15;0;14018;18.965;27.743;37.014;
4G;FDD;10;MIMO;1;anecoica;2;107;89.9;442;15;15;0;14017;19.937;28.888;37.984;
4G;FDD;10;MIMO;1;anecoica;3;111;93.5;837;15;15;0;14017;18.905;28.922;37.789;
4G;FDD;10;MIMO;1;anecoica;3;111;93.4;1046;15;15;0;14015;18.989;28.029;37.981;
4G;FDD;10;MIMO;1;anecoica;3;109;91.6;411;15;15;0;14017;18.974;28.894;37.935;
4G;FDD;10;MIMO;1;anecoica;3;110;92.3;547;15;15;0;14015;18.980;28.788;37.970;
4G;FDD;10;MIMO;1;anecoica;3;111;93.0;385;15;15;0;14016;18.930;27.738;37.023;
4G;FDD;10;MIMO;1;anecoica;3;111;92.9;1179;15;15;0;14016;19.826;28.348;37.948;
4G;FDD;10;MIMO;1;anecoica;3;112;93.8;675;15;15;0;14017;18.964;29.043;37.964;
4G;FDD;10;MIMO;1;anecoica;3;111;93.0;618;15;15;0;14017;18.830;27.747;36.963;
4G;FDD;10;MIMO;1;anecoica;3;110;92.5;701;15;15;0;14020;18.962;28.706;37.055;
4G;FDD;10;MIMO;1;anecoica;3;111;93.5;594;15;15;0;14019;18.957;28.229;37.016;
4G;FDD;10;MIMO;1;anecoica;3;111;92.9;531;15;15;0;14016;18.902;27.789;37.001;
4G;FDD;10;MIMO;1;anecoica;3;111;93.5;987;15;15;0;14017;18.942;28.420;37.732;
4G;FDD;10;MIMO;1;anecoica;3;111;93.3;612;15;15;0;14017;18.969;27.780;37.939;
4G;FDD;10;MIMO;1;anecoica;3;110;92.6;754;15;15;0;14040;18.845;93.660;1.057.000;
4G;FDD;10;MIMO;1;anecoica;3;110;92.5;1034;15;15;0;14015;19.565;28.718;37.985;
4G;FDD;10;MIMO;1;anecoica;3;110;92.4;673;15;15;0;14016;19.920;28.263;37.964;
4G;FDD;10;MIMO;1;anecoica;3;111;93.1;499;15;15;0;14018;18.971;28.341;38.047;
4G;FDD;10;MIMO;1;anecoica;3;111;93.5;484;15;15;0;14015;19.807;28.773;38.101;
4G;FDD;10;MIMO;1;anecoica;3;109;91.6;719;15;15;0;14017;19.006;28.995;37.984;
4G;FDD;10;MIMO;1;anecoica;3;111;93.4;624;15;15;0;14016;19.948;28.463;37.969;
4G;FDD;10;MIMO;1;rever;1;97.8;82.0;1057;15;15;0;14017;18.910;29.613;41.975;
4G;FDD;10;MIMO;1;rever;1;97.3;81.6;467;15;15;0;14017;19.918;29.226;38.041;
4G;FDD;10;MIMO;1;rever;1;96.0;80.6;885;15;15;0;14017;19.735;29.978;37.979;
4G;FDD;10;MIMO;1;rever;1;96.8;81.2;863;15;15;0;14017;19.523;28.576;37.964;
4G;FDD;10;MIMO;1;rever;1;98.1;82.3;719;15;15;0;14027;21.037;96.415;1.048.182;
4G;FDD;10;MIMO;1;rever;1;97.1;81.5;1685;15;15;0;14019;19.930;28.499;37.962;
4G;FDD;10;MIMO;1;rever;1;97.1;81.5;1690;15;15;0;14014;19.792;30.170;45.968;
4G;FDD;10;MIMO;1;rever;1;95.2;79.9;1596;15;15;0;14015;21.295;32.193;45.957;
4G;FDD;10;MIMO;1;rever;1;97.2;81.6;1358;15;15;0;14017;19.169;29.060;37.990;
4G;FDD;10;MIMO;1;rever;1;96.5;80.9;1347;15;15;0;14017;18.468;28.031;36.996;
4G;FDD;10;MIMO;1;rever;1;97.9;82.1;853;15;15;0;14017;19.946;30.221;38.504;
4G;FDD;10;MIMO;1;rever;1;96.5;81.0;844;15;15;0;14015;19.989;30.598;43.734;
4G;FDD;10;MIMO;1;rever;1;96.9;81.3;1392;15;15;0;14018;18.953;28.604;42.011;
4G;FDD;10;MIMO;1;rever;1;96.9;81.3;1049;15;15;0;14014;18.972;28.492;37.958;
4G;FDD;10;MIMO;1;rever;1;97.4;81.7;1128;15;15;0;14015;20.947;29.058;37.969;
4G;FDD;10;MIMO;1;rever;1;96.4;80.9;1103;15;15;0;14016;19.941;29.609;41.146;
4G;FDD;10;MIMO;1;rever;1;95.4;80.0;1053;15;15;0;14016;19.783;30.830;53.856;
4G;FDD;10;MIMO;1;rever;1;97.7;81.9;1082;15;15;0;14015;19.860;30.293;38.003;
4G;FDD;10;MIMO;1;rever;1;96.7;81.1;1059;15;15;0;14018;19.828;29.924;38.015;
4G;FDD;10;MIMO;1;rever;1;97.2;81.6;1145;15;15;0;14019;18.943;30.725;40.859;
4G;FDD;10;MIMO;1;rever;2;111;93.5;856;15;15;0;14016;18.769;27.537;37.750;
4G;FDD;10;MIMO;1;rever;2;110;92.5;880;15;15;0;14032;18.910;93.541;1.039.091;
4G;FDD;10;MIMO;1;rever;2;110;92.0;713;15;15;0;14017;19.114;28.094;37.955;
4G;FDD;10;MIMO;1;rever;2;110;92.0;646;15;15;0;14015;19.045;27.583;37.809;
4G;FDD;10;MIMO;1;rever;2;111;92.8;1016;15;15;0;14014;19.959;29.232;38.016;
4G;FDD;10;MIMO;1;rever;2;110;92.3;774;15;15;0;14017;18.976;29.114;38.000;
4G;FDD;10;MIMO;1;rever;2;111;93.1;904;15;15;0;14015;18.969;29.383;37.979;
4G;FDD;10;MIMO;1;rever;2;111;92.8;765;15;15;0;14015;19.927;28.887;37.992;
4G;FDD;10;MIMO;1;rever;2;111;92.7;456;15;15;0;14022;18.940;94.084;1.035.006;
4G;FDD;10;MIMO;1;rever;2;110;92.3;880;15;15;0;14029;19.002;92.474;1.040.927;
4G;FDD;10;MIMO;1;rever;2;110;92.0;503;15;15;0;14017;19.945;28.485;37.942;
4G;FDD;10;MIMO;1;rever;2;109;91.8;707;15;15;0;14017;18.907;27.225;36.935;
4G;FDD;10;MIMO;1;rever;2;111;93.1;643;15;15;0;14018;18.989;28.622;37.937;
4G;FDD;10;MIMO;1;rever;2;111;93.0;772;15;15;0;14018;19.063;29.079;37.932;
4G;FDD;10;MIMO;1;rever;2;110;92.6;610;15;15;0;14017;18.942;28.463;37.525;
4G;FDD;10;MIMO;1;rever;2;110;92.5;697;15;15;0;14017;18.995;27.929;37.951;
4G;FDD;10;MIMO;1;rever;2;110;92.4;755;15;15;0;14016;20.956;29.810;38.978;
4G;FDD;10;MIMO;1;rever;2;110;92.1;753;15;15;0;14018;18.932;28.371;37.082;
4G;FDD;10;MIMO;1;rever;2;109;91.8;376;15;15;0;14015;19.941;28.905;37.970;
4G;FDD;10;MIMO;1;rever;2;110;91.9;670;15;15;0;14017;19.037;28.687;37.916;
4G;FDD;10;MIMO;1;rever;3;45.8;38.4;1110;15;15;0;14017;19.000;29.372;37.999;
4G;FDD;10;MIMO;1;rever;3;46.3;38.8;1025;15;15;0;14016;18.865;94.728;1.020.983;
4G;FDD;10;MIMO;1;rever;3;46.6;39.1;1513;15;15;0;14013;18.976;28.649;39.005;
4G;FDD;10;MIMO;1;rever;3;46.0;38.6;558;15;15;0;14015;18.545;27.000;36.975;
4G;FDD;10;MIMO;1;rever;3;45.5;38.2;803;15;15;0;14014;19.018;27.935;37.975;
4G;FDD;10;MIMO;1;rever;3;45.2;37.9;1223;15;15;0;14013;19.075;28.068;38.005;
4G;FDD;10;MIMO;1;rever;3;45.6;38.3;1124;15;15;0;14013;18.984;27.390;37.994;
4G;FDD;10;MIMO;1;rever;3;45.8;38.4;1317;15;15;0;14013;18.959;25.800;37.031;
4G;FDD;10;MIMO;1;rever;3;45.0;37.8;841;15;15;0;14015;19.017;29.776;37.988;
4G;FDD;10;MIMO;1;rever;3;46.0;38.6;1201;15;15;0;14013;19.090;26.874;38.040;
4G;FDD;10;MIMO;1;rever;3;45.8;38.4;1197;15;15;0;14015;18.358;27.643;37.242;
4G;FDD;10;MIMO;1;rever;3;46.4;39.0;896;15;15;0;14012;19.061;27.948;37.992;
4G;FDD;10;MIMO;1;rever;3;46.4;39.0;1070;15;15;0;14013;18.938;26.921;37.883;
4G;FDD;10;MIMO;1;rever;3;46.9;39.3;901;15;15;0;14012;19.913;26.342;37.967;
4G;FDD;10;MIMO;1;rever;3;45.6;38.3;743;15;15;0;14013;18.941;27.150;36.993;
4G;FDD;10;MIMO;1;rever;3;46.1;38.7;1271;15;15;0;14015;19.865;29.492;38.013;
4G;FDD;10;MIMO;1;rever;3;46.6;39.1;763;15;15;0;14012;18.996;28.934;38.029;
4G;FDD;10;MIMO;1;rever;3;45.4;38.1;1317;15;15;0;14014;19.035;29.762;38.197;
4G;FDD;10;MIMO;1;rever;3;46.5;39.0;1332;15;15;0;14012;18.809;26.969;37.712;
4G;FDD;10;MIMO;1;rever;3;45.3;38.0;954;15;15;0;14015;18.897;26.292;36.963;
4G;FDD;10;SISO;1;anecoica;1;58.6;49.2;685;15;15;0;14014;18.916;26.357;36.930;
4G;FDD;10;SISO;1;anecoica;1;59.1;49.6;647;15;15;0;14015;19.010;28.439;37.968;
4G;FDD;10;SISO;1;anecoica;1;58.5;49.1;976;15;15;0;14017;18.959;27.691;37.832;
4G;FDD;10;SISO;1;anecoica;1;58.7;49.2;866;15;15;0;14009;18.619;25.239;38.033;
4G;FDD;10;SISO;1;anecoica;1;58.8;49.3;1237;15;15;0;14027;21.037;94.393;1.045.961;
4G;FDD;10;SISO;1;anecoica;1;58.9;49.4;801;15;15;0;14012;19.006;27.308;37.992;
4G;FDD;10;SISO;1;anecoica;1;58.7;49.3;825;15;15;0;14002;25.973;64.331;587.045;
4G;FDD;10;SISO;1;anecoica;1;58.8;49.3;1400;15;15;0;14016;19.024;28.336;37.950;
4G;FDD;10;SISO;1;anecoica;1;58.4;49.0;828;15;15;0;14015;18.976;27.288;37.940;
4G;FDD;10;SISO;1;anecoica;1;59.0;49.5;1166;15;15;0;14014;19.125;28.161;37.965;
4G;FDD;10;SISO;1;anecoica;1;58.7;49.2;1082;15;15;0;14014;18.903;27.846;38.070;
4G;FDD;10;SISO;1;anecoica;1;58.9;49.4;1390;15;15;0;14001;26.982;27.361;28.209;
4G;FDD;10;SISO;1;anecoica;1;58.9;49.4;944;15;15;0;14013;19.778;27.432;38.094;
4G;FDD;10;SISO;1;anecoica;1;58.6;49.2;1217;15;15;0;14011;18.943;25.429;37.306;
4G;FDD;10;SISO;1;anecoica;1;58.8;49.4;553;15;15;0;14015;19.022;28.556;37.971;
4G;FDD;10;SISO;1;anecoica;1;58.9;49.4;939;15;15;0;14014;19.009;27.705;38.026;
4G;FDD;10;SISO;1;anecoica;1;58.6;49.2;1490;15;15;0;14014;19.036;27.832;37.980;
4G;FDD;10;SISO;1;anecoica;1;58.8;49.3;2117;15;15;0;14016;18.544;28.073;37.135;
4G;FDD;10;SISO;1;anecoica;1;58.8;49.3;597;15;15;0;14013;19.267;27.340;37.920;
4G;FDD;10;SISO;1;anecoica;1;59.1;49.6;1479;15;15;0;14013;18.974;27.950;38.057;
4G;FDD;10;SISO;1;anecoica;2;58.8;49.4;447;15;15;0;14017;18.976;28.794;37.989;
4G;FDD;10;SISO;1;anecoica;2;58.7;49.3;825;15;15;0;14018;19.092;28.816;37.967;
4G;FDD;10;SISO;1;anecoica;2;58.5;49.1;820;15;15;0;14017;19.811;28.694;37.947;
4G;FDD;10;SISO;1;anecoica;2;58.8;49.3;608;15;15;0;14016;19.000;28.189;37.940;
4G;FDD;10;SISO;1;anecoica;2;58.4;49.0;613;15;15;0;14015;20.948;30.615;38.971;
4G;FDD;10;SISO;1;anecoica;2;59.0;49.5;1131;15;15;0;14019;18.921;27.809;37.503;
4G;FDD;10;SISO;1;anecoica;2;59.0;49.5;1039;15;15;0;14016;19.831;29.267;37.975;
4G;FDD;10;SISO;1;anecoica;2;58.9;49.4;654;15;15;0;14016;18.972;28.872;38.028;
4G;FDD;10;SISO;1;anecoica;2;58.9;49.4;868;15;15;0;14011;19.960;31.068;38.035;
4G;FDD;10;SISO;1;anecoica;2;58.6;49.1;1549;15;15;0;14019;18.982;28.499;37.929;
4G;FDD;10;SISO;1;anecoica;2;58.8;49.3;1319;15;15;0;14020;13.950;27.739;38.013;
4G;FDD;10;SISO;1;anecoica;2;58.6;49.1;1476;15;15;0;14017;19.928;29.583;37.988;
4G;FDD;10;SISO;1;anecoica;2;58.7;49.3;889;15;15;0;14018;19.903;28.750;37.981;
4G;FDD;10;SISO;1;anecoica;2;58.9;49.4;873;15;15;0;14019;19.170;28.415;37.791;
4G;FDD;10;SISO;1;anecoica;2;58.9;49.4;676;15;15;0;14016;18.869;28.119;37.724;
4G;FDD;10;SISO;1;anecoica;2;58.6;49.2;763;15;15;0;14017;20.938;29.794;39.005;
4G;FDD;10;SISO;1;anecoica;2;58.8;49.3;1137;15;15;0;14017;18.661;27.471;36.877;
4G;FDD;10;SISO;1;anecoica;2;58.9;49.4;802;15;15;0;14018;19.954;29.110;38.041;
4G;FDD;10;SISO;1;anecoica;2;58.8;49.3;618;15;15;0;14019;19.923;29.324;38.029;
4G;FDD;10;SISO;1;anecoica;2;58.8;49.3;1451;15;15;0;14018;18.900;27.799;36.990;
4G;FDD;10;SISO;1;anecoica;3;58.8;49.3;910;15;15;0;14017;19.830;29.217;37.959;
4G;FDD;10;SISO;1;anecoica;3;59.1;49.5;949;15;15;0;14019;19.971;29.209;38.011;
4G;FDD;10;SISO;1;anecoica;3;58.9;49.4;1050;15;15;0;14002;25.969;26.704;27.995;
4G;FDD;10;SISO;1;anecoica;3;58.8;49.3;742;15;15;0;14020;19.019;28.141;37.936;
4G;FDD;10;SISO;1;anecoica;3;58.9;49.4;698;15;15;0;14018;19.036;28.868;37.955;
4G;FDD;10;SISO;1;anecoica;3;58.7;49.2;619;15;15;0;14004;24.105;26.013;28.294;
4G;FDD;10;SISO;1;anecoica;3;58.9;49.4;850;15;15;0;14018;18.945;28.367;36.997;
4G;FDD;10;SISO;1;anecoica;3;58.8;49.3;701;15;15;0;14015;18.836;27.579;36.972;
4G;FDD;10;SISO;1;anecoica;3;58.7;49.3;583;15;15;0;14034;18.957;94.946;1.043.791;
4G;FDD;10;SISO;1;anecoica;3;58.6;49.2;1701;15;15;0;14018;19.019;28.562;38.006;
4G;FDD;10;SISO;1;anecoica;3;58.9;49.4;876;15;15;0;14018;19.943;29.531;38.032;
4G;FDD;10;SISO;1;anecoica;3;58.6;49.1;966;15;15;0;14018;19.944;29.374;37.995;
4G;FDD;10;SISO;1;anecoica;3;58.8;49.3;1531;15;15;0;14017;19.931;28.694;37.958;
4G;FDD;10;SISO;1;anecoica;3;58.4;49.0;1436;15;15;0;14017;19.036;28.740;37.986;
4G;FDD;10;SISO;1;anecoica;3;59.0;49.5;682;15;15;0;14016;18.924;27.200;36.954;
4G;FDD;10;SISO;1;anecoica;3;58.8;49.3;1750;15;15;0;14017;18.978;28.207;37.969;
4G;FDD;10;SISO;1;anecoica;3;58.8;49.3;1040;15;15;0;14015;18.972;28.086;37.965;
4G;FDD;10;SISO;1;anecoica;3;58.7;49.2;1283;15;15;0;14020;19.893;28.861;37.947;
4G;FDD;10;SISO;1;anecoica;3;58.5;49.1;694;15;15;0;14015;18.907;27.987;36.953;
4G;FDD;10;SISO;1;anecoica;3;58.9;49.4;699;15;15;0;14015;18.972;28.428;37.999;
4G;FDD;10;SISO;1;rever;1;59.0;49.5;811;15;15;0;14017;19.007;29.273;37.939;
4G;FDD;10;SISO;1;rever;1;58.8;49.3;1047;15;15;0;14020;18.982;28.555;37.935;
4G;FDD;10;SISO;1;rever;1;59.0;49.5;804;15;15;0;14017;19.939;29.060;38.053;
4G;FDD;10;SISO;1;rever;1;58.7;49.2;537;15;15;0;14019;18.951;28.056;37.008;
4G;FDD;10;SISO;1;rever;1;58.8;49.3;726;15;15;0;14016;18.904;28.276;36.917;
4G;FDD;10;SISO;1;rever;1;58.5;49.1;411;15;15;0;14015;19.023;27.301;37.923;
4G;FDD;10;SISO;1;rever;1;58.7;49.2;890;15;15;0;14016;19.276;66.899;602.946;
4G;FDD;10;SISO;1;rever;1;59.0;49.4;1176;15;15;0;14019;18.919;28.511;40.898;
4G;FDD;10;SISO;1;rever;1;59.1;49.5;932;15;15;0;14015;18.952;27.939;37.002;
4G;FDD;10;SISO;1;rever;1;58.6;49.2;874;15;15;0;14015;19.879;27.496;37.995;
4G;FDD;10;SISO;1;rever;1;58.8;49.3;911;15;15;0;14019;18.939;26.978;36.908;
4G;FDD;10;SISO;1;rever;1;59.0;49.5;602;15;15;0;14016;19.001;29.035;38.000;
4G;FDD;10;SISO;1;rever;1;58.9;49.4;809;15;15;0;14018;18.972;29.131;37.990;
4G;FDD;10;SISO;1;rever;1;59.0;49.5;939;15;15;0;14019;18.955;28.307;37.059;
4G;FDD;10;SISO;1;rever;1;58.8;49.3;960;15;15;0;14018;19.004;28.286;37.960;
4G;FDD;10;SISO;1;rever;1;58.8;49.3;967;15;15;0;14005;22.874;25.457;28.194;
4G;FDD;10;SISO;1;rever;1;58.8;49.3;1005;15;15;0;14015;18.860;28.111;37.553;
4G;FDD;10;SISO;1;rever;1;59.1;49.5;446;15;15;0;14016;19.931;29.110;38.069;
4G;FDD;10;SISO;1;rever;1;58.7;49.2;789;15;15;0;14018;18.606;27.461;37.091;
4G;FDD;10;SISO;1;rever;1;59.2;49.7;741;15;15;0;14018;18.821;28.053;37.919;
4G;FDD;10;SISO;1;rever;2;58.8;49.4;782;15;15;0;14017;19.947;29.299;37.996;
4G;FDD;10;SISO;1;rever;2;58.7;49.2;649;15;15;0;14017;19.888;28.608;37.961;
4G;FDD;10;SISO;1;rever;2;58.6;49.2;810;15;15;0;14019;19.001;29.078;38.030;
4G;FDD;10;SISO;1;rever;2;58.8;49.3;775;15;15;0;14015;19.052;28.825;38.281;
4G;FDD;10;SISO;1;rever;2;58.6;49.1;951;15;15;0;14016;19.941;29.207;37.963;
4G;FDD;10;SISO;1;rever;2;58.8;49.3;1676;15;15;0;14017;18.930;28.428;37.736;
4G;FDD;10;SISO;1;rever;2;59.0;49.5;643;15;15;0;14004;22.937;25.176;27.850;
4G;FDD;10;SISO;1;rever;2;58.7;49.3;561;15;15;0;14017;18.962;28.414;36.990;
4G;FDD;10;SISO;1;rever;2;59.1;49.6;1412;15;15;0;14020;18.840;28.700;37.887;
4G;FDD;10;SISO;1;rever;2;58.5;49.1;766;15;15;0;14016;18.951;27.732;36.970;
4G;FDD;10;SISO;1;rever;2;58.9;49.4;648;15;15;0;14018;18.821;27.707;36.858;
4G;FDD;10;SISO;1;rever;2;58.8;49.3;552;15;15;0;14016;19.949;28.976;37.986;
4G;FDD;10;SISO;1;rever;2;59.0;49.5;573;15;15;0;14018;19.911;28.635;38.124;
4G;FDD;10;SISO;1;rever;2;58.8;49.3;1140;15;15;0;14016;18.310;27.810;37.970;
4G;FDD;10;SISO;1;rever;2;58.7;49.2;1256;15;15;0;14014;19.001;27.755;37.956;
4G;FDD;10;SISO;1;rever;2;59.0;49.4;1134;15;15;0;14018;19.947;29.651;38.036;
4G;FDD;10;SISO;1;rever;2;58.8;49.3;642;15;15;0;14017;18.968;28.673;36.985;
4G;FDD;10;SISO;1;rever;2;58.7;49.3;881;15;15;0;14018;19.941;29.355;37.987;
4G;FDD;10;SISO;1;rever;2;58.8;49.3;657;15;15;0;14017;18.740;27.523;36.932;
4G;FDD;10;SISO;1;rever;2;58.9;49.4;625;15;15;0;14018;19.012;28.596;37.969;
4G;FDD;10;SISO;1;rever;3;58.7;49.2;719;15;15;0;14017;19.088;29.019;37.977;
4G;FDD;10;SISO;1;rever;3;58.7;49.3;897;15;15;0;14016;18.768;27.812;37.634;
4G;FDD;10;SISO;1;rever;3;59.0;49.5;995;15;15;0;14015;18.925;27.237;37.009;
4G;FDD;10;SISO;1;rever;3;58.6;49.1;2286;15;15;0;14014;18.678;26.448;37.395;
4G;FDD;10;SISO;1;rever;3;57.7;48.4;602;15;15;0;14014;19.030;27.711;38.001;
4G;FDD;10;SISO;1;rever;3;58.9;49.4;614;15;15;0;14014;18.492;26.394;37.571;
4G;FDD;10;SISO;1;rever;3;59.0;49.5;1117;15;15;0;14015;18.933;27.411;37.912;
4G;FDD;10;SISO;1;rever;3;58.5;49.1;1236;15;15;0;14010;18.968;92.154;1.020.052;
4G;FDD;10;SISO;1;rever;3;58.6;49.1;1466;15;15;0;14015;19.035;28.335;38.043;
4G;FDD;10;SISO;1;rever;3;58.9;49.4;1315;15;15;0;14014;19.020;80.805;807.001;
4G;FDD;10;SISO;1;rever;3;58.4;49.0;1021;15;15;0;14013;18.998;27.021;38.100;
4G;FDD;10;SISO;1;rever;3;58.4;49.0;1674;15;15;0;14011;18.653;25.690;38.094;
4G;FDD;10;SISO;1;rever;3;58.5;49.0;883;15;15;0;14015;18.969;28.181;38.043;
4G;FDD;10;SISO;1;rever;3;58.8;49.4;1261;15;15;0;14015;18.960;27.650;37.859;
4G;FDD;10;SISO;1;rever;3;58.6;49.1;1363;15;15;0;14015;19.969;29.566;38.028;
4G;FDD;10;SISO;1;rever;3;58.5;49.1;1507;15;15;0;14016;18.983;29.157;38.052;
4G;FDD;10;SISO;1;rever;3;58.2;48.8;669;15;15;0;14017;19.889;29.602;37.997;
4G;FDD;10;SISO;1;rever;3;59.0;49.5;1021;15;15;0;14013;19.352;27.344;37.990;
4G;FDD;10;SISO;1;rever;3;58.6;49.1;1300;15;15;0;14017;19.474;28.890;37.998;
4G;FDD;10;SISO;1;rever;3;58.7;49.2;1520;15;15;0;14014;18.958;28.000;37.915;
4G;FDD;15;MIMO;1;anecoica;1;84.7;71.1;1362;15;15;0;14015;15.032;28.056;41.718;
4G;FDD;15;MIMO;1;anecoica;1;83.1;69.7;815;15;15;0;14032;18.275;98.848;1.048.106;
4G;FDD;15;MIMO;1;anecoica;1;82.8;69.4;953;15;15;0;14017;13.140;31.293;50.978;
4G;FDD;15;MIMO;1;anecoica;1;82.8;69.5;1191;15;15;0;14014;19.112;33.394;50.036;
4G;FDD;15;MIMO;1;anecoica;1;82.9;69.6;986;15;15;0;14016;18.935;31.328;51.793;
4G;FDD;15;MIMO;1;anecoica;1;82.6;69.2;1155;15;15;0;14013;19.940;33.393;51.871;
4G;FDD;15;MIMO;1;anecoica;1;82.6;69.3;790;15;15;0;14015;14.287;31.339;44.022;
4G;FDD;15;MIMO;1;anecoica;1;82.9;69.5;610;15;15;0;14013;19.491;29.213;38.058;
4G;FDD;15;MIMO;1;anecoica;1;81.9;68.7;943;15;15;0;14015;19.938;30.666;49.222;
4G;FDD;15;MIMO;1;anecoica;1;83.2;69.8;916;15;15;0;14015;11.898;26.279;39.703;
4G;FDD;15;MIMO;1;anecoica;1;82.8;69.5;908;15;15;0;14015;18.846;28.026;37.897;
4G;FDD;15;MIMO;1;anecoica;1;83.6;70.1;1435;15;15;0;14017;19.015;30.089;42.859;
4G;FDD;15;MIMO;1;anecoica;1;83.0;69.6;764;15;14;6;14016;20.054;33.971;51.999;
4G;FDD;15;MIMO;1;anecoica;1;82.6;69.3;900;15;15;0;14015;16.007;28.856;42.064;
4G;FDD;15;MIMO;1;anecoica;1;82.7;69.4;886;15;15;0;14016;17.848;28.805;50.008;
4G;FDD;15;MIMO;1;anecoica;1;83.0;69.6;956;15;15;0;14016;19.919;31.692;49.023;
4G;FDD;15;MIMO;1;anecoica;1;83.3;69.9;1382;15;15;0;14016;18.792;31.939;51.952;
4G;FDD;15;MIMO;1;anecoica;1;82.6;69.3;945;15;15;0;14016;19.010;29.012;37.969;
4G;FDD;15;MIMO;1;anecoica;1;83.2;69.8;726;15;15;0;14012;18.981;33.317;53.958;
4G;FDD;15;MIMO;1;anecoica;1;82.9;69.5;1266;15;15;0;14016;19.001;29.433;42.394;
4G;FDD;15;MIMO;1;anecoica;2;149;125;1338;15;15;0;14016;18.973;27.035;37.918;
4G;FDD;15;MIMO;1;anecoica;2;147;123;477;15;15;0;14018;18.979;28.599;37.955;
4G;FDD;15;MIMO;1;anecoica;2;147;123;879;15;15;0;14017;18.958;27.897;36.970;
4G;FDD;15;MIMO;1;anecoica;2;146;122;643;15;15;0;14016;19.052;30.693;44.047;
4G;FDD;15;MIMO;1;anecoica;2;147;123;521;15;15;0;14016;19.099;29.129;37.868;
4G;FDD;15;MIMO;1;anecoica;2;146;123;856;15;15;0;14015;18.918;27.124;37.869;
4G;FDD;15;MIMO;1;anecoica;2;146;122;719;15;15;0;14016;12.960;75.945;760.905;
4G;FDD;15;MIMO;1;anecoica;2;148;124;1092;15;15;0;14016;18.985;29.094;37.983;
4G;FDD;15;MIMO;1;anecoica;2;147;123;536;15;15;0;14014;19.971;29.579;39.003;
4G;FDD;15;MIMO;1;anecoica;2;147;123;774;15;15;0;14016;19.919;28.323;37.925;
4G;FDD;15;MIMO;1;anecoica;2;144;121;721;15;15;0;14019;18.876;28.071;37.800;
4G;FDD;15;MIMO;1;anecoica;2;143;120;695;15;15;0;14015;19.702;29.047;37.992;
4G;FDD;15;MIMO;1;anecoica;2;147;123;1050;15;15;0;14033;18.572;93.570;1.037.956;
4G;FDD;15;MIMO;1;anecoica;2;146;122;573;15;15;0;14026;21.149;95.739;1.045.923;
4G;FDD;15;MIMO;1;anecoica;2;147;123;689;15;15;0;14015;18.845;27.122;37.017;
4G;FDD;15;MIMO;1;anecoica;2;147;123;754;15;15;0;14013;19.939;29.314;38.006;
4G;FDD;15;MIMO;1;anecoica;2;146;123;1083;15;15;0;14018;18.514;27.679;36.973;
4G;FDD;15;MIMO;1;anecoica;2;148;124;579;15;15;0;14015;18.872;27.221;37.024;
4G;FDD;15;MIMO;1;anecoica;2;147;124;615;15;15;0;14019;18.930;27.867;36.830;
4G;FDD;15;MIMO;1;anecoica;2;148;124;1508;15;15;0;14016;18.981;29.072;37.993;
4G;FDD;15;MIMO;1;anecoica;3;149;125;1400;15;15;0;14017;18.415;49.622;366.015;
4G;FDD;15;MIMO;1;anecoica;3;148;124;818;15;15;0;14016;18.920;28.635;37.959;
4G;FDD;15;MIMO;1;anecoica;3;149;125;564;15;15;0;14016;18.944;29.195;37.832;
4G;FDD;15;MIMO;1;anecoica;3;149;125;614;15;15;0;14018;18.902;27.754;36.958;
4G;FDD;15;MIMO;1;anecoica;3;148;124;918;15;15;0;14014;18.902;27.437;38.025;
4G;FDD;15;MIMO;1;anecoica;3;149;125;916;15;15;0;14015;18.964;28.684;38.093;
4G;FDD;15;MIMO;1;anecoica;3;149;125;806;15;15;0;14015;18.452;27.803;37.041;
4G;FDD;15;MIMO;1;anecoica;3;147;124;726;15;15;0;14046;21.851;94.747;1.060.854;
4G;FDD;15;MIMO;1;anecoica;3;148;124;1072;15;15;0;14017;19.073;28.605;38.004;
4G;FDD;15;MIMO;1;anecoica;3;148;124;474;15;15;0;14018;18.993;28.026;37.896;
4G;FDD;15;MIMO;1;anecoica;3;149;125;651;15;15;0;14015;19.260;27.834;37.640;
4G;FDD;15;MIMO;1;anecoica;3;148;124;1047;15;15;0;14017;18.965;28.415;36.988;
4G;FDD;15;MIMO;1;anecoica;3;149;125;739;15;15;0;14015;18.834;26.809;37.896;
4G;FDD;15;MIMO;1;anecoica;3;148;124;813;15;15;0;14017;19.373;28.936;38.232;
4G;FDD;15;MIMO;1;anecoica;3;150;126;1104;15;15;0;14015;18.935;27.747;37.609;
4G;FDD;15;MIMO;1;anecoica;3;148;125;897;15;15;0;14016;18.893;27.090;37.754;
4G;FDD;15;MIMO;1;anecoica;3;147;124;481;15;15;0;14004;22.968;25.014;27.460;
4G;FDD;15;MIMO;1;anecoica;3;148;124;897;15;15;0;14018;18.873;27.348;36.966;
4G;FDD;15;MIMO;1;anecoica;3;147;123;661;15;15;0;14013;18.823;26.258;37.775;
4G;FDD;15;MIMO;1;anecoica;3;148;124;465;15;15;0;14018;18.925;28.012;36.910;
4G;FDD;15;MIMO;1;rever;1;109;91.8;1858;15;15;0;14014;19.412;35.857;49.940;
4G;FDD;15;MIMO;1;rever;1;128;107;2137;15;15;0;14024;24.973;101.058;1.051.977;
4G;FDD;15;MIMO;1;rever;1;128;108;1387;15;15;0;14015;22.983;34.955;53.994;
4G;FDD;15;MIMO;1;rever;1;128;107;1282;15;15;0;14019;20.889;34.406;52.834;
4G;FDD;15;MIMO;1;rever;1;126;105;1818;15;15;0;14017;18.633;33.083;49.650;
4G;FDD;15;MIMO;1;rever;1;130;109;1997;15;15;0;14015;24.925;37.449;53.983;
4G;FDD;15;MIMO;1;rever;1;130;109;1167;15;15;0;14018;18.920;29.693;37.883;
4G;FDD;15;MIMO;1;rever;1;127;106;898;15;15;0;14006;18.956;39.156;51.968;
4G;FDD;15;MIMO;1;rever;1;125;105;1668;15;15;0;14016;19.027;32.678;43.920;
4G;FDD;15;MIMO;1;rever;1;128;107;1353;15;15;0;14010;18.971;31.905;52.979;
4G;FDD;15;MIMO;1;rever;1;127;106;1343;15;15;0;14015;19.788;32.526;50.862;
4G;FDD;15;MIMO;1;rever;1;124;104;1725;15;15;0;14015;18.905;32.034;52.933;
4G;FDD;15;MIMO;1;rever;1;130;109;1946;15;15;0;14018;19.596;36.019;50.025;
4G;FDD;15;MIMO;1;rever;1;123;103;1520;15;15;0;14016;19.001;38.333;53.993;
4G;FDD;15;MIMO;1;rever;1;125;105;1408;15;15;0;14014;19.027;37.927;49.049;
4G;FDD;15;MIMO;1;rever;1;127;106;1379;15;15;0;14017;19.542;34.023;43.946;
4G;FDD;15;MIMO;1;rever;1;128;108;2085;15;15;0;14015;26.957;38.919;50.037;
4G;FDD;15;MIMO;1;rever;1;129;108;1435;15;15;0;14018;21.954;34.424;53.947;
4G;FDD;15;MIMO;1;rever;1;130;109;1804;15;15;0;14015;21.087;33.787;43.936;
4G;FDD;15;MIMO;1;rever;1;126;106;1586;15;15;0;14020;18.929;32.028;49.912;
4G;FDD;15;MIMO;1;rever;2;171;143;1317;15;15;0;14015;18.951;28.068;37.002;
4G;FDD;15;MIMO;1;rever;2;168;141;613;15;15;0;14014;18.882;29.988;37.871;
4G;FDD;15;MIMO;1;rever;2;168;141;626;15;15;0;14015;18.929;27.727;37.496;
4G;FDD;15;MIMO;1;rever;2;169;142;915;15;15;0;14015;19.217;28.559;37.895;
4G;FDD;15;MIMO;1;rever;2;168;141;670;15;15;0;14016;19.002;29.151;38.067;
4G;FDD;15;MIMO;1;rever;2;168;141;930;15;15;0;14017;19.114;28.600;38.051;
4G;FDD;15;MIMO;1;rever;2;171;143;946;15;15;0;14019;18.917;28.440;36.980;
4G;FDD;15;MIMO;1;rever;2;167;140;1303;15;15;0;14018;18.974;29.557;37.991;
4G;FDD;15;MIMO;1;rever;2;169;142;995;15;15;0;14023;22.986;93.921;1.043.992;
4G;FDD;15;MIMO;1;rever;2;168;141;721;15;15;0;14015;18.971;29.225;37.969;
4G;FDD;15;MIMO;1;rever;2;170;142;785;15;15;0;14019;19.022;28.669;37.956;
4G;FDD;15;MIMO;1;rever;2;169;141;504;15;15;0;14015;18.953;28.335;37.870;
4G;FDD;15;MIMO;1;rever;2;171;143;1042;15;15;0;14017;18.839;28.690;36.987;
4G;FDD;15;MIMO;1;rever;2;170;142;1008;15;15;0;14025;22.997;97.534;1.047.055;
4G;FDD;15;MIMO;1;rever;2;168;141;652;15;15;0;14017;18.963;28.437;36.999;
4G;FDD;15;MIMO;1;rever;2;170;143;826;15;15;0;14017;18.961;28.031;36.987;
4G;FDD;15;MIMO;1;rever;2;169;142;1006;15;15;0;14015;18.832;27.122;36.970;
4G;FDD;15;MIMO;1;rever;2;169;142;875;15;15;0;14017;18.927;27.138;37.065;
4G;FDD;15;MIMO;1;rever;2;167;141;594;15;15;0;14004;23.022;25.326;27.906;
4G;FDD;15;MIMO;1;rever;2;169;142;876;15;15;0;14014;18.847;26.390;36.977;
4G;FDD;15;MIMO;1;rever;3;63.5;53.3;1034;15;15;0;14015;19.397;28.337;38.235;
4G;FDD;15;MIMO;1;rever;3;62.1;52.1;842;15;15;0;14015;18.774;34.098;51.958;
4G;FDD;15;MIMO;1;rever;3;62.2;52.2;1105;15;15;0;14017;21.418;33.156;51.869;
4G;FDD;15;MIMO;1;rever;3;62.4;52.3;1185;15;15;0;14014;18.948;38.730;50.152;
4G;FDD;15;MIMO;1;rever;3;61.9;52.0;1274;15;15;0;14015;19.968;37.502;53.936;
4G;FDD;15;MIMO;1;rever;3;62.2;52.1;1118;15;15;0;14013;27.515;39.186;53.207;
4G;FDD;15;MIMO;1;rever;3;63.0;52.8;1382;15;15;0;14016;19.120;38.674;49.944;
4G;FDD;15;MIMO;1;rever;3;60.7;50.9;1088;15;15;0;14013;19.908;36.270;54.029;
4G;FDD;15;MIMO;1;rever;3;63.1;52.9;1142;15;15;0;14012;19.992;38.680;52.081;
4G;FDD;15;MIMO;1;rever;3;61.9;51.9;1668;15;15;0;14015;28.093;41.238;53.041;
4G;FDD;15;MIMO;1;rever;3;62.5;52.4;742;15;15;0;14017;20.061;40.668;53.663;
4G;FDD;15;MIMO;1;rever;3;62.0;52.0;1305;15;15;0;14013;27.709;41.000;54.105;
4G;FDD;15;MIMO;1;rever;3;62.0;52.0;1614;15;15;0;14012;22.974;36.373;51.976;
4G;FDD;15;MIMO;1;rever;3;62.4;52.3;820;15;15;0;14015;24.042;37.286;52.984;
4G;FDD;15;MIMO;1;rever;3;61.6;51.6;1421;15;15;0;14014;18.903;36.021;53.934;
4G;FDD;15;MIMO;1;rever;3;62.0;52.0;1133;15;15;0;14014;18.979;38.153;52.914;
4G;FDD;15;MIMO;1;rever;3;61.8;51.8;1022;15;15;0;14015;19.662;34.773;52.063;
4G;FDD;15;MIMO;1;rever;3;61.9;51.9;1132;15;15;0;14015;26.988;38.998;54.044;
4G;FDD;15;MIMO;1;rever;3;63.0;52.8;1009;15;15;0;14037;21.305;106.702;1.045.022;
4G;FDD;15;MIMO;1;rever;3;61.8;51.9;1352;15;15;0;14022;26.063;105.449;1.056.001;
4G;FDD;15;SISO;1;anecoica;1;89.3;74.9;955;15;15;0;14015;18.996;28.101;37.880;
4G;FDD;15;SISO;1;anecoica;1;89.2;74.9;1464;15;15;0;14013;18.920;25.550;36.986;
4G;FDD;15;SISO;1;anecoica;1;89.4;75.0;869;15;15;0;14014;18.996;27.841;37.969;
4G;FDD;15;SISO;1;anecoica;1;89.2;74.8;1768;15;15;0;14016;13.019;24.555;36.946;
4G;FDD;15;SISO;1;anecoica;1;89.3;74.9;846;15;15;0;14015;13.997;27.347;37.905;
4G;FDD;15;SISO;1;anecoica;1;89.5;75.1;1064;15;15;0;14013;18.888;25.735;36.994;
4G;FDD;15;SISO;1;anecoica;1;89.4;75.0;1001;15;15;0;14014;14.996;24.402;36.106;
4G;FDD;15;SISO;1;anecoica;1;89.3;74.9;1029;15;15;0;14016;15.714;27.019;37.926;
4G;FDD;15;SISO;1;anecoica;1;89.2;74.8;1165;15;15;0;14011;18.773;24.094;37.035;
4G;FDD;15;SISO;1;anecoica;1;88.9;74.6;650;15;15;0;14012;18.993;26.021;37.980;
4G;FDD;15;SISO;1;anecoica;1;89.3;74.9;751;15;15;0;14013;19.022;27.288;37.994;
4G;FDD;15;SISO;1;anecoica;1;89.1;74.7;905;15;15;0;14031;18.645;91.799;1.036.054;
4G;FDD;15;SISO;1;anecoica;1;89.0;74.7;702;15;15;0;14014;14.082;25.066;37.290;
4G;FDD;15;SISO;1;anecoica;1;89.0;74.7;869;15;15;0;14012;15.991;89.665;1.020.670;
4G;FDD;15;SISO;1;anecoica;1;89.7;75.2;722;15;15;0;14018;12.928;23.395;36.956;
4G;FDD;15;SISO;1;anecoica;1;89.1;74.8;869;15;15;0;14015;16.015;26.846;38.026;
4G;FDD;15;SISO;1;anecoica;1;89.5;75.0;917;15;15;0;14015;14.057;28.126;38.000;
4G;FDD;15;SISO;1;anecoica;1;89.3;74.9;1345;15;15;0;14014;14.966;25.332;37.461;
4G;FDD;15;SISO;1;anecoica;1;89.6;75.2;1842;15;15;0;14015;17.952;27.863;38.969;
4G;FDD;15;SISO;1;anecoica;1;89.3;74.9;626;15;15;0;14015;14.079;92.682;1.021.096;
4G;FDD;15;SISO;1;anecoica;2;89.4;75.0;1099;15;15;0;14017;19.311;29.059;37.936;
4G;FDD;15;SISO;1;anecoica;2;89.5;75.1;1298;15;15;0;14017;19.302;28.440;37.905;
4G;FDD;15;SISO;1;anecoica;2;89.3;74.9;1226;15;15;0;14015;18.523;27.347;37.098;
4G;FDD;15;SISO;1;anecoica;2;89.4;75.0;524;15;15;0;14016;18.996;28.557;38.026;
4G;FDD;15;SISO;1;anecoica;2;89.5;75.1;1457;15;15;0;14015;19.181;28.630;38.869;
4G;FDD;15;SISO;1;anecoica;2;89.2;74.8;1226;15;15;0;14018;18.785;27.224;36.942;
4G;FDD;15;SISO;1;anecoica;2;89.3;74.9;1081;15;15;0;14017;19.281;29.637;46.023;
4G;FDD;15;SISO;1;anecoica;2;89.2;74.9;752;15;15;0;14017;19.070;28.832;37.955;
4G;FDD;15;SISO;1;anecoica;2;89.7;75.3;1192;15;15;0;14017;18.778;28.606;37.629;
4G;FDD;15;SISO;1;anecoica;2;89.5;75.0;584;15;15;0;14017;18.970;28.115;37.066;
4G;FDD;15;SISO;1;anecoica;2;89.4;75.0;1027;15;15;0;14017;18.988;29.081;37.980;
4G;FDD;15;SISO;1;anecoica;2;88.9;74.6;865;15;15;0;14017;19.737;29.050;38.078;
4G;FDD;15;SISO;1;anecoica;2;89.2;74.9;639;15;15;0;14019;18.980;28.971;37.951;
4G;FDD;15;SISO;1;anecoica;2;89.5;75.1;1055;15;15;0;14017;18.952;28.111;37.765;
4G;FDD;15;SISO;1;anecoica;2;89.3;74.9;865;15;15;0;14016;19.016;29.218;37.943;
4G;FDD;15;SISO;1;anecoica;2;89.4;75.0;1676;15;15;0;14013;18.942;29.628;37.488;
4G;FDD;15;SISO;1;anecoica;2;89.5;75.1;1527;15;15;0;14017;19.956;28.897;37.948;
4G;FDD;15;SISO;1;anecoica;2;89.6;75.2;1329;15;15;0;14019;18.940;28.111;37.024;
4G;FDD;15;SISO;1;anecoica;2;89.5;75.0;730;15;15;0;14019;13.991;26.074;35.957;
4G;FDD;15;SISO;1;anecoica;2;89.3;74.9;874;15;15;0;14017;19.930;30.021;37.996;
4G;FDD;15;SISO;1;anecoica;3;89.3;74.9;804;15;15;0;14015;19.934;28.920;37.972;
4G;FDD;15;SISO;1;anecoica;3;89.4;75.0;959;15;15;0;14016;18.991;28.036;37.960;
4G;FDD;15;SISO;1;anecoica;3;89.3;74.9;881;15;15;0;14014;18.400;28.103;36.965;
4G;FDD;15;SISO;1;anecoica;3;89.6;75.2;487;15;15;0;14014;18.915;27.051;37.693;
4G;FDD;15;SISO;1;anecoica;3;89.0;74.6;1008;15;15;0;14018;19.005;28.825;37.979;
4G;FDD;15;SISO;1;anecoica;3;89.4;75.0;1231;15;15;0;14017;19.066;28.811;38.275;
4G;FDD;15;SISO;1;anecoica;3;89.6;75.1;1113;15;15;0;14015;19.903;29.197;38.031;
4G;FDD;15;SISO;1;anecoica;3;89.3;74.9;900;15;15;0;14019;19.777;28.663;38.161;
4G;FDD;15;SISO;1;anecoica;3;89.3;74.9;935;15;15;0;14019;19.022;29.008;37.939;
4G;FDD;15;SISO;1;anecoica;3;89.4;75.0;857;15;15;0;14017;19.949;29.545;38.034;
4G;FDD;15;SISO;1;anecoica;3;89.0;74.7;366;15;15;0;14017;18.912;28.454;37.758;
4G;FDD;15;SISO;1;anecoica;3;89.4;74.9;726;15;15;0;14016;20.906;30.394;38.983;
4G;FDD;15;SISO;1;anecoica;3;89.6;75.2;811;15;15;0;14018;19.017;28.649;38.112;
4G;FDD;15;SISO;1;anecoica;3;89.5;75.1;927;15;15;0;14017;18.931;28.437;37.767;
4G;FDD;15;SISO;1;anecoica;3;89.4;75.0;646;15;15;0;14019;19.070;28.827;37.917;
4G;FDD;15;SISO;1;anecoica;3;89.5;75.1;1312;15;15;0;14018;19.026;27.701;37.942;
4G;FDD;15;SISO;1;anecoica;3;89.6;75.2;1429;15;15;0;14016;19.952;28.556;37.982;
4G;FDD;15;SISO;1;anecoica;3;89.1;74.8;806;15;15;0;14016;18.934;28.318;37.871;
4G;FDD;15;SISO;1;anecoica;3;89.3;74.9;707;15;15;0;14017;18.961;27.559;36.942;
4G;FDD;15;SISO;1;anecoica;3;89.5;75.1;654;15;15;0;14014;19.040;27.917;37.939;
4G;FDD;15;SISO;1;rever;1;81.1;68.0;1650;15;15;0;14019;20.930;29.990;41.962;
4G;FDD;15;SISO;1;rever;1;83.9;70.4;2167;15;15;0;14018;19.454;36.186;44.965;
4G;FDD;15;SISO;1;rever;1;85.2;71.5;1603;15;15;0;14016;21.011;33.902;46.896;
4G;FDD;15;SISO;1;rever;1;86.2;72.3;2007;15;15;0;14017;19.834;30.931;51.700;
4G;FDD;15;SISO;1;rever;1;84.7;71.1;1566;15;15;0;14019;18.397;30.777;50.851;
4G;FDD;15;SISO;1;rever;1;85.8;72.0;1779;15;15;0;14017;22.941;34.814;54.000;
4G;FDD;15;SISO;1;rever;1;85.4;71.6;1866;15;15;0;14018;25.028;34.287;48.328;
4G;FDD;15;SISO;1;rever;1;86.2;72.3;1616;15;15;0;14018;18.810;32.218;44.885;
4G;FDD;15;SISO;1;rever;1;82.7;69.4;1115;15;15;0;14004;18.952;32.727;53.933;
4G;FDD;15;SISO;1;rever;1;82.4;69.1;2162;15;15;0;14003;19.956;35.322;52.966;
4G;FDD;15;SISO;1;rever;1;81.3;68.2;2013;15;15;0;14017;21.435;32.629;44.983;
4G;FDD;15;SISO;1;rever;1;83.7;70.2;1750;15;15;0;14019;19.732;30.905;41.000;
4G;FDD;15;SISO;1;rever;1;86.0;72.1;1396;15;15;0;14018;19.184;34.472;53.827;
4G;FDD;15;SISO;1;rever;1;84.6;71.0;2131;15;15;0;14037;21.123;99.709;1.059.895;
4G;FDD;15;SISO;1;rever;1;85.7;71.9;1858;15;15;0;14016;20.822;29.879;38.149;
4G;FDD;15;SISO;1;rever;1;83.5;70.0;1520;15;15;0;14017;20.998;33.957;45.011;
4G;FDD;15;SISO;1;rever;1;86.2;72.3;1308;15;15;0;14005;18.986;35.953;52.983;
4G;FDD;15;SISO;1;rever;1;84.6;71.0;1641;15;15;0;14014;18.933;31.395;45.920;
4G;FDD;15;SISO;1;rever;1;82.8;69.4;1216;15;15;0;14019;20.929;31.040;48.919;
4G;FDD;15;SISO;1;rever;1;86.2;72.3;2562;15;15;0;14019;18.983;97.449;1.037.956;
4G;FDD;15;SISO;1;rever;2;89.3;74.9;754;15;15;0;14018;19.938;30.351;37.966;
4G;FDD;15;SISO;1;rever;2;89.2;74.8;906;15;15;0;14000;26.976;28.265;29.892;
4G;FDD;15;SISO;1;rever;2;89.1;74.8;500;15;15;0;14016;13.992;27.621;37.833;
4G;FDD;15;SISO;1;rever;2;89.5;75.1;975;15;15;0;14017;18.802;27.940;37.659;
4G;FDD;15;SISO;1;rever;2;89.4;75.0;1513;15;15;0;14016;18.983;28.333;38.031;
4G;FDD;15;SISO;1;rever;2;89.4;75.0;1115;15;15;0;14017;18.965;27.692;37.051;
4G;FDD;15;SISO;1;rever;2;89.6;75.1;1585;15;15;0;14020;18.931;27.811;37.031;
4G;FDD;15;SISO;1;rever;2;89.9;75.4;1072;15;15;0;14017;18.803;28.400;37.399;
4G;FDD;15;SISO;1;rever;2;89.0;74.7;875;15;15;0;14033;19.005;95.326;1.045.963;
4G;FDD;15;SISO;1;rever;2;89.5;75.1;575;15;15;0;14019;19.933;43.745;252.956;
4G;FDD;15;SISO;1;rever;2;89.4;75.0;896;15;15;0;14017;18.948;27.951;37.018;
4G;FDD;15;SISO;1;rever;2;89.4;75.0;2092;15;15;0;14011;18.890;29.998;37.863;
4G;FDD;15;SISO;1;rever;2;89.4;75.0;939;15;15;0;14017;18.464;28.117;36.996;
4G;FDD;15;SISO;1;rever;2;89.3;74.9;1800;15;15;0;14016;18.894;28.000;37.896;
4G;FDD;15;SISO;1;rever;2;89.3;74.9;1342;15;15;0;14018;18.974;28.322;37.954;
4G;FDD;15;SISO;1;rever;2;89.2;74.8;866;15;15;0;14018;19.967;28.567;37.911;
4G;FDD;15;SISO;1;rever;2;89.5;75.1;972;15;15;0;14017;19.006;28.716;38.000;
4G;FDD;15;SISO;1;rever;2;89.7;75.2;1220;15;15;0;14016;18.811;27.922;37.061;
4G;FDD;15;SISO;1;rever;2;89.5;75.1;852;15;15;0;14015;19.794;28.805;38.006;
4G;FDD;15;SISO;1;rever;2;90.0;75.5;1218;15;15;0;14014;19.015;27.604;38.203;
4G;FDD;15;SISO;1;rever;3;89.3;74.9;821;15;15;0;14015;18.991;27.328;37.964;
4G;FDD;15;SISO;1;rever;3;89.3;74.9;963;15;15;0;14013;18.959;26.718;38.074;
4G;FDD;15;SISO;1;rever;3;89.6;75.2;997;15;15;0;14016;18.919;62.273;553.938;
4G;FDD;15;SISO;1;rever;3;89.5;75.1;1453;15;15;0;14013;19.000;28.114;37.989;
4G;FDD;15;SISO;1;rever;3;89.6;75.2;1204;15;15;0;14009;18.916;26.331;38.112;
4G;FDD;15;SISO;1;rever;3;89.3;74.9;874;15;15;0;14015;12.932;26.855;37.371;
4G;FDD;15;SISO;1;rever;3;89.2;74.8;1227;15;15;0;14012;19.033;27.032;38.081;
4G;FDD;15;SISO;1;rever;3;89.7;75.3;1486;15;15;0;14014;18.928;26.061;37.527;
4G;FDD;15;SISO;1;rever;3;89.5;75.1;810;15;15;0;14017;19.008;28.762;38.007;
4G;FDD;15;SISO;1;rever;3;89.7;75.2;1145;15;15;0;14002;25.966;27.028;28.194;
4G;FDD;15;SISO;1;rever;3;89.7;75.3;1220;15;15;0;14015;15.048;26.052;37.577;
4G;FDD;15;SISO;1;rever;3;89.4;75.0;686;15;15;0;14012;18.721;25.943;37.702;
4G;FDD;15;SISO;1;rever;3;89.7;75.2;1053;15;15;0;14016;19.075;28.534;38.011;
4G;FDD;15;SISO;1;rever;3;89.5;75.1;859;15;15;0;14016;18.885;27.782;37.422;
4G;FDD;15;SISO;1;rever;3;89.4;75.0;1084;15;15;0;14014;14.907;26.365;37.890;
4G;FDD;15;SISO;1;rever;3;89.0;74.6;1371;15;15;0;14040;20.557;95.881;1.059.604;
4G;FDD;15;SISO;1;rever;3;89.2;74.8;1147;15;15;0;14012;19.002;28.397;38.013;
4G;FDD;15;SISO;1;rever;3;89.5;75.1;1292;15;15;0;14015;19.434;28.641;37.979;
4G;FDD;15;SISO;1;rever;3;89.0;74.7;1328;15;15;0;14013;16.093;25.718;37.897;
4G;FDD;15;SISO;1;rever;3;89.1;74.8;955;15;15;0;14015;12.987;26.546;37.604;
4G;FDD;20;MIMO;1;anecoica;1;97.2;81.5;1318;15;15;0;14013;23.941;42.067;92.996;
4G;FDD;20;MIMO;1;anecoica;1;97.7;81.9;1627;15;15;0;14015;27.089;39.765;53.058;
4G;FDD;20;MIMO;1;anecoica;1;97.8;82.0;2640;15;15;0;14014;27.110;42.897;53.928;
4G;FDD;20;MIMO;1;anecoica;1;96.9;81.3;1439;15;15;0;14031;29.014;139.411;1.068.970;
4G;FDD;20;MIMO;1;anecoica;1;97.2;81.5;2132;15;15;0;14040;27.969;109.682;1.066.087;
4G;FDD;20;MIMO;1;anecoica;1;97.3;81.6;1205;15;15;0;14070;27.912;178.674;1.080.693;
4G;FDD;20;MIMO;1;anecoica;1;97.4;81.7;1290;15;15;0;14014;26.975;41.510;53.018;
4G;FDD;20;MIMO;1;anecoica;1;97.4;81.7;1561;15;15;0;14016;27.924;40.996;53.107;
4G;FDD;20;MIMO;1;anecoica;1;97.3;81.6;1355;15;15;0;14016;27.264;40.776;54.126;
4G;FDD;20;MIMO;1;anecoica;1;96.5;80.9;1163;15;15;0;14026;27.932;105.840;1.053.641;
4G;FDD;20;MIMO;1;anecoica;1;96.8;81.2;969;15;15;0;14012;27.031;41.077;53.982;
4G;FDD;20;MIMO;1;anecoica;1;97.1;81.5;1234;15;15;0;14014;27.854;99.241;907.885;
4G;FDD;20;MIMO;1;anecoica;1;97.3;81.6;1173;15;15;0;14000;33.036;39.620;41.868;
4G;FDD;20;MIMO;1;anecoica;1;97.2;81.6;1920;15;15;0;14015;27.044;41.015;52.994;
4G;FDD;20;MIMO;1;anecoica;1;97.6;81.9;1466;15;15;0;14029;26.461;106.832;1.064.045;
4G;FDD;20;MIMO;1;anecoica;1;97.0;81.4;1684;15;14;6;14014;31.954;41.283;52.969;
4G;FDD;20;MIMO;1;anecoica;1;97.8;82.0;1881;15;15;0;14014;34.813;44.313;52.991;
4G;FDD;20;MIMO;1;anecoica;1;96.8;81.2;1867;15;14;6;14008;27.236;42.529;54.056;
4G;FDD;20;MIMO;1;anecoica;1;97.1;81.4;1941;15;15;0;14015;22.097;41.555;54.058;
4G;FDD;20;MIMO;1;anecoica;1;97.2;81.5;1068;15;15;0;14037;28.925;109.070;1.064.968;
4G;FDD;20;MIMO;1;anecoica;2;193;162;1287;15;15;0;14015;19.253;29.135;38.071;
4G;FDD;20;MIMO;1;anecoica;2;191;160;1467;15;15;0;14016;19.961;29.348;37.864;
4G;FDD;20;MIMO;1;anecoica;2;193;162;1433;15;15;0;14017;19.959;70.608;648.851;
4G;FDD;20;MIMO;1;anecoica;2;194;163;1612;15;15;0;14019;19.055;27.907;38.050;
4G;FDD;20;MIMO;1;anecoica;2;189;159;1300;15;15;0;14019;19.959;29.036;37.904;
4G;FDD;20;MIMO;1;anecoica;2;193;162;1904;15;15;0;14017;19.837;29.446;38.759;
4G;FDD;20;MIMO;1;anecoica;2;193;162;1522;15;15;0;14014;18.945;40.857;182.783;
4G;FDD;20;MIMO;1;anecoica;2;193;162;1695;15;15;0;14029;26.929;167.603;1.044.813;
4G;FDD;20;MIMO;1;anecoica;2;190;160;1758;15;15;0;14014;18.905;28.306;38.044;
4G;FDD;20;MIMO;1;anecoica;2;190;159;1453;15;15;0;14018;18.803;27.618;37.642;
4G;FDD;20;MIMO;1;anecoica;2;193;162;2913;15;15;0;14015;18.988;28.323;37.922;
4G;FDD;20;MIMO;1;anecoica;2;192;161;1846;15;15;0;14017;19.014;28.209;37.891;
4G;FDD;20;MIMO;1;anecoica;2;191;161;1748;15;15;0;14019;19.094;28.771;37.869;
4G;FDD;20;MIMO;1;anecoica;2;192;161;1207;15;15;0;14016;18.961;28.655;37.984;
4G;FDD;20;MIMO;1;anecoica;2;192;161;1561;15;15;0;14008;19.033;31.907;41.988;
4G;FDD;20;MIMO;1;anecoica;2;192;161;1483;15;15;0;14014;19.052;28.264;37.859;
4G;FDD;20;MIMO;1;anecoica;2;193;162;2085;15;15;0;14016;18.867;28.050;36.944;
4G;FDD;20;MIMO;1;anecoica;2;193;162;1358;15;15;0;14041;20.099;296.207;1.045.314;
4G;FDD;20;MIMO;1;anecoica;2;193;162;2195;15;15;0;14019;19.847;29.713;38.053;
4G;FDD;20;MIMO;1;anecoica;2;192;161;2158;15;15;0;14022;19.009;96.773;1.043.548;
4G;FDD;20;MIMO;1;anecoica;3;198;166;1049;15;15;0;14019;18.984;28.982;38.097;
4G;FDD;20;MIMO;1;anecoica;3;197;165;1381;15;15;0;14016;19.048;27.600;37.814;
4G;FDD;20;MIMO;1;anecoica;3;196;164;1013;15;15;0;14016;18.902;27.456;37.745;
4G;FDD;20;MIMO;1;anecoica;3;196;164;881;15;15;0;14015;19.016;29.703;38.003;
4G;FDD;20;MIMO;1;anecoica;3;197;165;861;15;15;0;14017;19.178;27.907;37.774;
4G;FDD;20;MIMO;1;anecoica;3;196;165;983;15;15;0;14015;18.942;28.014;37.032;
4G;FDD;20;MIMO;1;anecoica;3;195;164;797;15;15;0;14027;19.775;94.631;1.032.022;
4G;FDD;20;MIMO;1;anecoica;3;194;162;1130;15;15;0;14016;19.873;28.735;38.022;
4G;FDD;20;MIMO;1;anecoica;3;197;165;817;15;15;0;14016;18.789;27.230;37.094;
4G;FDD;20;MIMO;1;anecoica;3;196;165;861;15;15;0;14016;19.102;28.736;37.976;
4G;FDD;20;MIMO;1;anecoica;3;195;164;605;15;15;0;14015;19.947;28.406;37.862;
4G;FDD;20;MIMO;1;anecoica;3;195;163;773;15;15;0;14020;19.903;28.537;37.941;
4G;FDD;20;MIMO;1;anecoica;3;198;166;668;15;15;0;14010;18.988;30.897;38.023;
4G;FDD;20;MIMO;1;anecoica;3;195;163;714;15;15;0;14016;19.934;29.613;37.996;
4G;FDD;20;MIMO;1;anecoica;3;195;164;1267;15;15;0;14041;19.957;96.112;1.051.999;
4G;FDD;20;MIMO;1;anecoica;3;196;164;949;15;15;0;14016;19.855;28.783;37.969;
4G;FDD;20;MIMO;1;anecoica;3;195;164;945;15;15;0;14017;19.886;29.105;37.980;
4G;FDD;20;MIMO;1;anecoica;3;195;163;618;15;15;0;14046;21.525;160.550;1.042.758;
4G;FDD;20;MIMO;1;anecoica;3;195;164;901;15;15;0;14029;19.014;92.385;1.041.010;
4G;FDD;20;MIMO;1;anecoica;3;196;165;708;15;15;0;14017;18.835;27.954;36.966;
4G;FDD;20;MIMO;1;rever;1;173;145;1557;15;15;0;14016;19.929;60.300;410.064;
4G;FDD;20;MIMO;1;rever;1;173;145;2013;15;15;0;14015;19.999;35.360;52.057;
4G;FDD;20;MIMO;1;rever;1;175;147;1242;15;15;0;14015;19.859;37.163;52.999;
4G;FDD;20;MIMO;1;rever;1;173;145;1615;15;15;0;14017;23.852;36.794;50.026;
4G;FDD;20;MIMO;1;rever;1;173;145;2170;15;15;0;14017;18.844;82.152;741.893;
4G;FDD;20;MIMO;1;rever;1;174;146;1350;15;14;6;14016;21.093;36.325;52.029;
4G;FDD;20;MIMO;1;rever;1;174;146;2237;15;15;0;14012;20.093;36.483;49.762;
4G;FDD;20;MIMO;1;rever;1;175;147;2304;15;15;0;14013;19.097;38.043;54.046;
4G;FDD;20;MIMO;1;rever;1;174;146;1022;15;15;0;14014;19.916;36.616;51.852;
4G;FDD;20;MIMO;1;rever;1;175;146;1339;15;15;0;14017;18.909;36.583;53.928;
4G;FDD;20;MIMO;1;rever;1;174;146;1312;15;14;6;14003;22.072;33.473;41.048;
4G;FDD;20;MIMO;1;rever;1;175;147;2036;15;15;0;14015;25.993;36.252;50.959;
4G;FDD;20;MIMO;1;rever;1;174;146;1586;15;15;0;14016;18.897;34.788;45.983;
4G;FDD;20;MIMO;1;rever;1;173;145;1470;15;15;0;14017;18.948;36.172;51.126;
4G;FDD;20;MIMO;1;rever;1;175;147;2035;15;15;0;14016;20.926;35.851;46.003;
4G;FDD;20;MIMO;1;rever;1;172;144;1410;15;15;0;14033;19.906;106.333;1.051.106;
4G;FDD;20;MIMO;1;rever;1;174;146;1723;15;15;0;14017;23.931;35.923;53.930;
4G;FDD;20;MIMO;1;rever;1;175;147;2303;15;15;0;14016;19.864;34.810;50.940;
4G;FDD;20;MIMO;1;rever;1;173;145;2542;15;15;0;14034;19.259;103.324;1.039.789;
4G;FDD;20;MIMO;1;rever;1;174;146;1818;15;15;0;14024;19.952;101.180;1.047.978;
4G;FDD;20;MIMO;1;rever;2;216;182;2002;15;15;0;14015;19.904;28.757;37.969;
4G;FDD;20;MIMO;1;rever;2;206;173;1975;15;15;0;14038;28.827;106.864;1.056.072;
4G;FDD;20;MIMO;1;rever;2;204;171;2191;15;15;0;14037;30.690;109.879;1.052.333;
4G;FDD;20;MIMO;1;rever;2;206;172;1964;15;15;0;14013;26.885;39.325;51.613;
4G;FDD;20;MIMO;1;rever;2;209;175;2275;15;15;0;14025;26.698;106.639;1.037.069;
4G;FDD;20;MIMO;1;rever;2;202;169;1527;15;15;0;14016;26.699;39.510;52.980;
4G;FDD;20;MIMO;1;rever;2;211;177;2158;15;15;0;14017;29.500;41.188;52.902;
4G;FDD;20;MIMO;1;rever;2;208;175;1530;15;15;0;14017;30.934;43.015;52.917;
4G;FDD;20;MIMO;1;rever;2;208;174;1238;15;15;0;14016;26.995;39.412;51.896;
4G;FDD;20;MIMO;1;rever;2;209;175;1526;15;15;0;14016;26.935;41.214;53.791;
4G;FDD;20;MIMO;1;rever;2;210;176;2012;15;15;0;14017;26.988;41.404;53.948;
4G;FDD;20;MIMO;1;rever;2;207;174;1276;15;15;0;14047;34.441;111.794;1.065.973;
4G;FDD;20;MIMO;1;rever;2;206;173;1691;15;15;0;14015;27.431;40.234;51.500;
4G;FDD;20;MIMO;1;rever;2;203;171;1695;15;15;0;14055;27.592;178.853;1.067.916;
4G;FDD;20;MIMO;1;rever;2;204;171;2255;15;15;0;14015;27.933;41.696;53.056;
4G;FDD;20;MIMO;1;rever;2;203;171;1320;15;15;0;14015;28.011;40.557;51.737;
4G;FDD;20;MIMO;1;rever;2;208;175;1287;15;15;0;14030;28.994;103.942;1.069.827;
4G;FDD;20;MIMO;1;rever;2;207;174;2344;15;15;0;14014;26.904;57.492;287.090;
4G;FDD;20;MIMO;1;rever;2;207;174;2087;15;15;0;14016;27.964;43.108;54.034;
4G;FDD;20;MIMO;1;rever;2;210;176;2136;15;15;0;14015;27.882;40.830;52.973;
4G;FDD;20;MIMO;1;rever;3;78.6;66.0;858;15;15;0;14011;18.597;72.013;756.986;
4G;FDD;20;MIMO;1;rever;3;79.2;66.5;1250;15;15;0;14016;18.985;28.960;38.023;
4G;FDD;20;MIMO;1;rever;3;80.4;67.4;1463;15;15;0;14004;23.994;48.533;364.974;
4G;FDD;20;MIMO;1;rever;3;78.4;65.8;1354;15;15;0;14036;19.054;124.960;1.056.387;
4G;FDD;20;MIMO;1;rever;3;77.2;64.8;913;15;15;0;14014;18.770;26.700;36.960;
4G;FDD;20;MIMO;1;rever;3;80.8;67.8;1288;15;15;0;14016;19.057;28.365;37.960;
4G;FDD;20;MIMO;1;rever;3;79.9;67.0;2631;15;15;0;14017;18.826;92.892;1.035.980;
4G;FDD;20;MIMO;1;rever;3;79.3;66.5;1444;15;15;0;14014;19.871;28.923;38.013;
4G;FDD;20;MIMO;1;rever;3;80.3;67.4;1347;15;15;0;14014;18.999;29.181;37.996;
4G;FDD;20;MIMO;1;rever;3;79.7;66.8;1157;15;15;0;14019;22.876;98.079;1.042.044;
4G;FDD;20;MIMO;1;rever;3;79.9;67.0;1566;15;15;0;14015;18.928;27.727;37.069;
4G;FDD;20;MIMO;1;rever;3;78.9;66.2;1053;15;15;0;14029;18.808;92.260;1.034.055;
4G;FDD;20;MIMO;1;rever;3;80.6;67.6;1489;15;15;0;14015;19.132;29.208;37.923;
4G;FDD;20;MIMO;1;rever;3;80.4;67.5;827;15;15;0;14055;19.306;164.954;1.054.191;
4G;FDD;20;MIMO;1;rever;3;79.9;67.0;867;15;15;0;14058;22.969;298.733;1.062.000;
4G;FDD;20;MIMO;1;rever;3;80.0;67.1;1567;15;15;0;14012;18.982;26.392;38.057;
4G;FDD;20;MIMO;1;rever;3;80.2;67.3;902;15;15;0;14015;19.007;28.318;37.927;
4G;FDD;20;MIMO;1;rever;3;80.5;67.5;1514;15;15;0;14015;19.108;36.148;136.909;
4G;FDD;20;MIMO;1;rever;3;80.6;67.6;1535;15;15;0;14015;19.024;27.470;37.906;
4G;FDD;20;MIMO;1;rever;3;79.8;66.9;1305;15;15;0;14013;18.940;27.049;37.076;
4G;FDD;20;SISO;1;anecoica;1;108;90.5;589;15;15;0;14016;18.976;28.227;37.896;
4G;FDD;20;SISO;1;anecoica;1;109;91.2;871;15;15;0;14018;18.701;28.178;37.037;
4G;FDD;20;SISO;1;anecoica;1;110;92.2;1515;15;15;0;14014;17.982;26.459;37.876;
4G;FDD;20;SISO;1;anecoica;1;109;91.2;1342;15;15;0;14014;19.017;28.717;38.000;
4G;FDD;20;SISO;1;anecoica;1;109;91.1;1704;15;15;0;14013;18.967;27.310;37.470;
4G;FDD;20;SISO;1;anecoica;1;109;91.1;1058;15;15;0;14013;14.990;25.167;37.093;
4G;FDD;20;SISO;1;anecoica;1;110;92.1;868;15;15;0;14013;18.980;27.176;37.977;
4G;FDD;20;SISO;1;anecoica;1;109;91.2;806;15;15;0;14016;18.986;28.405;37.862;
4G;FDD;20;SISO;1;anecoica;1;110;92.6;866;15;15;0;14011;19.012;27.335;37.972;
4G;FDD;20;SISO;1;anecoica;1;110;92.1;2390;15;15;0;14015;19.036;27.455;38.004;
4G;FDD;20;SISO;1;anecoica;1;109;91.3;1656;15;15;0;14014;18.909;27.570;37.470;
4G;FDD;20;SISO;1;anecoica;1;110;92.3;1308;15;15;0;14014;18.991;27.954;38.035;
4G;FDD;20;SISO;1;anecoica;1;109;91.4;2193;15;15;0;14016;18.922;27.883;37.788;
4G;FDD;20;SISO;1;anecoica;1;109;91.6;1081;15;15;0;14012;19.014;26.314;38.192;
4G;FDD;20;SISO;1;anecoica;1;109;91.8;1750;15;15;0;14013;19.031;27.395;38.017;
4G;FDD;20;SISO;1;anecoica;1;108;90.8;1091;15;15;0;14014;18.974;26.495;37.947;
4G;FDD;20;SISO;1;anecoica;1;109;91.5;984;15;15;0;14015;19.718;28.903;38.166;
4G;FDD;20;SISO;1;anecoica;1;108;91.0;865;15;15;0;14018;20.970;30.243;39.104;
4G;FDD;20;SISO;1;anecoica;1;109;91.5;1031;15;15;0;14027;18.963;92.496;1.035.956;
4G;FDD;20;SISO;1;anecoica;1;109;91.3;873;15;15;0;14019;22.604;97.547;1.041.115;
4G;FDD;20;SISO;1;anecoica;2;115;96.9;1121;15;15;0;14016;18.972;44.590;245.950;
4G;FDD;20;SISO;1;anecoica;2;115;96.7;691;15;15;0;14017;18.849;28.863;37.901;
4G;FDD;20;SISO;1;anecoica;2;116;96.9;934;15;15;0;14019;18.657;27.770;36.920;
4G;FDD;20;SISO;1;anecoica;2;116;97.1;961;15;15;0;14016;19.008;28.152;37.973;
4G;FDD;20;SISO;1;anecoica;2;115;96.8;1061;15;15;0;14018;18.423;27.897;37.245;
4G;FDD;20;SISO;1;anecoica;2;115;96.7;643;15;15;0;14037;19.952;97.668;1.046.891;
4G;FDD;20;SISO;1;anecoica;2;115;96.9;756;15;15;0;14019;19.871;29.103;38.260;
4G;FDD;20;SISO;1;anecoica;2;115;96.8;1332;15;15;0;14019;18.946;28.706;37.329;
4G;FDD;20;SISO;1;anecoica;2;116;96.9;1021;15;15;0;14016;18.985;28.394;37.924;
4G;FDD;20;SISO;1;anecoica;2;115;96.8;1522;15;15;0;14018;19.965;28.818;38.008;
4G;FDD;20;SISO;1;anecoica;2;116;97.0;890;15;15;0;14015;18.983;29.360;38.484;
4G;FDD;20;SISO;1;anecoica;2;115;96.8;1076;15;15;0;14019;19.019;29.333;37.966;
4G;FDD;20;SISO;1;anecoica;2;115;96.7;999;15;15;0;14015;18.969;28.985;37.959;
4G;FDD;20;SISO;1;anecoica;2;116;97.0;878;15;15;0;14019;19.899;28.835;37.973;
4G;FDD;20;SISO;1;anecoica;2;116;97.1;913;15;15;0;14017;18.995;28.474;37.982;
4G;FDD;20;SISO;1;anecoica;2;115;96.5;1081;15;15;0;14018;18.957;28.037;37.094;
4G;FDD;20;SISO;1;anecoica;2;116;97.1;783;15;15;0;14036;19.054;95.655;1.040.981;
4G;FDD;20;SISO;1;anecoica;2;115;96.6;680;15;15;0;14017;18.977;28.050;37.992;
4G;FDD;20;SISO;1;anecoica;2;116;96.9;857;15;15;0;14015;19.941;95.698;1.022.848;
4G;FDD;20;SISO;1;anecoica;2;116;97.4;733;15;15;0;14015;19.217;28.441;37.954;
4G;FDD;20;SISO;1;anecoica;3;116;96.9;699;15;15;0;14015;19.900;28.995;37.894;
4G;FDD;20;SISO;1;anecoica;3;115;96.8;965;15;15;0;14018;18.986;28.733;38.042;
4G;FDD;20;SISO;1;anecoica;3;113;94.9;657;15;15;0;14017;18.991;28.835;37.981;
4G;FDD;20;SISO;1;anecoica;3;115;96.7;1049;15;15;0;14016;18.868;28.324;37.701;
4G;FDD;20;SISO;1;anecoica;3;116;96.9;800;15;15;0;14018;18.983;28.668;38.003;
4G;FDD;20;SISO;1;anecoica;3;116;96.9;1276;15;15;0;14015;18.960;28.371;37.948;
4G;FDD;20;SISO;1;anecoica;3;116;96.9;643;15;15;0;14018;18.946;28.499;37.856;
4G;FDD;20;SISO;1;anecoica;3;116;96.9;907;15;15;0;14017;19.879;29.056;37.971;
4G;FDD;20;SISO;1;anecoica;3;116;97.1;808;15;15;0;14016;18.666;28.125;37.498;
4G;FDD;20;SISO;1;anecoica;3;116;97.0;1205;15;15;0;14020;19.935;28.918;37.964;
4G;FDD;20;SISO;1;anecoica;3;115;96.9;919;15;15;0;14018;18.927;28.208;37.005;
4G;FDD;20;SISO;1;anecoica;3;115;96.7;626;15;15;0;14019;19.009;29.212;37.929;
4G;FDD;20;SISO;1;anecoica;3;115;96.8;2071;15;15;0;14017;19.744;28.987;37.971;
4G;FDD;20;SISO;1;anecoica;3;116;96.9;436;15;15;0;14015;18.678;28.207;37.650;
4G;FDD;20;SISO;1;anecoica;3;115;96.6;742;15;15;0;14015;18.975;28.486;37.881;
4G;FDD;20;SISO;1;anecoica;3;116;97.3;889;15;15;0;14015;18.968;29.416;38.000;
4G;FDD;20;SISO;1;anecoica;3;115;96.7;878;15;15;0;14017;18.595;28.040;37.913;
4G;FDD;20;SISO;1;anecoica;3;116;97.1;895;15;15;0;14017;18.784;27.579;37.038;
4G;FDD;20;SISO;1;anecoica;3;116;97.0;569;15;15;0;14018;19.540;29.055;37.997;
4G;FDD;20;SISO;1;anecoica;3;115;96.7;829;15;15;0;14018;19.018;29.112;37.955;
4G;FDD;20;SISO;1;rever;1;116;97.1;1215;15;15;0;14019;19.009;28.986;37.935;
4G;FDD;20;SISO;1;rever;1;116;97.1;1075;15;15;0;14016;19.553;29.234;38.013;
4G;FDD;20;SISO;1;rever;1;115;96.2;1946;15;15;0;14015;18.983;35.998;52.647;
4G;FDD;20;SISO;1;rever;1;115;96.5;2205;15;15;0;14015;20.946;35.585;53.330;
4G;FDD;20;SISO;1;rever;1;116;97.1;2197;15;15;0;14019;20.420;33.148;51.718;
4G;FDD;20;SISO;1;rever;1;115;96.6;1762;15;15;0;14020;20.004;32.740;44.966;
4G;FDD;20;SISO;1;rever;1;116;96.9;1991;15;15;0;14035;19.384;103.179;1.052.949;
4G;FDD;20;SISO;1;rever;1;115;96.7;2067;15;15;0;14019;19.123;35.465;50.926;
4G;FDD;20;SISO;1;rever;1;116;97.1;1556;15;15;0;14015;19.916;34.928;53.004;
4G;FDD;20;SISO;1;rever;1;115;96.6;1713;15;15;0;14018;19.966;37.412;53.046;
4G;FDD;20;SISO;1;rever;1;116;97.0;1635;15;15;0;14014;18.345;35.532;51.760;
4G;FDD;20;SISO;1;rever;1;116;97.0;1817;15;15;0;14015;19.188;36.818;51.910;
4G;FDD;20;SISO;1;rever;1;114;95.9;1928;15;15;0;14017;20.091;34.122;49.962;
4G;FDD;20;SISO;1;rever;1;115;96.8;1988;15;15;0;14015;23.867;38.616;52.880;
4G;FDD;20;SISO;1;rever;1;115;96.8;2412;15;15;0;14015;24.988;37.782;52.995;
4G;FDD;20;SISO;1;rever;1;115;96.6;1660;15;15;0;14018;22.988;37.140;54.145;
4G;FDD;20;SISO;1;rever;1;116;97.0;2135;15;15;0;14017;18.986;37.521;53.016;
4G;FDD;20;SISO;1;rever;1;115;96.8;2353;15;15;0;14014;25.909;39.409;52.974;
4G;FDD;20;SISO;1;rever;1;116;96.9;1395;15;15;0;14017;20.043;36.736;52.012;
4G;FDD;20;SISO;1;rever;1;116;97.0;1455;15;15;0;14014;22.772;40.216;53.937;
4G;FDD;20;SISO;1;rever;2;116;97.1;825;15;15;0;14015;19.096;27.744;37.836;
4G;FDD;20;SISO;1;rever;2;115;96.7;832;15;15;0;14016;18.897;27.106;36.947;
4G;FDD;20;SISO;1;rever;2;116;97.0;853;15;15;0;14016;18.884;27.580;37.003;
4G;FDD;20;SISO;1;rever;2;115;96.9;482;15;15;0;14016;19.303;28.332;37.964;
4G;FDD;20;SISO;1;rever;2;116;97.0;1055;15;15;0;14018;19.018;28.018;37.939;
4G;FDD;20;SISO;1;rever;2;115;96.8;865;15;15;0;14018;19.116;28.472;37.827;
4G;FDD;20;SISO;1;rever;2;116;97.1;1114;15;15;0;14017;19.908;28.956;37.940;
4G;FDD;20;SISO;1;rever;2;116;97.0;512;15;15;0;14018;20.012;29.764;38.927;
4G;FDD;20;SISO;1;rever;2;116;96.9;797;15;15;0;14020;19.022;28.652;37.978;
4G;FDD;20;SISO;1;rever;2;116;96.9;1004;15;15;0;14015;18.960;27.849;36.961;
4G;FDD;20;SISO;1;rever;2;115;96.8;1092;15;15;0;14017;18.945;27.743;36.970;
4G;FDD;20;SISO;1;rever;2;116;97.0;983;15;15;0;14016;18.917;28.269;37.016;
4G;FDD;20;SISO;1;rever;2;116;97.1;582;15;15;0;14016;19.015;29.387;37.997;
4G;FDD;20;SISO;1;rever;2;116;97.1;900;15;15;0;14018;19.001;28.287;37.956;
4G;FDD;20;SISO;1;rever;2;116;97.1;862;15;15;0;14013;19.005;29.639;37.931;
4G;FDD;20;SISO;1;rever;2;115;96.7;935;15;15;0;14018;19.954;29.479;38.017;
4G;FDD;20;SISO;1;rever;2;115;96.6;679;15;15;0;14018;19.946;29.219;37.925;
4G;FDD;20;SISO;1;rever;2;115;96.7;603;15;15;0;14015;19.675;28.657;38.233;
4G;FDD;20;SISO;1;rever;2;115;96.7;853;15;15;0;14016;19.030;28.697;37.909;
4G;FDD;20;SISO;1;rever;2;115;96.9;928;15;15;0;14018;19.006;28.375;37.966;
4G;FDD;20;SISO;1;rever;3;114;95.9;1335;15;15;0;14013;18.957;27.453;38.290;
4G;FDD;20;SISO;1;rever;3;115;96.6;1194;15;15;0;14013;19.028;27.117;37.999;
4G;FDD;20;SISO;1;rever;3;114;95.9;989;15;15;0;14019;19.933;29.256;38.113;
4G;FDD;20;SISO;1;rever;3;114;95.9;932;15;15;0;14015;19.040;29.609;37.938;
4G;FDD;20;SISO;1;rever;3;115;96.3;797;15;15;0;14016;18.946;28.763;37.001;
4G;FDD;20;SISO;1;rever;3;115;96.3;954;15;15;0;14015;19.041;27.292;37.916;
4G;FDD;20;SISO;1;rever;3;115;96.1;1122;15;15;0;14014;19.930;29.610;38.088;
4G;FDD;20;SISO;1;rever;3;115;96.7;934;15;15;0;14014;19.055;27.399;37.988;
4G;FDD;20;SISO;1;rever;3;115;96.8;812;15;15;0;14017;19.947;28.954;37.861;
4G;FDD;20;SISO;1;rever;3;114;95.3;842;15;15;0;14018;18.632;27.838;36.963;
4G;FDD;20;SISO;1;rever;3;114;96.0;1159;15;15;0;14015;18.795;28.120;37.516;
4G;FDD;20;SISO;1;rever;3;115;96.3;1104;15;15;0;14015;19.403;28.343;38.016;
4G;FDD;20;SISO;1;rever;3;115;96.7;1381;15;15;0;14013;18.940;27.574;37.926;
4G;FDD;20;SISO;1;rever;3;115;96.5;1037;15;15;0;14012;19.822;26.982;38.018;
4G;FDD;20;SISO;1;rever;3;115;96.2;867;15;15;0;14016;18.959;28.077;37.881;
4G;FDD;20;SISO;1;rever;3;115;96.4;1126;15;15;0;14006;22.004;26.849;28.918;
4G;FDD;20;SISO;1;rever;3;115;96.5;1193;15;15;0;14013;18.978;27.975;38.090;
4G;FDD;20;SISO;1;rever;3;115;96.4;1327;15;15;0;14013;19.962;27.027;38.044;
4G;FDD;20;SISO;1;rever;3;115;96.6;497;15;15;0;14012;19.383;28.688;38.251;
4G;FDD;20;SISO;1;rever;3;115;96.5;934;15;15;0;14014;18.270;26.280;37.051;
4G;FDD;5;MIMO;1;anecoica;1;35.5;29.7;560;15;15;0;14011;18.980;31.169;45.981;
4G;FDD;5;MIMO;1;anecoica;1;34.2;28.6;516;15;15;0;14017;19.661;28.515;38.017;
4G;FDD;5;MIMO;1;anecoica;1;34.6;29.0;697;15;15;0;14013;18.942;26.645;36.990;
4G;FDD;5;MIMO;1;anecoica;1;34.9;29.3;803;15;15;0;14015;19.012;28.573;37.982;
4G;FDD;5;MIMO;1;anecoica;1;35.0;29.3;459;15;15;0;14012;18.877;26.035;37.838;
4G;FDD;5;MIMO;1;anecoica;1;36.4;30.5;879;15;15;0;14014;19.505;27.907;38.033;
4G;FDD;5;MIMO;1;anecoica;1;36.1;30.3;667;15;15;0;14012;17.975;24.855;36.986;
4G;FDD;5;MIMO;1;anecoica;1;36.3;30.5;642;15;15;0;14014;15.052;26.572;37.929;
4G;FDD;5;MIMO;1;anecoica;1;36.7;30.8;641;15;15;0;14013;18.990;28.004;38.011;
4G;FDD;5;MIMO;1;anecoica;1;36.5;30.7;694;15;15;0;14015;19.164;28.568;37.993;
4G;FDD;5;MIMO;1;anecoica;1;36.4;30.5;721;15;15;0;14013;19.002;27.128;37.934;
4G;FDD;5;MIMO;1;anecoica;1;36.2;30.4;568;15;15;0;14013;18.519;27.293;37.976;
4G;FDD;5;MIMO;1;anecoica;1;36.3;30.5;585;15;15;0;14018;20.932;29.893;39.140;
4G;FDD;5;MIMO;1;anecoica;1;35.7;30.0;568;15;15;0;14015;19.517;28.282;38.020;
4G;FDD;5;MIMO;1;anecoica;1;36.4;30.5;809;15;15;0;14014;15.988;27.369;38.121;
4G;FDD;5;MIMO;1;anecoica;1;36.4;30.5;766;15;15;0;14012;18.970;27.598;37.994;
4G;FDD;5;MIMO;1;anecoica;1;35.8;30.0;527;15;15;0;14016;13.945;26.062;37.008;
4G;FDD;5;MIMO;1;anecoica;1;34.8;29.2;489;15;15;0;14010;18.923;24.097;38.096;
4G;FDD;5;MIMO;1;anecoica;1;34.2;28.7;538;15;15;0;14013;18.010;27.455;36.971;
4G;FDD;5;MIMO;1;anecoica;1;34.6;29.0;561;15;15;0;14015;18.374;27.017;36.984;
4G;FDD;5;MIMO;1;anecoica;2;51.5;43.2;367;15;15;0;14015;18.907;29.115;67.890;
4G;FDD;5;MIMO;1;anecoica;2;50.5;42.3;960;15;15;0;14016;18.909;26.562;36.939;
4G;FDD;5;MIMO;1;anecoica;2;50.7;42.5;928;15;15;0;14017;18.953;28.623;37.845;
4G;FDD;5;MIMO;1;anecoica;2;50.5;42.3;880;15;15;0;14004;23.971;26.121;28.055;
4G;FDD;5;MIMO;1;anecoica;2;50.6;42.4;610;15;15;0;14015;14.959;25.840;36.996;
4G;FDD;5;MIMO;1;anecoica;2;50.9;42.7;759;15;15;0;14016;18.968;27.811;37.899;
4G;FDD;5;MIMO;1;anecoica;2;51.1;42.8;576;15;15;0;14017;18.864;27.841;36.966;
4G;FDD;5;MIMO;1;anecoica;2;50.6;42.4;1117;15;15;0;14017;14.977;26.660;37.986;
4G;FDD;5;MIMO;1;anecoica;2;51.1;42.9;755;15;15;0;14016;18.902;28.137;37.626;
4G;FDD;5;MIMO;1;anecoica;2;50.9;42.7;473;15;15;0;14018;18.829;27.359;36.958;
4G;FDD;5;MIMO;1;anecoica;2;50.6;42.4;456;15;15;0;14030;18.937;92.896;1.040.979;
4G;FDD;5;MIMO;1;anecoica;2;49.0;41.1;684;15;15;0;14003;24.933;26.350;28.489;
4G;FDD;5;MIMO;1;anecoica;2;51.5;43.2;943;15;15;0;14010;18.799;30.656;37.024;
4G;FDD;5;MIMO;1;anecoica;2;50.6;42.4;955;15;15;0;14015;18.736;26.757;36.882;
4G;FDD;5;MIMO;1;anecoica;2;50.6;42.5;899;15;15;0;14016;18.954;27.836;36.966;
4G;FDD;5;MIMO;1;anecoica;2;51.0;42.8;834;15;15;0;14017;14.973;27.204;37.950;
4G;FDD;5;MIMO;1;anecoica;2;50.4;42.3;961;15;15;0;14016;18.976;28.135;38.000;
4G;FDD;5;MIMO;1;anecoica;2;51.1;42.8;524;15;15;0;14016;18.964;28.352;37.961;
4G;FDD;5;MIMO;1;anecoica;2;50.4;42.3;463;15;15;0;14016;18.880;28.112;37.927;
4G;FDD;5;MIMO;1;anecoica;2;50.9;42.7;907;15;15;0;14015;18.881;26.858;37.261;
4G;FDD;5;MIMO;1;anecoica;3;51.7;43.4;462;15;15;0;14018;19.019;28.629;37.930;
4G;FDD;5;MIMO;1;anecoica;3;50.5;42.4;503;15;15;0;14004;23.971;25.492;28.195;
4G;FDD;5;MIMO;1;anecoica;3;50.6;42.4;809;15;15;0;14005;21.946;24.839;27.923;
4G;FDD;5;MIMO;1;anecoica;3;51.2;43.0;751;15;15;0;14014;18.951;28.254;37.953;
4G;FDD;5;MIMO;1;anecoica;3;51.4;43.1;386;15;15;0;14013;13.994;27.491;38.040;
4G;FDD;5;MIMO;1;anecoica;3;50.8;42.6;510;15;15;0;14015;18.974;28.476;37.967;
4G;FDD;5;MIMO;1;anecoica;3;51.1;42.9;644;15;15;0;14019;16.039;28.476;37.941;
4G;FDD;5;MIMO;1;anecoica;3;51.4;43.1;508;15;15;0;14015;18.975;28.967;37.973;
4G;FDD;5;MIMO;1;anecoica;3;50.8;42.6;433;15;15;0;14015;18.849;27.245;37.032;
4G;FDD;5;MIMO;1;anecoica;3;51.1;42.8;1020;15;15;0;14015;18.907;27.373;37.895;
4G;FDD;5;MIMO;1;anecoica;3;50.5;42.4;565;15;15;0;14015;18.928;27.421;37.945;
4G;FDD;5;MIMO;1;anecoica;3;50.6;42.4;885;15;14;6;14015;14.013;26.322;37.507;
4G;FDD;5;MIMO;1;anecoica;3;51.3;43.0;772;15;15;0;14017;18.941;28.543;37.034;
4G;FDD;5;MIMO;1;anecoica;3;50.9;42.7;372;15;15;0;14016;18.956;27.456;36.955;
4G;FDD;5;MIMO;1;anecoica;3;50.6;42.5;1294;15;15;0;14017;19.953;29.816;38.042;
4G;FDD;5;MIMO;1;anecoica;3;51.1;42.9;683;15;15;0;14017;18.990;28.865;37.984;
4G;FDD;5;MIMO;1;anecoica;3;51.4;43.1;796;15;15;0;14014;19.873;27.739;38.002;
4G;FDD;5;MIMO;1;anecoica;3;50.8;42.6;1625;15;15;0;14025;19.118;93.620;1.033.933;
4G;FDD;5;MIMO;1;anecoica;3;51.0;42.8;1158;15;15;0;14017;13.825;26.817;37.831;
4G;FDD;5;MIMO;1;anecoica;3;51.4;43.1;866;15;15;0;14020;16.068;27.107;54.901;
4G;FDD;5;MIMO;1;rever;1;51.4;43.1;1214;15;15;0;14018;18.950;30.266;40.973;
4G;FDD;5;MIMO;1;rever;1;50.8;42.6;825;15;15;0;14014;23.433;35.073;45.984;
4G;FDD;5;MIMO;1;rever;1;50.1;42.0;969;15;15;0;14016;26.955;37.567;46.952;
4G;FDD;5;MIMO;1;rever;1;50.5;42.4;1029;15;15;0;14014;27.049;36.560;54.011;
4G;FDD;5;MIMO;1;rever;1;49.7;41.7;1390;15;15;0;14014;25.725;39.414;51.056;
4G;FDD;5;MIMO;1;rever;1;50.2;42.1;864;15;15;0;14012;19.232;41.836;52.995;
4G;FDD;5;MIMO;1;rever;1;50.4;42.3;1198;15;15;0;14015;27.024;38.219;49.044;
4G;FDD;5;MIMO;1;rever;1;50.8;42.6;1412;15;15;0;14015;13.003;36.371;46.024;
4G;FDD;5;MIMO;1;rever;1;50.8;42.6;886;15;15;0;14018;27.010;41.021;50.293;
4G;FDD;5;MIMO;1;rever;1;50.1;42.0;1027;15;15;0;14016;26.985;37.432;53.967;
4G;FDD;5;MIMO;1;rever;1;50.2;42.1;889;15;15;0;14017;27.942;38.852;50.002;
4G;FDD;5;MIMO;1;rever;1;50.0;41.9;1071;15;15;0;14002;24.980;32.378;41.933;
4G;FDD;5;MIMO;1;rever;1;50.9;42.7;1045;15;15;0;14013;19.895;35.586;50.994;
4G;FDD;5;MIMO;1;rever;1;50.5;42.4;895;15;15;0;14015;27.942;38.544;51.990;
4G;FDD;5;MIMO;1;rever;1;50.0;42.0;1026;15;15;0;14017;26.919;34.774;44.924;
4G;FDD;5;MIMO;1;rever;1;49.9;41.9;507;15;15;0;14016;24.904;38.240;54.969;
4G;FDD;5;MIMO;1;rever;1;50.5;42.4;929;15;15;0;14017;27.883;38.173;53.002;
4G;FDD;5;MIMO;1;rever;1;50.3;42.2;576;15;15;0;14016;27.016;38.645;52.920;
4G;FDD;5;MIMO;1;rever;1;50.4;42.2;1129;15;15;0;14017;22.004;40.158;50.013;
4G;FDD;5;MIMO;1;rever;1;49.9;41.8;1366;15;15;0;14004;19.012;30.670;45.899;
4G;FDD;5;MIMO;1;rever;2;51.2;42.9;1052;15;15;0;14017;23.721;33.761;44.005;
4G;FDD;5;MIMO;1;rever;2;50.8;42.6;461;15;15;0;14015;19.009;29.000;40.977;
4G;FDD;5;MIMO;1;rever;2;51.2;43.0;913;15;15;0;14016;19.013;29.166;37.968;
4G;FDD;5;MIMO;1;rever;2;50.9;42.7;826;15;15;0;14016;12.986;25.596;37.921;
4G;FDD;5;MIMO;1;rever;2;50.5;42.3;592;15;15;0;14027;19.962;92.931;1.035.974;
4G;FDD;5;MIMO;1;rever;2;50.9;42.7;971;15;15;0;14017;19.018;28.115;37.967;
4G;FDD;5;MIMO;1;rever;2;51.0;42.8;889;15;15;0;14017;19.942;29.272;37.998;
4G;FDD;5;MIMO;1;rever;2;50.3;42.2;701;15;15;0;14015;15.986;27.787;37.993;
4G;FDD;5;MIMO;1;rever;2;51.0;42.8;801;15;15;0;14016;17.897;26.180;35.953;
4G;FDD;5;MIMO;1;rever;2;50.7;42.5;1030;15;15;0;14019;11.932;28.079;38.024;
4G;FDD;5;MIMO;1;rever;2;51.2;43.0;641;15;15;0;14017;16.004;36.944;160.931;
4G;FDD;5;MIMO;1;rever;2;50.9;42.7;516;15;15;0;14018;19.927;28.406;38.188;
4G;FDD;5;MIMO;1;rever;2;51.0;42.8;380;15;15;0;14017;18.961;28.451;36.997;
4G;FDD;5;MIMO;1;rever;2;50.5;42.4;794;15;15;0;14015;19.787;27.707;37.910;
4G;FDD;5;MIMO;1;rever;2;50.4;42.3;795;15;15;0;14016;18.956;28.749;36.983;
4G;FDD;5;MIMO;1;rever;2;51.2;43.0;823;15;15;0;14017;18.893;28.821;38.007;
4G;FDD;5;MIMO;1;rever;2;50.3;42.2;1091;15;15;0;14017;19.049;28.309;37.976;
4G;FDD;5;MIMO;1;rever;2;51.1;42.9;486;15;15;0;14018;13.010;26.311;37.985;
4G;FDD;5;MIMO;1;rever;2;50.5;42.4;1145;15;15;0;14017;19.033;29.258;37.970;
4G;FDD;5;MIMO;1;rever;2;50.8;42.6;671;15;15;0;14017;15.022;26.806;37.946;
4G;FDD;5;MIMO;1;rever;3;26.1;21.9;590;15;15;0;14019;19.011;28.655;37.855;
4G;FDD;5;MIMO;1;rever;3;26.4;22.1;457;15;15;0;14016;19.759;29.181;37.942;
4G;FDD;5;MIMO;1;rever;3;26.4;22.1;372;15;15;0;14013;15.021;24.733;37.163;
4G;FDD;5;MIMO;1;rever;3;26.6;22.3;374;15;15;0;14012;15.895;24.937;38.008;
4G;FDD;5;MIMO;1;rever;3;26.8;22.5;601;15;15;0;14015;19.943;28.628;37.994;
4G;FDD;5;MIMO;1;rever;3;27.1;22.7;443;15;15;0;14012;19.255;26.650;38.013;
4G;FDD;5;MIMO;1;rever;3;26.4;22.1;452;15;15;0;14014;18.966;27.515;38.017;
4G;FDD;5;MIMO;1;rever;3;26.1;21.9;385;15;15;0;14016;19.018;28.515;38.038;
4G;FDD;5;MIMO;1;rever;3;26.3;22.1;336;15;15;0;14015;18.968;28.435;37.011;
4G;FDD;5;MIMO;1;rever;3;27.0;22.7;724;15;15;0;14013;18.894;25.619;37.694;
4G;FDD;5;MIMO;1;rever;3;27.1;22.8;405;15;15;0;14012;16.013;24.233;38.000;
4G;FDD;5;MIMO;1;rever;3;26.7;22.4;506;15;15;0;14015;18.992;28.765;38.130;
4G;FDD;5;MIMO;1;rever;3;26.9;22.6;703;15;15;0;14014;19.027;27.562;37.995;
4G;FDD;5;MIMO;1;rever;3;27.0;22.6;468;15;15;0;14013;19.025;28.513;37.960;
4G;FDD;5;MIMO;1;rever;3;26.2;21.9;446;15;15;0;14010;17.988;25.442;37.516;
4G;FDD;5;MIMO;1;rever;3;27.1;22.7;440;15;15;0;14013;18.813;26.063;37.948;
4G;FDD;5;MIMO;1;rever;3;26.9;22.6;414;15;15;0;14014;19.842;28.643;37.971;
4G;FDD;5;MIMO;1;rever;3;27.3;22.9;622;15;15;0;14013;18.743;26.963;36.990;
4G;FDD;5;MIMO;1;rever;3;27.4;23.0;517;15;15;0;14012;18.996;27.482;38.002;
4G;FDD;5;MIMO;1;rever;3;26.9;22.6;527;15;15;0;14014;18.982;27.886;38.023;
4G;FDD;5;SISO;1;anecoica;1;29.8;25.0;475;15;15;0;14014;19.028;28.143;37.994;
4G;FDD;5;SISO;1;anecoica;1;30.0;25.2;642;15;15;0;14014;19.516;27.920;38.006;
4G;FDD;5;SISO;1;anecoica;1;30.1;25.2;551;15;15;0;14018;19.033;28.606;38.002;
4G;FDD;5;SISO;1;anecoica;1;29.8;25.0;480;15;15;0;14013;19.893;27.098;37.997;
4G;FDD;5;SISO;1;anecoica;1;29.7;24.9;475;15;15;0;14013;19.925;26.310;38.006;
4G;FDD;5;SISO;1;anecoica;1;29.3;24.6;416;15;15;0;14015;19.470;28.745;37.957;
4G;FDD;5;SISO;1;anecoica;1;29.9;25.1;330;15;15;0;14013;19.043;27.861;38.123;
4G;FDD;5;SISO;1;anecoica;1;30.1;25.2;541;15;15;0;14000;26.999;28.066;28.918;
4G;FDD;5;SISO;1;anecoica;1;29.5;24.7;449;15;15;0;14015;18.008;27.621;37.002;
4G;FDD;5;SISO;1;anecoica;1;29.6;24.9;402;15;15;0;14015;14.979;25.125;36.899;
4G;FDD;5;SISO;1;anecoica;1;30.0;25.1;348;15;15;0;14013;19.966;29.544;38.041;
4G;FDD;5;SISO;1;anecoica;1;30.0;25.2;684;15;15;0;14012;19.007;27.818;38.068;
4G;FDD;5;SISO;1;anecoica;1;29.5;24.7;512;15;15;0;14014;18.845;27.393;36.994;
4G;FDD;5;SISO;1;anecoica;1;29.7;24.9;298;15;15;0;14014;19.031;28.709;38.001;
4G;FDD;5;SISO;1;anecoica;1;29.8;25.0;395;15;15;0;14011;18.949;26.110;37.611;
4G;FDD;5;SISO;1;anecoica;1;29.7;24.9;569;15;15;0;14015;13.984;26.132;37.927;
4G;FDD;5;SISO;1;anecoica;1;29.8;25.0;444;15;15;0;14013;19.023;27.989;38.181;
4G;FDD;5;SISO;1;anecoica;1;29.6;24.8;526;15;15;0;14012;18.990;26.762;38.020;
4G;FDD;5;SISO;1;anecoica;1;29.8;25.0;491;15;15;0;14018;15.093;26.802;37.050;
4G;FDD;5;SISO;1;anecoica;1;30.1;25.2;399;15;15;0;14016;18.956;28.090;37.080;
4G;FDD;5;SISO;1;anecoica;2;30.0;25.1;405;15;15;0;14016;18.514;27.907;37.080;
4G;FDD;5;SISO;1;anecoica;2;29.8;25.0;386;15;15;0;14015;14.919;26.179;36.955;
4G;FDD;5;SISO;1;anecoica;2;29.7;24.9;522;15;15;0;14015;18.984;28.657;37.986;
4G;FDD;5;SISO;1;anecoica;2;29.5;24.8;589;15;14;6;14017;18.483;27.611;37.367;
4G;FDD;5;SISO;1;anecoica;2;30.2;25.3;546;15;15;0;14015;18.810;27.809;37.650;
4G;FDD;5;SISO;1;anecoica;2;29.8;25.0;415;15;15;0;14020;18.953;27.929;36.939;
4G;FDD;5;SISO;1;anecoica;2;30.4;25.5;728;15;15;0;14018;19.005;28.407;38.063;
4G;FDD;5;SISO;1;anecoica;2;29.9;25.1;473;15;15;0;14020;14.048;25.934;37.944;
4G;FDD;5;SISO;1;anecoica;2;29.8;25.0;651;15;15;0;14018;18.986;28.380;37.927;
4G;FDD;5;SISO;1;anecoica;2;30.0;25.1;575;15;15;0;14018;19.947;28.515;37.960;
4G;FDD;5;SISO;1;anecoica;2;29.7;24.9;628;15;15;0;14016;13.221;27.795;37.958;
4G;FDD;5;SISO;1;anecoica;2;30.0;25.1;461;15;15;0;14016;18.961;28.139;36.975;
4G;FDD;5;SISO;1;anecoica;2;29.9;25.1;498;15;15;0;14017;19.033;28.852;38.008;
4G;FDD;5;SISO;1;anecoica;2;30.2;25.3;506;15;15;0;14018;14.039;27.800;37.175;
4G;FDD;5;SISO;1;anecoica;2;30.2;25.3;519;15;15;0;14015;18.957;27.584;37.107;
4G;FDD;5;SISO;1;anecoica;2;29.5;24.8;566;15;15;0;14016;19.005;28.677;38.029;
4G;FDD;5;SISO;1;anecoica;2;29.8;25.0;522;15;15;0;14001;26.972;27.986;28.999;
4G;FDD;5;SISO;1;anecoica;2;29.2;24.5;491;15;15;0;14016;16.009;26.632;36.987;
4G;FDD;5;SISO;1;anecoica;2;29.7;24.9;482;15;15;0;14014;18.987;28.595;37.923;
4G;FDD;5;SISO;1;anecoica;2;29.7;24.9;432;15;15;0;14017;19.970;28.516;37.982;
4G;FDD;5;SISO;1;anecoica;3;29.7;24.9;480;15;15;0;14017;19.931;30.831;44.005;
4G;FDD;5;SISO;1;anecoica;3;29.9;25.1;645;15;15;0;14016;18.983;28.461;37.892;
4G;FDD;5;SISO;1;anecoica;3;29.7;24.9;397;15;15;0;14003;25.013;26.973;28.362;
4G;FDD;5;SISO;1;anecoica;3;30.0;25.1;568;15;15;0;14015;18.919;28.852;38.955;
4G;FDD;5;SISO;1;anecoica;3;29.8;25.0;622;15;15;0;14016;18.429;30.614;46.208;
4G;FDD;5;SISO;1;anecoica;3;30.0;25.2;477;15;15;0;14017;19.062;30.960;43.998;
4G;FDD;5;SISO;1;anecoica;3;29.7;24.9;540;15;15;0;14027;20.878;96.256;1.044.007;
4G;FDD;5;SISO;1;anecoica;3;29.6;24.9;366;15;15;0;14016;12.973;25.925;37.328;
4G;FDD;5;SISO;1;anecoica;3;29.9;25.1;519;15;15;0;14017;22.321;33.235;44.930;
4G;FDD;5;SISO;1;anecoica;3;29.6;24.8;541;15;15;0;14016;18.989;28.275;37.979;
4G;FDD;5;SISO;1;anecoica;3;29.9;25.1;524;15;15;0;14019;16.035;28.912;45.925;
4G;FDD;5;SISO;1;anecoica;3;29.8;25.0;581;15;15;0;14015;18.984;33.004;45.759;
4G;FDD;5;SISO;1;anecoica;3;30.0;25.2;616;15;15;0;14018;18.908;31.174;44.955;
4G;FDD;5;SISO;1;anecoica;3;29.8;25.0;496;15;15;0;14018;19.946;30.189;47.200;
4G;FDD;5;SISO;1;anecoica;3;30.2;25.3;550;15;15;0;14019;18.925;28.733;37.014;
4G;FDD;5;SISO;1;anecoica;3;29.8;25.0;538;15;15;0;14018;18.981;31.005;44.006;
4G;FDD;5;SISO;1;anecoica;3;30.0;25.1;407;15;15;0;14020;19.172;30.056;39.968;
4G;FDD;5;SISO;1;anecoica;3;29.7;24.9;477;15;15;0;14018;18.262;29.603;43.709;
4G;FDD;5;SISO;1;anecoica;3;30.0;25.1;537;15;15;0;14017;20.877;32.898;45.866;
4G;FDD;5;SISO;1;anecoica;3;29.6;24.8;526;15;15;0;14016;19.013;28.410;38.009;
4G;FDD;5;SISO;1;rever;1;29.2;24.5;646;15;15;0;14014;19.902;37.943;51.945;
4G;FDD;5;SISO;1;rever;1;29.4;24.6;684;15;15;0;14015;18.988;30.366;53.919;
4G;FDD;5;SISO;1;rever;1;29.6;24.9;668;15;15;0;14014;18.984;30.898;38.923;
4G;FDD;5;SISO;1;rever;1;29.2;24.5;868;15;15;0;14017;18.857;34.528;52.961;
4G;FDD;5;SISO;1;rever;1;29.3;24.6;539;15;15;0;14017;19.027;29.587;42.853;
4G;FDD;5;SISO;1;rever;1;28.9;24.3;602;15;15;0;14016;19.931;29.962;41.007;
4G;FDD;5;SISO;1;rever;1;29.2;24.5;571;15;15;0;14015;18.919;29.759;52.994;
4G;FDD;5;SISO;1;rever;1;29.2;24.5;619;15;15;0;14017;25.883;36.447;51.957;
4G;FDD;5;SISO;1;rever;1;29.2;24.5;585;15;15;0;14017;24.013;35.991;53.968;
4G;FDD;5;SISO;1;rever;1;29.6;24.8;698;15;15;0;14017;24.906;38.031;50.928;
4G;FDD;5;SISO;1;rever;1;29.7;24.9;553;15;15;0;14016;18.960;35.592;52.005;
4G;FDD;5;SISO;1;rever;1;29.5;24.7;694;15;15;0;14017;26.919;38.540;49.978;
4G;FDD;5;SISO;1;rever;1;29.2;24.5;488;15;15;0;14017;18.921;31.936;44.975;
4G;FDD;5;SISO;1;rever;1;29.1;24.5;730;15;15;0;14018;18.975;31.646;45.006;
4G;FDD;5;SISO;1;rever;1;29.3;24.6;570;15;15;0;14016;19.007;28.054;37.929;
4G;FDD;5;SISO;1;rever;1;29.2;24.5;458;15;15;0;14012;20.969;37.064;51.839;
4G;FDD;5;SISO;1;rever;1;29.3;24.6;494;15;15;0;14016;18.976;31.812;52.966;
4G;FDD;5;SISO;1;rever;1;29.6;24.9;551;15;15;0;14014;27.918;38.168;50.005;
4G;FDD;5;SISO;1;rever;1;29.0;24.3;674;15;15;0;14016;19.127;29.461;52.018;
4G;FDD;5;SISO;1;rever;1;29.1;24.4;652;15;15;0;14016;20.008;31.049;52.951;
4G;FDD;5;SISO;1;rever;2;30.1;25.2;707;15;15;0;14012;18.803;28.889;37.630;
4G;FDD;5;SISO;1;rever;2;29.4;24.7;449;15;15;0;14017;18.981;28.929;38.027;
4G;FDD;5;SISO;1;rever;2;30.0;25.2;404;15;15;0;14016;19.807;29.302;38.194;
4G;FDD;5;SISO;1;rever;2;29.7;24.9;661;15;15;0;14018;18.995;28.613;37.957;
4G;FDD;5;SISO;1;rever;2;29.8;25.0;388;15;15;0;14015;19.065;28.859;37.978;
4G;FDD;5;SISO;1;rever;2;29.6;24.8;780;15;15;0;14015;19.091;28.253;37.916;
4G;FDD;5;SISO;1;rever;2;29.6;24.8;751;15;15;0;14017;19.045;28.736;37.979;
4G;FDD;5;SISO;1;rever;2;30.0;25.1;564;15;15;0;14016;19.878;28.224;37.977;
4G;FDD;5;SISO;1;rever;2;29.8;25.0;504;15;15;0;14015;18.961;26.980;37.001;
4G;FDD;5;SISO;1;rever;2;29.8;25.0;395;15;15;0;14017;19.960;31.472;43.976;
4G;FDD;5;SISO;1;rever;2;29.7;24.9;462;15;15;0;14016;18.981;28.904;37.980;
4G;FDD;5;SISO;1;rever;2;29.4;24.6;381;15;15;0;14018;18.935;28.128;36.929;
4G;FDD;5;SISO;1;rever;2;29.8;25.0;413;15;15;0;14019;18.957;28.268;36.988;
4G;FDD;5;SISO;1;rever;2;29.8;25.0;670;15;15;0;14016;12.962;27.457;37.944;
4G;FDD;5;SISO;1;rever;2;29.8;25.0;557;15;15;0;14017;19.303;28.839;37.978;
4G;FDD;5;SISO;1;rever;2;29.8;25.0;534;15;15;0;14018;13.986;27.724;37.985;
4G;FDD;5;SISO;1;rever;2;29.7;24.9;555;15;15;0;14017;16.191;26.853;37.898;
4G;FDD;5;SISO;1;rever;2;30.1;25.2;381;15;15;0;14017;18.963;28.675;37.007;
4G;FDD;5;SISO;1;rever;2;29.6;24.8;553;15;15;0;14012;18.950;28.385;36.960;
4G;FDD;5;SISO;1;rever;2;29.8;25.0;605;15;15;0;14016;18.961;28.551;36.982;
4G;FDD;5;SISO;1;rever;3;29.9;25.1;661;15;15;0;14013;19.030;86.841;917.953;
4G;FDD;5;SISO;1;rever;3;30.0;25.1;516;15;15;0;14013;19.855;27.489;38.018;
4G;FDD;5;SISO;1;rever;3;29.6;24.8;448;15;15;0;14017;12.948;26.054;36.032;
4G;FDD;5;SISO;1;rever;3;30.1;25.2;506;15;15;0;14014;20.045;29.359;39.004;
4G;FDD;5;SISO;1;rever;3;30.0;25.2;278;15;15;0;14014;19.341;27.843;37.981;
4G;FDD;5;SISO;1;rever;3;30.0;25.2;389;15;15;0;14011;18.942;29.137;37.344;
4G;FDD;5;SISO;1;rever;3;29.9;25.1;462;15;15;0;14012;17.980;25.565;37.012;
4G;FDD;5;SISO;1;rever;3;29.7;24.9;411;15;15;0;14012;18.579;26.274;37.148;
4G;FDD;5;SISO;1;rever;3;29.9;25.1;446;15;15;0;14013;19.008;26.918;38.087;
4G;FDD;5;SISO;1;rever;3;29.7;24.9;391;15;15;0;14015;15.841;27.159;38.023;
4G;FDD;5;SISO;1;rever;3;29.6;24.9;446;15;15;0;14013;19.859;27.068;37.957;
4G;FDD;5;SISO;1;rever;3;30.0;25.1;737;15;15;0;14012;19.572;27.363;38.037;
4G;FDD;5;SISO;1;rever;3;29.5;24.8;399;15;15;0;14014;18.913;26.599;36.966;
4G;FDD;5;SISO;1;rever;3;30.1;25.2;344;15;15;0;14016;17.987;26.273;36.933;
4G;FDD;5;SISO;1;rever;3;29.7;24.9;550;15;15;0;14013;19.056;26.960;38.239;
4G;FDD;5;SISO;1;rever;3;30.0;25.2;632;15;15;0;14014;18.365;25.726;36.838;
4G;FDD;5;SISO;1;rever;3;30.0;25.1;467;15;15;0;14015;19.953;28.369;38.066;
4G;FDD;5;SISO;1;rever;3;29.9;25.1;513;15;15;0;14011;19.919;26.578;37.999;
4G;FDD;5;SISO;1;rever;3;29.5;24.7;415;15;15;0;14013;18.996;27.094;38.015;
4G;FDD;5;SISO;1;rever;3;30.0;25.2;418;15;15;0;14014;16.200;27.406;37.974;
4G;TDD;10;MIMO;38;anecoica;1;80.4;67.4;1598;15;15;0;14015;22.817;30.606;40.683;5.977
4G;TDD;10;MIMO;38;anecoica;1;81.2;68.1;1300;15;15;0;14014;20.910;30.649;39.051;6.461
4G;TDD;10;MIMO;38;anecoica;1;79.2;66.5;1181;15;15;0;14015;20.990;29.142;36.195;4.550
4G;TDD;10;MIMO;38;anecoica;1;79.8;66.9;1774;15;15;0;14011;21.874;31.098;40.315;6.794
4G;TDD;10;MIMO;38;anecoica;1;81.0;68.0;1192;15;15;0;14045;20.934;98.006;1.052.072;255.073
4G;TDD;10;MIMO;38;anecoica;1;81.2;68.2;1609;15;15;0;14015;21.016;31.539;39.982;6.218
4G;TDD;10;MIMO;38;anecoica;1;80.9;67.9;1051;15;15;0;14014;21.995;29.521;36.378;4.177
4G;TDD;10;MIMO;38;anecoica;1;80.0;67.1;1210;15;15;0;14012;21.886;31.056;40.006;6.450
4G;TDD;10;MIMO;38;anecoica;1;79.9;67.0;902;15;15;0;14013;20.930;30.089;39.940;6.760
4G;TDD;10;MIMO;38;anecoica;1;80.0;67.1;1258;15;15;0;14013;21.059;31.196;39.964;6.582
4G;TDD;10;MIMO;38;anecoica;1;81.0;67.9;1420;15;15;0;14013;22.357;31.903;41.241;6.782
4G;TDD;10;MIMO;38;anecoica;1;81.1;68.1;770;15;15;0;14013;21.717;31.390;40.044;6.554
4G;TDD;10;MIMO;38;anecoica;1;80.4;67.4;1788;15;15;0;14015;20.967;28.408;36.439;4.495
4G;TDD;10;MIMO;38;anecoica;1;81.0;68.0;1158;15;15;0;14011;21.017;30.086;39.896;6.607
4G;TDD;10;MIMO;38;anecoica;1;80.5;67.5;1718;15;15;0;14011;20.977;29.683;39.966;7.235
4G;TDD;10;MIMO;38;anecoica;1;80.7;67.7;1183;15;15;0;14015;21.016;31.698;39.994;6.122
4G;TDD;10;MIMO;38;anecoica;1;80.0;67.1;1499;15;15;0;14014;21.993;29.055;35.846;4.369
4G;TDD;10;MIMO;38;anecoica;1;80.9;67.9;1325;15;15;0;14024;29.020;101.243;1.048.009;253.043
4G;TDD;10;MIMO;38;anecoica;1;79.9;67.0;1350;15;15;0;14007;20.275;32.726;40.033;8.112
4G;TDD;10;MIMO;38;anecoica;1;80.5;67.6;1138;15;15;0;14015;20.869;30.253;38.980;6.476
4G;TDD;10;MIMO;38;anecoica;2;80.6;67.6;1228;15;15;0;14017;20.920;30.647;39.011;5.890
4G;TDD;10;MIMO;38;anecoica;2;81.4;68.3;892;15;15;0;14014;21.885;31.297;39.970;6.148
4G;TDD;10;MIMO;38;anecoica;2;81.2;68.1;1468;15;15;0;14016;21.947;31.763;40.027;5.984
4G;TDD;10;MIMO;38;anecoica;2;82.0;68.8;1775;15;15;0;14015;21.101;31.226;39.915;5.959
4G;TDD;10;MIMO;38;anecoica;2;81.0;68.0;1635;15;15;0;14017;21.143;31.104;40.081;5.936
4G;TDD;10;MIMO;38;anecoica;2;81.0;67.9;1892;15;15;0;14016;20.515;30.647;39.990;6.609
4G;TDD;10;MIMO;38;anecoica;2;81.4;68.3;1597;15;15;0;14018;23.108;32.758;41.903;5.119
4G;TDD;10;MIMO;38;anecoica;2;81.0;67.9;1463;15;15;0;14016;20.945;31.237;39.992;6.000
4G;TDD;10;MIMO;38;anecoica;2;80.6;67.6;1081;15;15;0;14016;20.995;29.117;39.978;5.141
4G;TDD;10;MIMO;38;anecoica;2;79.4;66.6;1245;15;15;0;14017;20.920;30.054;39.728;5.930
4G;TDD;10;MIMO;38;anecoica;2;81.4;68.3;1074;15;15;0;14017;20.959;31.304;45.835;6.801
4G;TDD;10;MIMO;38;anecoica;2;80.6;67.6;1203;15;15;0;14014;20.967;31.491;39.949;6.378
4G;TDD;10;MIMO;38;anecoica;2;80.3;67.3;1390;15;15;0;14017;20.872;30.669;43.023;6.611
4G;TDD;10;MIMO;38;anecoica;2;80.6;67.6;1445;15;15;0;14015;20.885;30.480;38.970;6.007
4G;TDD;10;MIMO;38;anecoica;2;80.7;67.7;1653;15;15;0;14016;21.903;29.503;39.966;5.023
4G;TDD;10;MIMO;38;anecoica;2;79.8;66.9;1589;15;15;0;14016;21.908;31.532;39.983;6.095
4G;TDD;10;MIMO;38;anecoica;2;80.3;67.4;1310;15;15;0;14015;20.984;30.285;40.033;5.663
4G;TDD;10;MIMO;38;anecoica;2;79.6;66.8;1230;15;15;0;14014;20.990;30.305;40.026;6.547
4G;TDD;10;MIMO;38;anecoica;2;79.6;66.8;1239;15;15;0;14016;22.008;33.921;46.220;7.185
4G;TDD;10;MIMO;38;anecoica;2;81.4;68.3;1698;15;15;0;14019;21.970;33.309;42.996;6.314
4G;TDD;10;MIMO;38;anecoica;3;80.3;67.4;1060;15;15;0;14017;20.901;30.766;39.731;5.902
4G;TDD;10;MIMO;38;anecoica;3;80.6;67.6;960;15;15;0;14017;20.963;30.023;39.000;5.970
4G;TDD;10;MIMO;38;anecoica;3;78.0;65.4;1198;15;15;0;14017;21.949;30.925;39.973;5.629
4G;TDD;10;MIMO;38;anecoica;3;80.8;67.8;877;15;15;0;14016;20.988;31.069;40.024;5.993
4G;TDD;10;MIMO;38;anecoica;3;79.3;66.5;783;15;15;0;14016;20.938;29.231;39.017;5.207
4G;TDD;10;MIMO;38;anecoica;3;79.8;67.0;903;15;15;0;14015;21.886;34.258;47.998;7.984
4G;TDD;10;MIMO;38;anecoica;3;79.7;66.9;1265;15;15;0;14017;20.981;30.921;39.937;5.629
4G;TDD;10;MIMO;38;anecoica;3;80.9;67.9;1157;15;15;0;14017;21.974;31.059;39.963;5.485
4G;TDD;10;MIMO;38;anecoica;3;79.7;66.9;755;15;15;0;14019;23.007;99.118;1.041.931;252.022
4G;TDD;10;MIMO;38;anecoica;3;80.2;67.2;899;15;15;0;14015;21.342;32.289;49.094;8.349
4G;TDD;10;MIMO;38;anecoica;3;81.0;67.9;1008;15;15;0;14016;20.978;29.918;39.957;6.065
4G;TDD;10;MIMO;38;anecoica;3;79.1;66.3;783;15;15;0;14017;20.992;29.830;39.939;5.887
4G;TDD;10;MIMO;38;anecoica;3;78.7;66.0;1203;15;15;0;14018;20.627;29.021;38.908;5.624
4G;TDD;10;MIMO;38;anecoica;3;80.5;67.5;733;15;15;0;14017;20.846;30.912;39.854;5.947
4G;TDD;10;MIMO;38;anecoica;3;81.2;68.2;1052;15;15;0;14016;20.973;31.168;39.959;5.924
4G;TDD;10;MIMO;38;anecoica;3;80.0;67.1;1214;15;15;0;14016;20.887;29.833;39.927;6.141
4G;TDD;10;MIMO;38;anecoica;3;80.2;67.3;928;15;15;0;14015;20.936;28.719;36.294;4.549
4G;TDD;10;MIMO;38;anecoica;3;79.7;66.9;668;15;15;0;14017;22.849;32.011;40.995;5.944
4G;TDD;10;MIMO;38;anecoica;3;80.4;67.4;641;15;15;0;14016;21.068;29.554;39.906;5.783
4G;TDD;10;MIMO;38;anecoica;3;79.5;66.7;769;15;15;0;14017;20.951;29.608;38.958;5.763
4G;TDD;10;MIMO;38;rever;1;54.7;45.9;1218;15;15;0;14017;21.997;35.049;54.943;8.719
4G;TDD;10;MIMO;38;rever;1;57.5;48.2;2018;15;15;0;14015;20.982;31.413;39.966;6.384
4G;TDD;10;MIMO;38;rever;1;57.0;47.9;1597;15;15;0;14017;20.977;31.065;39.995;6.113
4G;TDD;10;MIMO;38;rever;1;57.6;48.4;1413;15;15;0;14005;20.890;25.324;40.030;6.018
4G;TDD;10;MIMO;38;rever;1;57.5;48.2;1384;15;15;0;14014;21.887;30.902;39.967;6.243
4G;TDD;10;MIMO;38;rever;1;57.4;48.2;916;15;15;0;14015;20.989;31.554;40.230;6.185
4G;TDD;10;MIMO;38;rever;1;58.1;48.7;766;15;15;0;14019;21.781;30.937;39.960;5.401
4G;TDD;10;MIMO;38;rever;1;55.9;46.9;1128;15;15;0;14016;21.929;31.767;39.987;5.846
4G;TDD;10;MIMO;38;rever;1;56.0;47.0;949;15;15;0;14016;20.963;30.035;39.965;5.279
4G;TDD;10;MIMO;38;rever;1;57.9;48.6;1056;15;15;0;14015;21.923;31.580;39.992;6.069
4G;TDD;10;MIMO;38;rever;1;55.8;46.8;1225;15;15;0;14017;20.733;29.649;38.973;5.884
4G;TDD;10;MIMO;38;rever;1;57.1;47.9;1576;15;15;0;14017;20.605;30.334;38.943;5.932
4G;TDD;10;MIMO;38;rever;1;58.0;48.6;451;15;15;0;14016;20.813;30.178;39.533;5.985
4G;TDD;10;MIMO;38;rever;1;59.0;49.5;1141;15;15;0;14017;21.951;29.978;39.948;5.713
4G;TDD;10;MIMO;38;rever;1;58.1;48.7;1071;15;15;0;14020;21.954;31.670;40.067;5.521
4G;TDD;10;MIMO;38;rever;1;59.5;49.9;1336;15;14;6;14017;21.019;31.423;39.999;5.742
4G;TDD;10;MIMO;38;rever;1;57.3;48.0;668;15;15;0;14015;20.807;27.680;36.479;4.697
4G;TDD;10;MIMO;38;rever;1;58.8;49.3;1125;15;15;0;14017;21.933;31.907;39.988;5.671
4G;TDD;10;MIMO;38;rever;1;57.6;48.3;862;15;15;0;14017;20.807;30.756;39.723;5.876
4G;TDD;10;MIMO;38;rever;1;58.7;49.3;866;15;15;0;14016;20.967;30.481;39.001;6.218
4G;TDD;10;MIMO;38;rever;2;50.6;42.4;1107;15;15;0;14012;20.417;88.249;897.020;216.253
4G;TDD;10;MIMO;38;rever;2;50.1;42.0;908;15;15;0;14012;21.057;30.581;40.072;6.767
4G;TDD;10;MIMO;38;rever;2;48.1;40.4;971;15;15;0;14015;21.069;30.592;39.960;6.270
4G;TDD;10;MIMO;38;rever;2;50.1;42.1;1076;15;15;0;14015;20.898;29.800;39.085;6.551
4G;TDD;10;MIMO;38;rever;2;48.4;40.6;1294;15;15;0;14015;20.990;32.113;39.988;6.564
4G;TDD;10;MIMO;38;rever;2;49.7;41.7;771;15;15;0;14013;23.021;29.765;36.297;4.327
4G;TDD;10;MIMO;38;rever;2;48.2;40.4;857;15;15;0;14016;20.921;30.371;39.004;6.081
4G;TDD;10;MIMO;38;rever;2;52.4;44.0;756;15;15;0;14017;20.940;30.950;39.015;5.803
4G;TDD;10;MIMO;38;rever;2;48.4;40.6;1186;15;15;0;14012;20.752;30.210;39.955;6.931
4G;TDD;10;MIMO;38;rever;2;52.9;44.4;1230;15;15;0;14001;35.023;36.389;37.161;0.685
4G;TDD;10;MIMO;38;rever;2;47.9;40.1;522;15;15;0;14014;20.958;30.668;39.022;6.184
4G;TDD;10;MIMO;38;rever;2;47.8;40.1;1211;15;15;0;14015;20.702;30.459;38.966;6.257
4G;TDD;10;MIMO;38;rever;2;48.4;40.6;1026;15;15;0;14015;21.038;31.809;40.322;6.300
4G;TDD;10;MIMO;38;rever;2;50.6;42.4;705;15;15;0;14015;15.113;30.599;40.024;7.260
4G;TDD;10;MIMO;38;rever;2;50.3;42.2;911;15;15;0;14016;20.985;31.177;39.997;5.966
4G;TDD;10;MIMO;38;rever;2;49.7;41.7;1058;15;15;0;14015;20.923;31.287;39.888;6.026
4G;TDD;10;MIMO;38;rever;2;50.3;42.2;906;15;15;0;14015;20.400;30.180;39.009;6.520
4G;TDD;10;MIMO;38;rever;2;49.6;41.6;935;15;15;0;14015;20.691;27.583;39.004;5.734
4G;TDD;10;MIMO;38;rever;2;50.3;42.2;1600;15;15;0;14011;24.950;30.734;36.302;3.733
4G;TDD;10;MIMO;38;rever;2;50.4;42.3;1037;15;15;0;14016;20.995;29.226;40.029;5.051
4G;TDD;10;MIMO;38;rever;3;73.6;61.7;1194;15;15;0;14016;21.040;31.289;40.075;6.140
4G;TDD;10;MIMO;38;rever;3;74.3;62.3;1892;15;15;0;14012;21.044;32.116;44.216;6.989
4G;TDD;10;MIMO;38;rever;3;74.3;62.4;1299;15;15;0;14008;21.272;29.404;39.925;7.295
4G;TDD;10;MIMO;38;rever;3;74.1;62.2;1300;15;15;0;14015;20.402;29.972;39.043;6.372
4G;TDD;10;MIMO;38;rever;3;74.2;62.2;1990;15;15;0;14011;20.927;30.086;39.837;7.030
4G;TDD;10;MIMO;38;rever;3;75.2;63.1;1106;15;15;0;14008;21.045;29.221;41.252;7.477
4G;TDD;10;MIMO;38;rever;3;74.6;62.6;1646;15;15;0;14010;21.574;35.471;49.977;8.552
4G;TDD;10;MIMO;38;rever;3;74.6;62.6;912;15;15;0;14013;21.009;30.930;40.025;6.726
4G;TDD;10;MIMO;38;rever;3;74.3;62.3;1395;15;15;0;14012;20.910;29.121;38.991;6.594
4G;TDD;10;MIMO;38;rever;3;73.0;61.2;1153;15;15;0;14015;20.999;31.689;39.991;6.118
4G;TDD;10;MIMO;38;rever;3;75.8;63.5;1149;15;15;0;14012;20.589;30.640;39.969;7.260
4G;TDD;10;MIMO;38;rever;3;74.3;62.3;1132;15;15;0;14014;21.987;28.536;36.504;4.444
4G;TDD;10;MIMO;38;rever;3;74.0;62.0;1466;15;15;0;14016;20.272;29.039;38.986;6.154
4G;TDD;10;MIMO;38;rever;3;76.2;64.0;1442;15;15;0;14009;21.718;30.741;40.259;7.843
4G;TDD;10;MIMO;38;rever;3;74.8;62.8;1848;15;15;0;14011;20.990;30.503;39.990;7.195
4G;TDD;10;MIMO;38;rever;3;75.0;62.9;1341;15;15;0;14017;20.955;31.152;40.119;6.037
4G;TDD;10;MIMO;38;rever;3;75.2;63.1;1131;15;15;0;14011;21.005;31.218;39.973;7.473
4G;TDD;10;MIMO;38;rever;3;73.1;61.4;1258;15;15;0;14014;20.977;31.642;40.186;6.238
4G;TDD;10;MIMO;38;rever;3;75.1;63.0;1417;15;15;0;14016;20.924;30.976;39.131;5.831
4G;TDD;10;MIMO;38;rever;3;74.5;62.5;1122;15;15;0;14014;22.348;29.216;36.242;4.499
4G;TDD;10;SISO;38;anecoica;1;44.4;37.3;1105;15;15;0;14015;15.922;35.612;46.970;8.033
4G;TDD;10;SISO;38;anecoica;1;44.8;37.6;1175;15;15;0;14012;20.243;29.780;39.209;6.680
4G;TDD;10;SISO;38;anecoica;1;44.6;37.4;1141;15;15;0;14014;22.031;29.441;36.589;4.288
4G;TDD;10;SISO;38;anecoica;1;45.0;37.7;1445;15;15;0;14013;21.022;31.497;39.994;6.291
4G;TDD;10;SISO;38;anecoica;1;44.6;37.4;1043;15;15;0;14015;21.031;28.447;36.454;4.713
4G;TDD;10;SISO;38;anecoica;1;44.6;37.4;849;15;15;0;14015;20.973;30.964;40.058;6.509
4G;TDD;10;SISO;38;anecoica;1;43.5;36.5;1133;15;15;0;14007;21.013;34.469;40.491;7.868
4G;TDD;10;SISO;38;anecoica;1;44.4;37.3;805;15;15;0;14015;20.992;30.707;40.101;6.124
4G;TDD;10;SISO;38;anecoica;1;44.6;37.4;920;15;15;0;14014;21.926;28.554;36.418;4.778
4G;TDD;10;SISO;38;anecoica;1;44.7;37.5;1472;15;15;0;14015;21.009;31.624;40.030;6.123
4G;TDD;10;SISO;38;anecoica;1;45.2;38.0;1265;15;15;0;14013;21.028;31.536;39.991;6.887
4G;TDD;10;SISO;38;anecoica;1;44.9;37.7;1136;15;15;0;14017;20.660;30.010;39.563;6.132
4G;TDD;10;SISO;38;anecoica;1;44.9;37.7;894;15;15;0;14015;22.050;30.155;36.709;4.480
4G;TDD;10;SISO;38;anecoica;1;44.6;37.4;1657;15;15;0;14015;20.900;29.912;39.037;6.412
4G;TDD;10;SISO;38;anecoica;1;44.8;37.6;1252;15;15;0;14017;20.996;30.920;40.021;6.168
4G;TDD;10;SISO;38;anecoica;1;45.0;37.7;1170;15;15;0;14038;22.037;97.842;1.061.023;257.446
4G;TDD;10;SISO;38;anecoica;1;44.7;37.5;1233;15;15;0;14008;20.459;32.526;39.984;7.803
4G;TDD;10;SISO;38;anecoica;1;44.6;37.4;1339;15;15;0;14013;21.054;32.015;40.011;6.131
4G;TDD;10;SISO;38;anecoica;1;44.6;37.4;1350;15;15;0;14014;21.021;30.200;39.486;6.143
4G;TDD;10;SISO;38;anecoica;1;45.0;37.7;1083;15;15;0;14016;21.938;31.519;40.064;5.936
4G;TDD;10;SISO;38;anecoica;2;44.8;37.6;1369;15;15;0;14016;23.742;32.706;42.016;6.175
4G;TDD;10;SISO;38;anecoica;2;45.0;37.7;542;15;15;0;14018;21.943;79.966;746.459;178.207
4G;TDD;10;SISO;38;anecoica;2;45.0;37.7;811;15;15;0;14017;20.981;30.039;39.924;5.739
4G;TDD;10;SISO;38;anecoica;2;44.0;36.9;1396;15;15;0;14017;20.989;31.347;39.990;5.629
4G;TDD;10;SISO;38;anecoica;2;44.2;37.1;1168;15;15;0;14018;21.939;29.910;39.951;5.764
4G;TDD;10;SISO;38;anecoica;2;45.0;37.7;702;15;15;0;14037;20.329;98.730;1.056.928;256.159
4G;TDD;10;SISO;38;anecoica;2;44.9;37.7;1319;15;15;0;14017;20.988;31.146;39.990;6.188
4G;TDD;10;SISO;38;anecoica;2;44.1;37.0;1414;15;15;0;14015;21.274;31.029;39.986;6.548
4G;TDD;10;SISO;38;anecoica;2;44.7;37.5;783;15;15;0;14016;20.875;30.667;38.991;5.844
4G;TDD;10;SISO;38;anecoica;2;44.6;37.4;596;15;15;0;14015;21.672;31.033;39.971;6.288
4G;TDD;10;SISO;38;anecoica;2;44.6;37.4;1424;15;15;0;14018;20.949;30.345;38.967;5.676
4G;TDD;10;SISO;38;anecoica;2;44.7;37.5;1232;15;15;0;14017;20.981;30.927;39.982;5.827
4G;TDD;10;SISO;38;anecoica;2;44.7;37.5;1077;15;15;0;14017;20.923;30.412;39.458;5.863
4G;TDD;10;SISO;38;anecoica;2;44.7;37.5;919;15;15;0;14018;20.678;30.322;39.930;5.762
4G;TDD;10;SISO;38;anecoica;2;45.0;37.7;692;15;15;0;14017;21.495;30.756;39.946;5.644
4G;TDD;10;SISO;38;anecoica;2;44.8;37.5;948;15;15;0;14015;20.872;30.440;39.019;6.056
4G;TDD;10;SISO;38;anecoica;2;44.9;37.6;821;15;15;0;14016;20.931;30.815;38.998;5.820
4G;TDD;10;SISO;38;anecoica;2;44.6;37.4;1016;15;15;0;14017;21.960;31.141;40.008;5.820
4G;TDD;10;SISO;38;anecoica;2;44.9;37.7;678;15;15;0;14016;20.698;30.150;39.426;5.925
4G;TDD;10;SISO;38;anecoica;2;44.7;37.5;1463;15;15;0;14016;21.963;31.689;39.996;6.089
4G;TDD;10;SISO;38;anecoica;3;45.0;37.7;734;15;15;0;14016;20.964;31.065;39.984;6.143
4G;TDD;10;SISO;38;anecoica;3;44.6;37.4;813;15;15;0;14016;20.977;30.505;39.975;6.066
4G;TDD;10;SISO;38;anecoica;3;44.7;37.5;1000;15;15;0;14013;20.983;31.132;39.989;6.411
4G;TDD;10;SISO;38;anecoica;3;44.1;37.0;1142;15;15;0;14016;23.835;30.798;40.013;5.401
4G;TDD;10;SISO;38;anecoica;3;44.9;37.6;1103;15;15;0;14017;21.754;31.250;40.003;5.994
4G;TDD;10;SISO;38;anecoica;3;44.7;37.5;1083;15;15;0;14017;20.923;29.775;38.995;5.986
4G;TDD;10;SISO;38;anecoica;3;44.9;37.7;887;15;15;0;14016;20.994;30.794;39.979;6.189
4G;TDD;10;SISO;38;anecoica;3;44.9;37.7;1128;15;15;0;14007;21.923;35.321;40.050;6.761
4G;TDD;10;SISO;38;anecoica;3;45.0;37.7;1235;15;15;0;14015;20.893;29.123;36.005;4.436
4G;TDD;10;SISO;38;anecoica;3;44.3;37.2;1976;15;15;0;14017;20.961;30.496;39.623;5.750
4G;TDD;10;SISO;38;anecoica;3;44.7;37.5;922;15;15;0;14016;21.959;31.765;39.997;5.651
4G;TDD;10;SISO;38;anecoica;3;44.7;37.5;1340;15;15;0;14018;20.988;30.733;39.948;6.004
4G;TDD;10;SISO;38;anecoica;3;44.6;37.4;1335;15;15;0;14015;20.943;30.393;39.005;6.082
4G;TDD;10;SISO;38;anecoica;3;44.2;37.1;989;15;15;0;14019;20.973;97.045;1.032.008;249.956
4G;TDD;10;SISO;38;anecoica;3;44.5;37.3;1390;15;15;0;14017;20.790;29.686;38.958;5.766
4G;TDD;10;SISO;38;anecoica;3;44.8;37.6;804;15;15;0;14017;20.888;30.357;39.076;5.507
4G;TDD;10;SISO;38;anecoica;3;44.7;37.5;710;15;15;0;14015;21.961;32.030;39.968;6.028
4G;TDD;10;SISO;38;anecoica;3;44.8;37.6;948;15;15;0;14015;20.977;30.650;39.987;6.256
4G;TDD;10;SISO;38;anecoica;3;44.4;37.2;746;15;15;0;14018;20.967;30.082;39.004;5.367
4G;TDD;10;SISO;38;anecoica;3;45.0;37.7;682;15;15;0;14017;21.013;30.972;39.977;5.904
4G;TDD;10;SISO;38;rever;1;44.9;37.6;1070;15;15;0;14018;21.961;31.413;39.981;5.672
4G;TDD;10;SISO;38;rever;1;45.1;37.8;1052;15;15;0;14017;21.148;31.479;39.974;6.092
4G;TDD;10;SISO;38;rever;1;44.8;37.6;908;15;15;0;14016;21.951;32.441;39.989;5.874
4G;TDD;10;SISO;38;rever;1;44.9;37.6;669;15;15;0;14017;21.531;29.956;39.898;5.670
4G;TDD;10;SISO;38;rever;1;44.3;37.2;1001;15;15;0;14009;20.974;32.974;39.956;6.747
4G;TDD;10;SISO;38;rever;1;44.5;37.3;1446;15;15;0;14017;20.873;30.618;39.006;5.718
4G;TDD;10;SISO;38;rever;1;44.4;37.3;748;15;15;0;14015;21.941;31.570;40.083;5.503
4G;TDD;10;SISO;38;rever;1;45.0;37.7;1128;15;15;0;14018;21.027;30.266;39.901;5.703
4G;TDD;10;SISO;38;rever;1;45.0;37.7;799;15;15;0;14029;26.987;100.921;1.051.950;254.189
4G;TDD;10;SISO;38;rever;1;45.0;37.8;521;15;15;0;14016;20.972;31.163;39.951;5.919
4G;TDD;10;SISO;38;rever;1;45.0;37.7;932;15;15;0;14040;21.004;99.044;1.056.602;255.996
4G;TDD;10;SISO;38;rever;1;44.6;37.4;939;15;15;0;14017;21.344;30.171;39.963;5.893
4G;TDD;10;SISO;38;rever;1;44.8;37.6;766;15;15;0;14017;20.927;29.658;38.927;5.820
4G;TDD;10;SISO;38;rever;1;44.9;37.7;835;15;15;0;14017;20.969;31.065;39.887;5.881
4G;TDD;10;SISO;38;rever;1;44.2;37.1;918;15;15;0;14036;21.368;98.111;1.041.012;252.065
4G;TDD;10;SISO;38;rever;1;44.5;37.4;1148;15;15;0;14016;21.046;31.020;39.902;6.003
4G;TDD;10;SISO;38;rever;1;44.5;37.4;821;15;15;0;14017;21.938;31.909;40.023;5.670
4G;TDD;10;SISO;38;rever;1;44.9;37.7;1242;15;15;0;14018;20.984;30.932;39.976;6.293
4G;TDD;10;SISO;38;rever;1;44.5;37.3;774;15;15;0;14017;20.963;30.551;39.010;5.799
4G;TDD;10;SISO;38;rever;1;44.8;37.6;1197;15;15;0;14015;20.953;31.213;39.665;6.267
4G;TDD;10;SISO;38;rever;2;44.1;37.0;1011;15;15;0;14017;20.720;30.417;38.985;5.723
4G;TDD;10;SISO;38;rever;2;44.6;37.5;931;15;15;0;14017;21.006;31.151;39.978;6.234
4G;TDD;10;SISO;38;rever;2;44.7;37.5;590;15;15;0;14015;20.862;29.356;38.979;6.327
4G;TDD;10;SISO;38;rever;2;45.1;37.8;1295;15;15;0;14018;20.969;30.316;39.128;5.543
4G;TDD;10;SISO;38;rever;2;44.4;37.3;1014;15;15;0;14016;20.941;30.116;39.901;6.076
4G;TDD;10;SISO;38;rever;2;44.5;37.3;668;15;15;0;14017;20.928;30.891;39.027;5.656
4G;TDD;10;SISO;38;rever;2;44.8;37.6;1250;15;15;0;14017;20.864;41.403;193.819;41.117
4G;TDD;10;SISO;38;rever;2;44.5;37.3;856;15;15;0;14017;20.970;30.278;39.956;5.913
4G;TDD;10;SISO;38;rever;2;44.8;37.5;799;15;15;0;14017;21.369;31.129;40.112;6.105
4G;TDD;10;SISO;38;rever;2;44.9;37.7;1325;15;15;0;14018;21.042;30.291;39.926;5.667
4G;TDD;10;SISO;38;rever;2;45.1;37.8;1020;15;15;0;14018;21.770;30.666;39.965;5.613
4G;TDD;10;SISO;38;rever;2;44.7;37.5;1089;15;15;0;14009;20.932;33.456;39.906;6.705
4G;TDD;10;SISO;38;rever;2;44.5;37.3;648;15;15;0;14017;20.768;30.052;39.325;6.188
4G;TDD;10;SISO;38;rever;2;44.7;37.5;1032;15;15;0;14015;20.982;30.826;39.941;5.876
4G;TDD;10;SISO;38;rever;2;44.7;37.5;1379;15;15;0;14018;20.943;30.259;39.016;5.765
4G;TDD;10;SISO;38;rever;2;44.6;37.4;675;15;15;0;14019;21.958;30.947;39.936;5.282
4G;TDD;10;SISO;38;rever;2;44.6;37.4;686;15;15;0;14017;21.935;31.874;40.006;5.667
4G;TDD;10;SISO;38;rever;2;44.7;37.5;1053;15;15;0;14016;20.968;31.279;39.962;5.890
4G;TDD;10;SISO;38;rever;2;44.7;37.5;1130;15;15;0;14017;20.923;30.286;39.010;5.706
4G;TDD;10;SISO;38;rever;2;44.5;37.4;1253;15;15;0;14016;21.924;31.319;39.956;5.877
4G;TDD;10;SISO;38;rever;3;45.3;38.0;911;15;15;0;14013;20.378;30.104;43.255;6.141
4G;TDD;10;SISO;38;rever;3;44.8;37.5;924;15;15;0;14011;20.919;29.678;39.946;6.966
4G;TDD;10;SISO;38;rever;3;44.3;37.2;1004;15;15;0;14009;20.929;28.044;39.184;6.407
4G;TDD;10;SISO;38;rever;3;45.1;37.8;987;15;15;0;14014;21.265;30.791;40.077;6.326
4G;TDD;10;SISO;38;rever;3;44.4;37.3;1493;15;15;0;14012;20.425;29.127;39.004;6.900
4G;TDD;10;SISO;38;rever;3;44.8;37.6;911;15;15;0;14008;21.017;29.512;40.096;7.486
4G;TDD;10;SISO;38;rever;3;45.0;37.7;906;15;15;0;14014;21.957;31.875;40.015;5.922
4G;TDD;10;SISO;38;rever;3;44.9;37.7;714;15;15;0;14015;21.537;30.445;40.053;6.035
4G;TDD;10;SISO;38;rever;3;44.7;37.5;1168;15;15;0;14009;20.589;29.851;40.094;7.794
4G;TDD;10;SISO;38;rever;3;45.1;37.8;849;15;15;0;14014;22.018;31.389;40.280;6.259
4G;TDD;10;SISO;38;rever;3;44.5;37.3;1158;15;15;0;14011;20.967;32.309;39.919;6.370
4G;TDD;10;SISO;38;rever;3;44.6;37.4;896;15;15;0;14015;21.943;32.126;40.041;6.033
4G;TDD;10;SISO;38;rever;3;44.6;37.4;933;15;15;0;14009;21.720;28.528;39.981;6.267
4G;TDD;10;SISO;38;rever;3;44.9;37.7;664;15;15;0;14015;21.755;31.753;40.061;6.004
4G;TDD;10;SISO;38;rever;3;44.4;37.2;1297;15;15;0;14011;21.959;28.866;40.010;6.295
4G;TDD;10;SISO;38;rever;3;44.6;37.4;1307;15;14;6;14009;21.035;31.198;40.004;7.633
4G;TDD;10;SISO;38;rever;3;44.9;37.7;827;15;15;0;14015;21.482;31.748;40.122;5.976
4G;TDD;10;SISO;38;rever;3;44.5;37.3;883;15;15;0;14014;20.677;29.931;39.041;6.393
4G;TDD;10;SISO;38;rever;3;44.7;37.5;1234;15;15;0;14016;21.226;30.949;39.984;5.914
4G;TDD;10;SISO;38;rever;3;45.0;37.8;768;15;15;0;14012;20.214;29.732;39.294;7.171
4G;TDD;15;MIMO;38;anecoica;1;124;104;1746;15;15;0;14014;20.973;31.193;40.060;6.524
4G;TDD;15;MIMO;38;anecoica;1;123;103;1528;15;15;0;14013;20.975;31.030;40.008;6.724
4G;TDD;15;MIMO;38;anecoica;1;123;103;1954;15;15;0;14013;20.985;30.941;39.991;6.818
4G;TDD;15;MIMO;38;anecoica;1;124;104;1154;15;15;0;14016;20.989;31.176;40.010;5.980
4G;TDD;15;MIMO;38;anecoica;1;122;103;1594;15;15;0;14029;20.926;97.881;1.053.201;255.401
4G;TDD;15;MIMO;38;anecoica;1;123;104;1270;15;15;0;14014;20.953;32.072;40.026;6.421
4G;TDD;15;MIMO;38;anecoica;1;125;105;1500;15;15;0;14013;21.029;31.023;45.810;7.745
4G;TDD;15;MIMO;38;anecoica;1;124;104;1487;15;15;0;14014;22.016;28.916;36.434;4.391
4G;TDD;15;MIMO;38;anecoica;1;122;102;1259;15;15;0;14043;20.986;96.660;1.056.084;256.500
4G;TDD;15;MIMO;38;anecoica;1;124;104;1222;15;15;0;14001;24.992;25.632;26.686;0.622
4G;TDD;15;MIMO;38;anecoica;1;124;104;1392;15;15;0;14014;20.368;128.513;1.035.809;267.235
4G;TDD;15;MIMO;38;anecoica;1;124;104;2312;15;15;0;14017;21.912;31.172;40.056;5.940
4G;TDD;15;MIMO;38;anecoica;1;125;105;2271;15;15;0;14013;21.921;32.284;39.989;6.114
4G;TDD;15;MIMO;38;anecoica;1;124;104;1514;15;15;0;14014;20.905;31.903;40.054;6.416
4G;TDD;15;MIMO;38;anecoica;1;123;103;1549;15;15;0;14009;20.919;32.532;46.076;7.956
4G;TDD;15;MIMO;38;anecoica;1;124;104;1400;15;15;0;14014;20.659;29.872;39.890;6.701
4G;TDD;15;MIMO;38;anecoica;1;122;102;1697;15;15;0;14014;21.178;30.663;40.019;6.575
4G;TDD;15;MIMO;38;anecoica;1;125;105;1501;15;15;0;14015;21.208;29.949;39.787;6.311
4G;TDD;15;MIMO;38;anecoica;1;124;104;1727;15;15;0;14014;21.481;31.872;40.088;6.428
4G;TDD;15;MIMO;38;anecoica;1;123;103;1339;15;15;0;14012;20.764;30.572;40.422;7.199
4G;TDD;15;MIMO;38;anecoica;2;124;104;1349;15;15;0;14017;20.850;35.866;119.175;22.898
4G;TDD;15;MIMO;38;anecoica;2;123;103;1119;15;15;0;14016;20.983;30.622;40.035;5.994
4G;TDD;15;MIMO;38;anecoica;2;123;103;1217;15;15;0;14016;20.954;31.889;46.330;6.696
4G;TDD;15;MIMO;38;anecoica;2;124;104;1224;15;15;0;14014;22.019;35.864;48.882;7.853
4G;TDD;15;MIMO;38;anecoica;2;123;103;1324;15;15;0;14017;20.814;29.982;39.320;5.824
4G;TDD;15;MIMO;38;anecoica;2;124;104;772;15;15;0;14017;21.836;31.267;39.967;5.932
4G;TDD;15;MIMO;38;anecoica;2;123;103;737;15;15;0;14016;20.858;30.360;39.778;6.106
4G;TDD;15;MIMO;38;anecoica;2;123;103;635;15;15;0;14015;20.935;29.515;38.962;5.753
4G;TDD;15;MIMO;38;anecoica;2;123;103;1465;15;15;0;14018;21.001;31.958;45.492;6.561
4G;TDD;15;MIMO;38;anecoica;2;123;103;1196;15;15;0;14019;20.948;30.084;39.041;5.646
4G;TDD;15;MIMO;38;anecoica;2;125;105;1000;15;15;0;14016;20.967;30.655;39.979;5.837
4G;TDD;15;MIMO;38;anecoica;2;124;104;835;15;15;0;14008;20.951;32.931;40.021;7.707
4G;TDD;15;MIMO;38;anecoica;2;123;103;1360;15;15;0;14018;20.956;30.897;38.998;5.708
4G;TDD;15;MIMO;38;anecoica;2;123;103;1089;15;15;0;14015;20.952;30.831;39.818;6.270
4G;TDD;15;MIMO;38;anecoica;2;124;104;1322;15;15;0;14018;21.956;31.419;40.013;5.420
4G;TDD;15;MIMO;38;anecoica;2;123;103;1988;15;15;0;14017;21.898;30.972;40.944;5.920
4G;TDD;15;MIMO;38;anecoica;2;123;104;1458;15;15;0;14014;20.818;30.609;39.699;6.376
4G;TDD;15;MIMO;38;anecoica;2;121;102;930;15;15;0;14017;21.957;32.536;40.473;6.003
4G;TDD;15;MIMO;38;anecoica;2;123;104;1190;15;15;0;14018;20.924;31.043;45.904;6.778
4G;TDD;15;MIMO;38;anecoica;2;123;103;979;15;15;0;14018;20.949;30.545;38.993;5.622
4G;TDD;15;MIMO;38;anecoica;3;123;103;1073;15;15;0;14017;20.946;31.114;39.815;5.772
4G;TDD;15;MIMO;38;anecoica;3;124;104;645;15;15;0;14013;20.830;30.878;39.205;6.380
4G;TDD;15;MIMO;38;anecoica;3;122;103;672;15;15;0;14016;20.963;31.355;39.808;5.954
4G;TDD;15;MIMO;38;anecoica;3;122;103;1006;15;15;0;14015;21.900;31.842;39.972;5.944
4G;TDD;15;MIMO;38;anecoica;3;123;103;1553;15;15;0;14016;20.719;30.143;39.019;5.997
4G;TDD;15;MIMO;38;anecoica;3;123;103;653;15;15;0;14015;21.909;30.847;39.965;6.334
4G;TDD;15;MIMO;38;anecoica;3;122;102;1144;15;15;0;14017;22.115;31.389;40.948;5.744
4G;TDD;15;MIMO;38;anecoica;3;124;104;628;15;15;0;14003;21.941;24.289;26.735;1.545
4G;TDD;15;MIMO;38;anecoica;3;124;104;1065;15;15;0;14017;20.968;31.210;39.958;5.566
4G;TDD;15;MIMO;38;anecoica;3;124;104;1396;15;15;0;14015;21.927;32.619;39.991;6.102
4G;TDD;15;MIMO;38;anecoica;3;123;103;1254;15;15;0;14016;21.930;31.584;40.040;5.484
4G;TDD;15;MIMO;38;anecoica;3;122;102;1351;15;15;0;14017;20.988;32.060;40.011;5.881
4G;TDD;15;MIMO;38;anecoica;3;123;103;804;15;15;0;14014;21.081;31.202;39.994;6.250
4G;TDD;15;MIMO;38;anecoica;3;121;102;978;15;15;0;14017;21.048;31.328;39.929;5.918
4G;TDD;15;MIMO;38;anecoica;3;124;104;1599;15;15;0;14019;20.983;30.651;40.026;5.881
4G;TDD;15;MIMO;38;anecoica;3;123;103;1033;15;15;0;14014;21.114;30.188;39.932;6.460
4G;TDD;15;MIMO;38;anecoica;3;124;104;1216;15;15;0;14023;21.800;96.528;1.033.885;250.612
4G;TDD;15;MIMO;38;anecoica;3;123;103;885;15;15;0;14015;21.036;31.186;39.874;6.000
4G;TDD;15;MIMO;38;anecoica;3;123;103;687;15;15;0;14017;21.066;30.815;39.822;5.818
4G;TDD;15;MIMO;38;anecoica;3;124;104;979;15;15;0;14015;21.477;31.466;39.972;6.253
4G;TDD;15;MIMO;38;rever;1;94.2;79.0;1686;15;15;0;14020;21.935;30.334;39.965;5.712
4G;TDD;15;MIMO;38;rever;1;92.4;77.5;847;15;15;0;14014;21.951;32.532;39.975;5.828
4G;TDD;15;MIMO;38;rever;1;93.1;78.1;751;15;15;0;14017;20.706;30.878;39.011;6.258
4G;TDD;15;MIMO;38;rever;1;95.3;80.0;1109;15;15;0;14015;20.878;31.429;39.980;6.076
4G;TDD;15;MIMO;38;rever;1;92.8;77.9;896;15;15;0;14015;20.980;30.776;39.960;6.132
4G;TDD;15;MIMO;38;rever;1;93.0;78.0;1504;15;15;0;14017;21.077;30.544;39.941;5.775
4G;TDD;15;MIMO;38;rever;1;93.3;78.3;658;15;15;0;14017;20.908;30.494;39.040;5.721
4G;TDD;15;MIMO;38;rever;1;94.9;79.6;1455;15;15;0;14026;20.325;92.482;1.039.886;253.217
4G;TDD;15;MIMO;38;rever;1;93.4;78.4;940;15;15;0;14014;21.095;31.871;39.974;6.180
4G;TDD;15;MIMO;38;rever;1;93.3;78.3;1097;15;15;0;14016;20.915;29.661;38.960;5.907
4G;TDD;15;MIMO;38;rever;1;92.6;77.7;801;15;15;0;14015;20.903;31.171;48.936;7.239
4G;TDD;15;MIMO;38;rever;1;95.0;79.7;958;15;15;0;14017;20.962;31.321;39.996;6.165
4G;TDD;15;MIMO;38;rever;1;95.7;80.3;829;15;15;0;14015;20.947;31.270;39.982;6.220
4G;TDD;15;MIMO;38;rever;1;96.4;80.9;1388;15;15;0;14042;23.972;98.733;1.062.983;257.735
4G;TDD;15;MIMO;38;rever;1;95.1;79.7;818;15;15;0;14016;20.981;32.064;40.015;5.968
4G;TDD;15;MIMO;38;rever;1;92.9;78.0;850;15;15;0;14016;20.965;30.646;38.969;5.796
4G;TDD;15;MIMO;38;rever;1;95.6;80.2;887;15;15;0;14017;21.755;32.333;40.659;5.878
4G;TDD;15;MIMO;38;rever;1;92.0;77.2;1016;15;15;0;14017;20.762;30.323;38.995;5.748
4G;TDD;15;MIMO;38;rever;1;92.3;77.4;790;15;15;0;14015;20.933;30.539;39.018;6.135
4G;TDD;15;MIMO;38;rever;1;92.6;77.7;910;15;15;0;14017;20.974;30.948;40.049;5.963
4G;TDD;15;MIMO;38;rever;2;95.7;80.3;998;15;15;0;14016;23.017;42.311;61.910;13.483
4G;TDD;15;MIMO;38;rever;2;96.5;81.0;1330;15;15;0;14016;21.005;40.671;61.970;12.812
4G;TDD;15;MIMO;38;rever;2;99.6;83.5;1087;15;15;0;14017;20.997;38.305;64.956;12.627
4G;TDD;15;MIMO;38;rever;2;98.8;82.9;705;15;15;0;14016;22.878;41.798;58.698;10.782
4G;TDD;15;MIMO;38;rever;2;97.6;81.8;1591;15;15;0;14015;20.550;41.651;62.923;10.903
4G;TDD;15;MIMO;38;rever;2;98.7;82.8;997;15;15;0;14018;24.931;41.430;66.980;12.279
4G;TDD;15;MIMO;38;rever;2;96.1;80.6;975;15;15;0;14016;22.912;36.372;52.058;8.429
4G;TDD;15;MIMO;38;rever;2;101;84.3;1189;15;15;0;14015;30.041;42.921;60.017;9.305
4G;TDD;15;MIMO;38;rever;2;97.4;81.7;1312;15;15;0;14012;21.005;33.910;44.986;8.014
4G;TDD;15;MIMO;38;rever;2;98.7;82.8;1166;15;15;0;14015;24.866;39.966;62.904;8.939
4G;TDD;15;MIMO;38;rever;2;97.2;81.5;1226;15;15;0;14003;22.020;34.643;62.001;12.124
4G;TDD;15;MIMO;38;rever;2;95.7;80.3;907;15;15;0;14016;21.010;33.340;49.585;7.313
4G;TDD;15;MIMO;38;rever;2;97.2;81.5;1198;15;15;0;14016;25.925;40.510;57.980;8.841
4G;TDD;15;MIMO;38;rever;2;97.2;81.5;1289;15;15;0;14014;20.958;35.998;54.994;9.992
4G;TDD;15;MIMO;38;rever;2;98.1;82.3;1299;15;15;0;14016;22.960;37.398;58.939;11.049
4G;TDD;15;MIMO;38;rever;2;95.4;80.0;1254;15;15;0;14014;21.902;37.931;62.014;11.118
4G;TDD;15;MIMO;38;rever;2;98.1;82.3;953;15;15;0;14016;21.002;40.103;62.022;11.949
4G;TDD;15;MIMO;38;rever;2;97.3;81.6;1787;15;15;0;14015;22.091;40.223;56.974;11.259
4G;TDD;15;MIMO;38;rever;2;96.8;81.2;1033;15;15;0;14016;22.770;37.995;58.929;10.734
4G;TDD;15;MIMO;38;rever;2;99.2;83.2;1127;15;15;0;14017;20.953;38.398;53.912;9.314
4G;TDD;15;MIMO;38;rever;3;111;93.2;1380;15;15;0;14016;20.892;30.927;39.612;5.869
4G;TDD;15;MIMO;38;rever;3;110;92.2;1277;15;15;0;14008;24.367;31.520;39.405;3.763
4G;TDD;15;MIMO;38;rever;3;109;91.1;1732;15;15;0;14012;20.800;31.190;38.978;6.590
4G;TDD;15;MIMO;38;rever;3;110;92.4;1269;15;15;0;14005;20.922;23.668;26.468;1.630
4G;TDD;15;MIMO;38;rever;3;109;91.5;1263;15;15;0;14010;20.427;30.642;40.101;7.409
4G;TDD;15;MIMO;38;rever;3;112;93.8;1448;15;15;0;14018;21.521;30.927;39.973;5.833
4G;TDD;15;MIMO;38;rever;3;110;92.4;1959;15;15;0;14015;21.917;32.063;40.048;5.783
4G;TDD;15;MIMO;38;rever;3;110;92.4;1066;15;15;0;14012;20.879;29.470;39.011;6.177
4G;TDD;15;MIMO;38;rever;3;112;93.9;1313;15;15;0;14013;20.938;31.759;45.772;7.923
4G;TDD;15;MIMO;38;rever;3;111;93.0;1120;15;15;0;14012;20.925;32.384;39.905;6.479
4G;TDD;15;MIMO;38;rever;3;111;92.9;1857;15;15;0;14018;21.491;31.252;39.983;5.875
4G;TDD;15;MIMO;38;rever;3;110;92.7;1294;15;15;0;14010;21.138;30.559;40.319;7.519
4G;TDD;15;MIMO;38;rever;3;110;92.3;1468;15;15;0;14013;21.643;31.191;39.929;6.588
4G;TDD;15;MIMO;38;rever;3;111;92.9;1469;15;15;0;14017;20.885;30.850;39.701;6.277
4G;TDD;15;MIMO;38;rever;3;113;94.4;1889;15;15;0;14012;21.066;31.438;39.993;6.593
4G;TDD;15;MIMO;38;rever;3;111;93.4;1395;15;15;0;14015;20.685;30.538;39.741;6.243
4G;TDD;15;MIMO;38;rever;3;110;92.5;1348;15;15;0;14012;20.998;29.910;39.935;6.663
4G;TDD;15;MIMO;38;rever;3;111;93.4;1186;15;15;0;14009;20.358;30.064;39.983;8.077
4G;TDD;15;MIMO;38;rever;3;111;93.3;684;15;15;0;14007;20.981;26.693;39.996;6.622
4G;TDD;15;MIMO;38;rever;3;110;92.2;1596;15;15;0;14012;20.765;29.656;39.012;6.692
4G;TDD;15;SISO;38;anecoica;1;67.5;56.6;1047;15;15;0;14014;20.871;29.629;39.027;6.417
4G;TDD;15;SISO;38;anecoica;1;67.6;56.7;1054;15;15;0;14011;21.058;32.046;39.963;6.529
4G;TDD;15;SISO;38;anecoica;1;67.6;56.7;1365;15;15;0;14010;20.949;28.778;39.071;6.548
4G;TDD;15;SISO;38;anecoica;1;67.4;56.5;1680;15;15;0;14014;21.917;31.693;40.221;6.090
4G;TDD;15;SISO;38;anecoica;1;67.6;56.7;1500;15;15;0;14017;20.956;30.325;39.087;5.987
4G;TDD;15;SISO;38;anecoica;1;67.2;56.4;1539;15;15;0;14012;21.015;31.771;39.950;6.886
4G;TDD;15;SISO;38;anecoica;1;67.6;56.7;1905;15;15;0;14016;21.925;32.103;40.066;6.393
4G;TDD;15;SISO;38;anecoica;1;67.3;56.5;1004;15;15;0;14007;20.331;31.861;40.068;8.057
4G;TDD;15;SISO;38;anecoica;1;67.4;56.6;855;15;15;0;14016;20.990;30.447;39.433;6.244
4G;TDD;15;SISO;38;anecoica;1;67.1;56.3;1041;15;15;0;14017;21.046;30.654;39.937;5.912
4G;TDD;15;SISO;38;anecoica;1;67.6;56.7;1279;15;15;0;14025;20.976;92.376;1.038.768;252.972
4G;TDD;15;SISO;38;anecoica;1;67.6;56.7;1289;15;15;0;14015;21.006;31.248;39.969;6.273
4G;TDD;15;SISO;38;anecoica;1;67.4;56.6;1179;15;15;0;14000;24.980;25.692;26.897;0.650
4G;TDD;15;SISO;38;anecoica;1;67.6;56.7;1490;15;15;0;14011;20.970;31.440;39.971;6.789
4G;TDD;15;SISO;38;anecoica;1;67.7;56.8;1006;15;15;0;14013;20.948;30.218;39.985;6.907
4G;TDD;15;SISO;38;anecoica;1;67.5;56.6;1243;15;15;0;14015;20.760;30.311;38.939;5.977
4G;TDD;15;SISO;38;anecoica;1;67.6;56.7;1205;15;15;0;14014;20.972;30.262;39.987;6.925
4G;TDD;15;SISO;38;anecoica;1;67.5;56.6;1068;15;15;0;14017;20.914;31.039;39.384;6.112
4G;TDD;15;SISO;38;anecoica;1;67.8;56.9;1545;15;15;0;14020;20.790;98.158;1.026.602;248.184
4G;TDD;15;SISO;38;anecoica;1;67.5;56.6;994;15;15;0;14012;20.909;30.222;39.983;7.259
4G;TDD;15;SISO;38;anecoica;2;67.6;56.7;997;15;15;0;14017;21.909;31.920;40.005;5.667
4G;TDD;15;SISO;38;anecoica;2;67.6;56.7;823;15;15;0;14017;20.438;29.056;38.904;5.735
4G;TDD;15;SISO;38;anecoica;2;67.6;56.7;1014;15;15;0;14028;20.448;95.545;1.044.025;253.549
4G;TDD;15;SISO;38;anecoica;2;68.0;57.0;1198;15;15;0;14046;20.398;98.531;1.050.915;254.616
4G;TDD;15;SISO;38;anecoica;2;67.1;56.3;622;15;15;0;14015;21.589;30.814;39.976;6.069
4G;TDD;15;SISO;38;anecoica;2;67.7;56.8;1056;15;15;0;14015;20.981;30.495;39.960;6.182
4G;TDD;15;SISO;38;anecoica;2;67.3;56.5;1719;15;15;0;14016;20.982;31.953;49.973;7.328
4G;TDD;15;SISO;38;anecoica;2;67.4;56.6;1531;15;15;0;14017;20.998;30.156;39.993;6.129
4G;TDD;15;SISO;38;anecoica;2;67.2;56.4;747;15;15;0;14015;21.892;31.681;39.970;5.951
4G;TDD;15;SISO;38;anecoica;2;67.5;56.6;1321;15;15;0;14019;21.967;31.304;40.680;5.831
4G;TDD;15;SISO;38;anecoica;2;67.6;56.7;1199;15;15;0;14016;20.319;29.034;39.051;6.243
4G;TDD;15;SISO;38;anecoica;2;67.8;56.9;1388;15;15;0;14014;20.917;29.894;39.029;6.132
4G;TDD;15;SISO;38;anecoica;2;67.5;56.6;1486;15;15;0;14015;21.842;31.768;39.972;6.033
4G;TDD;15;SISO;38;anecoica;2;67.7;56.8;1366;15;15;0;14008;20.749;32.666;39.041;7.457
4G;TDD;15;SISO;38;anecoica;2;67.2;56.4;714;15;15;0;14035;20.998;97.926;1.042.790;252.599
4G;TDD;15;SISO;38;anecoica;2;67.5;56.6;1132;15;15;0;14017;20.901;29.218;38.958;6.191
4G;TDD;15;SISO;38;anecoica;2;67.7;56.8;1701;15;15;0;14016;21.039;31.248;39.999;6.019
4G;TDD;15;SISO;38;anecoica;2;67.2;56.4;1061;15;15;0;14015;20.887;29.041;38.934;5.968
4G;TDD;15;SISO;38;anecoica;2;67.5;56.7;1448;15;15;0;14020;24.997;99.396;1.044.986;252.756
4G;TDD;15;SISO;38;anecoica;2;67.2;56.4;672;15;15;0;14016;21.003;31.394;39.973;6.087
4G;TDD;15;SISO;38;anecoica;3;67.9;56.9;840;15;15;0;14007;20.734;32.892;39.916;7.928
4G;TDD;15;SISO;38;anecoica;3;67.3;56.5;982;15;15;0;14015;21.894;31.066;40.006;6.348
4G;TDD;15;SISO;38;anecoica;3;67.3;56.5;1008;15;15;0;14039;20.954;98.096;1.056.988;256.327
4G;TDD;15;SISO;38;anecoica;3;67.3;56.5;738;15;15;0;14016;20.809;30.465;39.579;5.771
4G;TDD;15;SISO;38;anecoica;3;67.6;56.7;955;15;15;0;14017;20.942;30.327;38.949;5.341
4G;TDD;15;SISO;38;anecoica;3;67.4;56.5;832;15;15;0;14010;20.922;33.425;39.772;7.192
4G;TDD;15;SISO;38;anecoica;3;67.4;56.5;1113;15;15;0;14015;20.975;30.996;39.959;5.929
4G;TDD;15;SISO;38;anecoica;3;67.5;56.6;994;15;15;0;14019;21.143;30.622;39.881;5.509
4G;TDD;15;SISO;38;anecoica;3;66.8;56.0;852;15;15;0;14016;20.923;30.325;39.112;5.632
4G;TDD;15;SISO;38;anecoica;3;67.4;56.6;1052;15;15;0;14019;20.890;30.186;39.615;5.828
4G;TDD;15;SISO;38;anecoica;3;67.6;56.7;800;15;15;0;14015;21.949;32.048;39.998;6.004
4G;TDD;15;SISO;38;anecoica;3;67.5;56.6;572;15;15;0;14016;20.969;30.513;39.948;5.973
4G;TDD;15;SISO;38;anecoica;3;67.2;56.4;1151;15;15;0;14017;20.945;30.573;39.662;5.888
4G;TDD;15;SISO;38;anecoica;3;67.1;56.3;1122;15;15;0;14017;20.925;29.511;38.944;5.648
4G;TDD;15;SISO;38;anecoica;3;67.8;56.8;1167;15;15;0;14018;20.961;30.420;38.959;5.296
4G;TDD;15;SISO;38;anecoica;3;67.6;56.7;969;15;15;0;14015;20.914;29.581;38.993;6.127
4G;TDD;15;SISO;38;anecoica;3;67.3;56.4;1312;15;15;0;14014;21.006;31.423;39.964;6.279
4G;TDD;15;SISO;38;anecoica;3;67.4;56.5;1000;15;15;0;14017;20.911;31.201;39.278;5.786
4G;TDD;15;SISO;38;anecoica;3;67.8;56.9;1394;15;15;0;14015;20.508;30.736;39.117;5.949
4G;TDD;15;SISO;38;anecoica;3;67.8;56.9;1064;15;15;0;14016;20.931;30.222;38.991;6.018
4G;TDD;15;SISO;38;rever;1;66.9;56.1;1225;15;15;0;14016;20.925;30.938;39.949;5.789
4G;TDD;15;SISO;38;rever;1;67.5;56.6;1104;15;15;0;14013;20.601;30.103;39.941;6.924
4G;TDD;15;SISO;38;rever;1;67.8;56.8;1461;15;15;0;14017;21.514;31.123;39.945;5.807
4G;TDD;15;SISO;38;rever;1;67.8;56.9;1222;15;15;0;14015;20.981;31.487;39.979;5.834
4G;TDD;15;SISO;38;rever;1;67.7;56.8;1175;15;15;0;14017;21.569;31.423;39.993;6.105
4G;TDD;15;SISO;38;rever;1;67.3;56.5;1205;15;15;0;14015;20.900;30.956;39.432;6.144
4G;TDD;15;SISO;38;rever;1;66.9;56.1;1351;15;15;0;14017;22.918;29.810;40.025;5.151
4G;TDD;15;SISO;38;rever;1;67.8;56.9;1022;15;15;0;14015;20.604;30.712;39.333;6.064
4G;TDD;15;SISO;38;rever;1;67.2;56.4;847;15;15;0;14038;20.982;98.619;1.054.115;255.436
4G;TDD;15;SISO;38;rever;1;67.2;56.4;892;15;15;0;14017;20.957;31.180;38.979;5.360
4G;TDD;15;SISO;38;rever;1;66.0;55.3;1330;15;15;0;14018;21.010;30.946;39.969;5.862
4G;TDD;15;SISO;38;rever;1;67.2;56.4;1726;15;15;0;14016;21.881;31.071;40.042;5.816
4G;TDD;15;SISO;38;rever;1;67.4;56.6;1456;15;15;0;14007;21.020;26.636;39.987;6.354
4G;TDD;15;SISO;38;rever;1;67.8;56.9;1226;15;15;0;14038;20.977;164.648;1.053.016;342.645
4G;TDD;15;SISO;38;rever;1;67.5;56.6;1135;15;15;0;14015;20.971;31.379;39.975;6.175
4G;TDD;15;SISO;38;rever;1;67.6;56.7;768;15;15;0;14016;20.951;30.737;38.965;5.743
4G;TDD;15;SISO;38;rever;1;67.0;56.2;681;15;15;0;14017;21.971;32.151;39.995;5.591
4G;TDD;15;SISO;38;rever;1;66.9;56.1;888;15;15;0;14007;21.097;33.008;39.757;7.554
4G;TDD;15;SISO;38;rever;1;67.0;56.2;980;15;15;0;14034;20.762;96.663;1.041.109;252.488
4G;TDD;15;SISO;38;rever;1;67.6;56.7;1428;15;15;0;14018;20.979;29.928;39.912;5.781
4G;TDD;15;SISO;38;rever;2;65.1;54.6;760;15;15;0;14017;20.655;30.782;39.003;6.031
4G;TDD;15;SISO;38;rever;2;66.4;55.7;649;15;15;0;14017;20.948;29.598;39.067;5.784
4G;TDD;15;SISO;38;rever;2;66.5;55.8;1214;15;15;0;14016;20.973;30.383;39.940;6.030
4G;TDD;15;SISO;38;rever;2;66.6;55.9;1026;15;15;0;14018;20.938;30.697;39.029;5.738
4G;TDD;15;SISO;38;rever;2;66.4;55.7;714;15;15;0;14016;20.999;30.494;39.912;6.108
4G;TDD;15;SISO;38;rever;2;67.5;56.6;848;15;15;0;14017;21.945;31.026;39.947;5.683
4G;TDD;15;SISO;38;rever;2;67.0;56.2;575;15;15;0;14019;20.895;29.889;39.076;5.588
4G;TDD;15;SISO;38;rever;2;66.6;55.9;615;15;15;0;14016;20.900;30.403;39.005;6.221
4G;TDD;15;SISO;38;rever;2;66.2;55.5;1595;15;15;0;14017;21.954;32.263;40.033;5.745
4G;TDD;15;SISO;38;rever;2;66.7;55.9;1132;15;15;0;14017;21.964;31.215;40.007;5.961
4G;TDD;15;SISO;38;rever;2;66.7;55.9;446;15;15;0;14018;20.981;31.138;40.005;5.811
4G;TDD;15;SISO;38;rever;2;67.3;56.5;1054;15;15;0;14019;21.791;30.874;39.937;5.433
4G;TDD;15;SISO;38;rever;2;67.2;56.3;1052;15;15;0;14018;20.948;29.989;39.018;5.905
4G;TDD;15;SISO;38;rever;2;66.5;55.8;968;15;15;0;14017;20.901;30.532;39.079;5.631
4G;TDD;15;SISO;38;rever;2;66.0;55.3;1434;15;15;0;14017;20.955;29.315;39.633;5.832
4G;TDD;15;SISO;38;rever;2;66.5;55.8;778;15;15;0;14015;20.903;29.676;39.040;6.131
4G;TDD;15;SISO;38;rever;2;66.9;56.1;998;15;15;0;14036;21.104;165.058;1.047.885;343.802
4G;TDD;15;SISO;38;rever;2;67.0;56.2;738;15;15;0;14017;20.909;30.619;39.021;5.831
4G;TDD;15;SISO;38;rever;2;66.5;55.8;806;15;15;0;14018;20.878;29.677;38.955;5.449
4G;TDD;15;SISO;38;rever;2;67.2;56.4;1123;15;15;0;14005;20.971;23.650;26.224;1.658
4G;TDD;15;SISO;38;rever;3;67.4;56.5;1457;15;15;0;14015;20.288;30.415;38.993;6.353
4G;TDD;15;SISO;38;rever;3;67.9;56.9;1224;15;15;0;14011;20.531;30.876;40.054;7.312
4G;TDD;15;SISO;38;rever;3;67.2;56.4;978;15;15;0;14014;20.775;30.543;39.985;7.225
4G;TDD;15;SISO;38;rever;3;67.2;56.4;1409;15;15;0;14015;20.952;30.718;39.744;6.298
4G;TDD;15;SISO;38;rever;3;67.6;56.7;1064;15;15;0;14021;22.391;97.091;1.041.065;252.331
4G;TDD;15;SISO;38;rever;3;67.2;56.4;1348;15;15;0;14008;21.432;28.142;39.969;6.934
4G;TDD;15;SISO;38;rever;3;67.4;56.5;1359;15;15;0;14013;21.920;32.674;40.227;6.398
4G;TDD;15;SISO;38;rever;3;67.4;56.5;1161;15;15;0;14014;20.968;30.217;40.039;6.660
4G;TDD;15;SISO;38;rever;3;67.3;56.5;1327;15;15;0;14019;21.444;30.648;39.981;5.742
4G;TDD;15;SISO;38;rever;3;67.5;56.6;1114;15;15;0;14040;20.978;96.314;1.060.067;257.599
4G;TDD;15;SISO;38;rever;3;67.5;56.7;1725;15;15;0;14008;21.080;28.356;39.956;6.405
4G;TDD;15;SISO;38;rever;3;67.6;56.7;850;15;15;0;14010;20.749;29.242;39.946;7.437
4G;TDD;15;SISO;38;rever;3;67.4;56.6;657;15;15;0;14016;21.238;30.713;39.998;6.511
4G;TDD;15;SISO;38;rever;3;67.3;56.4;1072;15;15;0;14014;21.652;32.850;39.988;5.884
4G;TDD;15;SISO;38;rever;3;67.8;56.8;1293;15;15;0;14015;20.928;28.857;39.030;6.159
4G;TDD;15;SISO;38;rever;3;67.6;56.7;868;15;15;0;14010;20.915;30.435;39.749;7.263
4G;TDD;15;SISO;38;rever;3;67.6;56.7;1080;15;15;0;14009;20.980;29.956;40.062;7.525
4G;TDD;15;SISO;38;rever;3;67.7;56.8;1836;15;15;0;14012;20.904;28.629;38.981;6.801
4G;TDD;15;SISO;38;rever;3;67.8;56.9;870;15;15;0;14013;21.330;30.427;39.960;6.478
4G;TDD;15;SISO;38;rever;3;67.2;56.4;1044;15;15;0;14025;21.021;94.257;1.036.080;251.783
4G;TDD;20;MIMO;38;anecoica;1;166;139;1554;15;15;0;14016;21.763;31.693;39.958;6.045
4G;TDD;20;MIMO;38;anecoica;1;166;140;1908;15;15;0;14016;21.954;48.551;285.707;63.636
4G;TDD;20;MIMO;38;anecoica;1;164;138;2334;15;15;0;14018;21.120;30.338;39.876;5.888
4G;TDD;20;MIMO;38;anecoica;1;165;139;1638;15;15;0;14012;20.908;31.878;40.466;7.395
4G;TDD;20;MIMO;38;anecoica;1;165;138;2650;15;15;0;14013;20.949;29.980;40.011;6.873
4G;TDD;20;MIMO;38;anecoica;1;166;139;1661;15;15;0;14013;20.869;30.242;39.915;6.550
4G;TDD;20;MIMO;38;anecoica;1;165;138;1753;15;15;0;14014;21.832;31.720;39.983;6.643
4G;TDD;20;MIMO;38;anecoica;1;165;139;1547;15;15;0;14015;21.914;32.895;40.062;5.880
4G;TDD;20;MIMO;38;anecoica;1;164;138;2302;15;15;0;14015;20.997;31.407;40.011;6.335
4G;TDD;20;MIMO;38;anecoica;1;167;140;1653;15;15;0;14026;20.907;95.715;1.034.497;250.997
4G;TDD;20;MIMO;38;anecoica;1;166;139;1576;15;15;0;14016;20.932;30.353;39.879;5.936
4G;TDD;20;MIMO;38;anecoica;1;165;139;1991;15;15;0;14013;21.007;31.937;39.971;6.283
4G;TDD;20;MIMO;38;anecoica;1;166;139;1905;15;15;0;14017;20.996;97.468;1.032.921;250.088
4G;TDD;20;MIMO;38;anecoica;1;165;139;1341;15;14;6;14014;21.825;33.217;40.101;6.138
4G;TDD;20;MIMO;38;anecoica;1;167;140;1690;15;15;0;14013;20.976;31.712;39.999;6.699
4G;TDD;20;MIMO;38;anecoica;1;162;136;2456;15;15;0;14012;21.286;32.474;40.989;6.697
4G;TDD;20;MIMO;38;anecoica;1;164;138;1067;15;15;0;14014;21.815;31.440;40.052;6.132
4G;TDD;20;MIMO;38;anecoica;1;164;137;1636;15;15;0;14047;20.748;292.784;1.058.777;390.783
4G;TDD;20;MIMO;38;anecoica;1;167;140;1985;15;15;0;14013;21.933;32.582;40.063;6.346
4G;TDD;20;MIMO;38;anecoica;1;166;139;1710;15;15;0;14034;22.499;167.758;1.055.086;345.493
4G;TDD;20;MIMO;38;anecoica;2;166;139;1744;15;15;0;14016;22.796;31.985;41.733;6.008
4G;TDD;20;MIMO;38;anecoica;2;166;139;2035;15;15;0;14002;22.952;23.892;25.841;0.923
4G;TDD;20;MIMO;38;anecoica;2;166;139;1481;15;15;0;13999;23.978;28.102;45.915;7.000
4G;TDD;20;MIMO;38;anecoica;2;165;138;1134;15;15;0;14015;21.152;30.306;39.965;5.957
4G;TDD;20;MIMO;38;anecoica;2;166;139;1884;15;15;0;14016;20.960;30.502;39.923;5.893
4G;TDD;20;MIMO;38;anecoica;2;165;138;1135;15;15;0;14032;20.952;99.843;1.048.980;253.740
4G;TDD;20;MIMO;38;anecoica;2;165;138;1554;15;15;0;14016;21.951;65.831;537.843;126.249
4G;TDD;20;MIMO;38;anecoica;2;166;139;1631;15;15;0;14018;20.954;30.231;39.003;5.243
4G;TDD;20;MIMO;38;anecoica;2;166;139;1056;15;15;0;14028;21.105;96.858;1.033.933;250.540
4G;TDD;20;MIMO;38;anecoica;2;166;139;1918;15;15;0;14015;20.925;32.563;40.016;6.081
4G;TDD;20;MIMO;38;anecoica;2;165;139;1070;15;15;0;14018;20.833;32.013;43.900;6.357
4G;TDD;20;MIMO;38;anecoica;2;165;139;1854;15;15;0;14063;22.921;166.410;1.063.008;349.347
4G;TDD;20;MIMO;38;anecoica;2;166;140;1261;15;15;0;14013;20.972;31.243;39.966;6.642
4G;TDD;20;MIMO;38;anecoica;2;166;139;2200;15;14;6;14016;21.645;32.246;40.006;6.193
4G;TDD;20;MIMO;38;anecoica;2;165;139;1374;15;15;0;14033;20.564;144.937;1.040.022;294.713
4G;TDD;20;MIMO;38;anecoica;2;166;139;1704;15;15;0;14014;20.856;30.953;39.939;6.292
4G;TDD;20;MIMO;38;anecoica;2;165;139;1334;15;15;0;14041;24.717;98.676;1.063.961;258.009
4G;TDD;20;MIMO;38;anecoica;2;166;139;1601;15;15;0;14057;20.282;305.972;1.064.961;409.865
4G;TDD;20;MIMO;38;anecoica;2;165;138;1883;15;15;0;14018;21.871;30.473;39.955;5.327
4G;TDD;20;MIMO;38;anecoica;2;166;139;1132;15;15;0;14027;20.589;92.701;1.038.903;252.920
4G;TDD;20;MIMO;38;anecoica;3;165;139;1868;15;15;0;14037;23.068;161.216;1.025.068;329.765
4G;TDD;20;MIMO;38;anecoica;3;165;138;871;15;15;0;14017;22.985;32.549;41.876;5.747
4G;TDD;20;MIMO;38;anecoica;3;165;138;1220;15;15;0;14018;21.081;94.336;990.944;239.691
4G;TDD;20;MIMO;38;anecoica;3;165;138;900;15;15;0;14054;21.937;232.185;1.056.994;401.069
4G;TDD;20;MIMO;38;anecoica;3;166;139;1169;15;15;0;14007;20.678;34.027;40.028;7.687
4G;TDD;20;MIMO;38;anecoica;3;165;139;1277;15;15;0;14019;21.218;30.302;39.953;5.597
4G;TDD;20;MIMO;38;anecoica;3;163;137;1146;15;15;0;14070;20.932;279.028;1.057.676;422.382
4G;TDD;20;MIMO;38;anecoica;3;166;139;1464;15;15;0;14036;20.953;98.784;1.056.043;255.902
4G;TDD;20;MIMO;38;anecoica;3;165;138;1536;15;15;0;14018;20.832;29.610;38.954;5.728
4G;TDD;20;MIMO;38;anecoica;3;164;138;1292;15;15;0;14015;21.126;91.653;493.003;154.943
4G;TDD;20;MIMO;38;anecoica;3;165;139;1912;15;15;0;14088;21.956;385.805;1.067.892;473.351
4G;TDD;20;MIMO;38;anecoica;3;166;139;1020;15;15;0;14015;21.951;32.996;46.000;6.772
4G;TDD;20;MIMO;38;anecoica;3;163;137;1112;15;15;0;14016;20.830;30.516;39.646;5.762
4G;TDD;20;MIMO;38;anecoica;3;164;138;893;15;15;0;14016;20.421;30.428;39.278;5.979
4G;TDD;20;MIMO;38;anecoica;3;165;139;1499;15;14;6;14015;20.952;31.521;39.032;6.180
4G;TDD;20;MIMO;38;anecoica;3;164;138;1972;15;15;0;14016;21.073;31.322;39.878;5.654
4G;TDD;20;MIMO;38;anecoica;3;164;138;1320;15;15;0;14014;20.945;31.177;39.808;6.430
4G;TDD;20;MIMO;38;anecoica;3;162;136;1060;15;15;0;14016;20.886;29.826;38.940;5.741
4G;TDD;20;MIMO;38;anecoica;3;164;137;801;15;15;0;14017;21.021;31.139;39.964;6.155
4G;TDD;20;MIMO;38;anecoica;3;164;138;1052;15;15;0;14048;21.630;432.716;1.050.930;494.563
4G;TDD;20;MIMO;38;rever;1;133;112;951;15;15;0;14014;20.889;59.203;241.901;68.756
4G;TDD;20;MIMO;38;rever;1;134;113;1906;15;15;0;14015;20.976;32.221;39.998;5.829
4G;TDD;20;MIMO;38;rever;1;134;113;1300;15;15;0;14015;21.958;79.862;273.989;96.665
4G;TDD;20;MIMO;38;rever;1;133;112;1748;15;15;0;14029;21.517;96.799;1.042.698;252.891
4G;TDD;20;MIMO;38;rever;1;133;112;839;15;15;0;14018;21.081;31.399;39.849;5.750
4G;TDD;20;MIMO;38;rever;1;135;113;1884;15;15;0;14060;20.978;165.218;1.056.098;347.306
4G;TDD;20;MIMO;38;rever;1;131;110;1421;15;15;0;14019;21.869;98.569;1.034.863;250.331
4G;TDD;20;MIMO;38;rever;1;134;112;1963;15;15;0;14014;21.740;32.204;40.024;5.646
4G;TDD;20;MIMO;38;rever;1;131;110;2140;15;15;0;14017;20.988;31.954;40.062;5.766
4G;TDD;20;MIMO;38;rever;1;134;113;1616;15;15;0;14014;20.813;31.503;39.031;6.374
4G;TDD;20;MIMO;38;rever;1;135;113;2357;15;15;0;14017;20.544;29.957;39.034;6.281
4G;TDD;20;MIMO;38;rever;1;135;113;1157;15;15;0;14017;20.924;30.007;38.936;5.647
4G;TDD;20;MIMO;38;rever;1;134;113;1843;15;15;0;14017;20.944;30.056;38.891;5.533
4G;TDD;20;MIMO;38;rever;1;135;113;1822;15;15;0;14020;20.842;95.622;1.038.065;251.926
4G;TDD;20;MIMO;38;rever;1;134;113;1218;15;15;0;14020;25.830;98.314;1.044.893;253.014
4G;TDD;20;MIMO;38;rever;1;135;113;2668;15;15;0;14016;20.858;30.379;38.974;5.725
4G;TDD;20;MIMO;38;rever;1;134;113;1756;15;15;0;14032;21.820;101.217;1.054.034;254.721
4G;TDD;20;MIMO;38;rever;1;134;113;1349;15;15;0;14017;20.975;31.268;39.983;5.966
4G;TDD;20;MIMO;38;rever;1;135;113;2132;15;15;0;14056;20.868;163.086;1.059.914;348.730
4G;TDD;20;MIMO;38;rever;1;134;113;1482;15;15;0;14016;21.766;31.481;40.018;5.996
4G;TDD;20;MIMO;38;rever;2;123;103;1294;15;15;0;14018;20.948;29.572;38.848;5.666
4G;TDD;20;MIMO;38;rever;2;125;105;986;15;15;0;14030;20.940;99.357;1.051.904;254.659
4G;TDD;20;MIMO;38;rever;2;124;104;1170;15;15;0;14017;20.966;30.736;39.946;5.662
4G;TDD;20;MIMO;38;rever;2;124;104;1505;15;15;0;14015;20.909;31.115;40.006;6.313
4G;TDD;20;MIMO;38;rever;2;124;104;1185;15;15;0;14017;20.457;30.010;39.570;5.724
4G;TDD;20;MIMO;38;rever;2;124;104;1391;15;15;0;14020;21.578;162.699;1.039.848;343.503
4G;TDD;20;MIMO;38;rever;2;124;104;734;15;15;0;14017;21.909;31.486;40.017;5.577
4G;TDD;20;MIMO;38;rever;2;125;105;1465;15;15;0;14034;21.968;163.931;1.045.997;344.981
4G;TDD;20;MIMO;38;rever;2;124;104;1803;15;15;0;14045;20.958;94.989;1.059.030;257.695
4G;TDD;20;MIMO;38;rever;2;126;105;1459;15;15;0;14015;21.955;34.524;49.015;8.557
4G;TDD;20;MIMO;38;rever;2;125;105;1773;15;12;20;14181;31.758;1.109.301;4.653.877;1577.155pipe5
4G;TDD;20;MIMO;38;rever;2;124;104;1004;15;15;0;14015;20.984;32.026;39.979;6.090
4G;TDD;20;MIMO;38;rever;2;125;105;1768;15;15;0;14028;20.971;161.258;1.039.951;342.707
4G;TDD;20;MIMO;38;rever;2;125;105;1041;15;15;0;14025;21.445;162.823;1.035.930;340.546
4G;TDD;20;MIMO;38;rever;2;124;104;912;15;15;0;14015;20.978;31.284;39.837;6.111
4G;TDD;20;MIMO;38;rever;2;126;105;1100;15;15;0;14014;20.933;30.276;38.966;6.474
4G;TDD;20;MIMO;38;rever;2;124;104;1553;15;15;0;14015;20.929;29.733;39.055;6.273
4G;TDD;20;MIMO;38;rever;2;124;104;1495;15;15;0;14014;20.964;65.815;544.028;127.972
4G;TDD;20;MIMO;38;rever;2;123;103;1044;15;14;6;14017;21.859;31.779;39.955;5.960
4G;TDD;20;MIMO;38;rever;2;123;103;1476;15;15;0;14027;20.777;95.398;1.038.958;252.272
4G;TDD;20;MIMO;38;rever;3;142;119;2273;15;15;0;14015;20.882;29.585;39.763;6.352
4G;TDD;20;MIMO;38;rever;3;142;119;1983;15;15;0;14012;21.025;83.964;842.946;202.949
4G;TDD;20;MIMO;38;rever;3;142;119;2137;15;15;0;14012;20.905;29.050;39.967;7.099
4G;TDD;20;MIMO;38;rever;3;143;120;1750;15;15;0;14012;20.985;31.344;46.178;8.084
4G;TDD;20;MIMO;38;rever;3;144;121;2009;15;15;0;14021;21.007;99.980;1.029.991;248.612
4G;TDD;20;MIMO;38;rever;3;144;120;1708;15;15;0;14015;21.529;31.693;39.929;6.125
4G;TDD;20;MIMO;38;rever;3;143;120;1933;15;15;0;14013;21.010;31.579;40.106;6.956
4G;TDD;20;MIMO;38;rever;3;140;117;1978;15;15;0;14013;20.630;161.971;1.022.441;337.477
4G;TDD;20;MIMO;38;rever;3;145;122;1625;15;15;0;14037;20.964;100.234;1.055.976;255.543
4G;TDD;20;MIMO;38;rever;3;138;115;1724;15;15;0;14012;20.950;31.557;39.967;6.495
4G;TDD;20;MIMO;38;rever;3;139;116;1744;15;15;0;14025;21.015;93.583;1.037.414;252.308
4G;TDD;20;MIMO;38;rever;3;143;120;2516;15;15;0;14054;21.640;165.080;1.056.892;348.312
4G;TDD;20;MIMO;38;rever;3;142;119;2141;15;15;0;14011;20.988;27.946;39.815;6.778
4G;TDD;20;MIMO;38;rever;3;143;120;2221;15;15;0;14007;21.498;29.474;40.161;7.490
4G;TDD;20;MIMO;38;rever;3;141;119;1790;15;15;0;14009;20.981;27.417;39.902;6.828
4G;TDD;20;MIMO;38;rever;3;145;122;5027;15;15;0;14019;21.567;98.878;1.032.047;249.484
4G;TDD;20;MIMO;38;rever;3;144;121;1795;15;15;0;14046;20.839;163.952;1.055.934;347.971
4G;TDD;20;MIMO;38;rever;3;144;120;2558;15;15;0;14009;20.354;30.849;40.132;8.019
4G;TDD;20;MIMO;38;rever;3;142;119;2711;15;15;0;14009;21.925;32.168;40.006;6.779
4G;TDD;20;MIMO;38;rever;3;142;119;1611;15;15;0;14009;20.207;31.168;41.000;7.856
4G;TDD;20;SISO;38;anecoica;1;87.0;73.0;1434;15;15;0;14031;24.050;99.500;1.023.094;247.001
4G;TDD;20;SISO;38;anecoica;1;86.5;72.6;1536;15;15;0;14017;20.662;30.230;43.998;6.372
4G;TDD;20;SISO;38;anecoica;1;87.3;73.2;1587;15;15;0;14013;22.685;27.984;36.369;4.264
4G;TDD;20;SISO;38;anecoica;1;86.1;72.3;1105;15;15;0;14016;20.945;30.645;43.820;6.931
4G;TDD;20;SISO;38;anecoica;1;86.6;72.7;1481;15;15;0;14014;21.666;32.776;49.950;6.641
4G;TDD;20;SISO;38;anecoica;1;85.5;71.7;2062;15;15;0;14017;21.015;30.807;39.959;5.430
4G;TDD;20;SISO;38;anecoica;1;86.5;72.5;1274;15;15;0;14014;21.935;32.250;56.567;9.330
4G;TDD;20;SISO;38;anecoica;1;86.6;72.6;1876;15;15;0;14015;21.059;33.917;48.937;7.866
4G;TDD;20;SISO;38;anecoica;1;84.6;70.9;1579;15;15;0;14014;20.838;31.611;38.975;4.819
4G;TDD;20;SISO;38;anecoica;1;86.0;72.2;2015;15;15;0;14013;20.956;32.733;44.968;7.681
4G;TDD;20;SISO;38;anecoica;1;86.5;72.6;1356;15;15;0;14013;20.362;37.146;52.976;9.699
4G;TDD;20;SISO;38;anecoica;1;87.0;73.0;1398;15;15;0;14014;20.960;32.331;39.126;6.153
4G;TDD;20;SISO;38;anecoica;1;86.5;72.6;1534;15;15;0;14015;21.019;32.302;48.020;6.112
4G;TDD;20;SISO;38;anecoica;1;87.0;73.0;1770;15;15;0;14013;24.003;34.943;56.498;8.971
4G;TDD;20;SISO;38;anecoica;1;84.9;71.2;1646;15;15;0;14012;20.926;29.032;40.065;6.045
4G;TDD;20;SISO;38;anecoica;1;85.9;72.0;1336;15;15;0;14015;20.978;33.633;48.948;7.437
4G;TDD;20;SISO;38;anecoica;1;87.1;73.0;1846;15;15;0;14013;21.195;32.901;39.952;4.763
4G;TDD;20;SISO;38;anecoica;1;86.0;72.1;1565;15;15;0;14013;20.767;38.348;55.394;9.603
4G;TDD;20;SISO;38;anecoica;1;86.0;72.1;1425;15;15;0;14013;20.949;27.441;39.028;6.050
4G;TDD;20;SISO;38;anecoica;1;85.7;71.9;1467;15;15;0;14016;23.947;37.297;50.156;7.320
4G;TDD;20;SISO;38;anecoica;2;87.9;73.7;1047;15;15;0;14017;20.920;32.211;49.040;7.353
4G;TDD;20;SISO;38;anecoica;2;88.0;73.8;431;15;15;0;14017;21.612;31.251;39.967;6.262
4G;TDD;20;SISO;38;anecoica;2;87.5;73.4;935;15;15;0;14016;20.895;30.066;39.007;6.161
4G;TDD;20;SISO;38;anecoica;2;87.7;73.5;866;15;15;0;14017;20.965;30.354;38.983;5.599
4G;TDD;20;SISO;38;anecoica;2;87.3;73.3;1083;15;15;0;14017;20.745;30.132;39.046;6.310
4G;TDD;20;SISO;38;anecoica;2;87.8;73.6;775;15;15;0;14019;20.941;30.634;39.773;5.757
4G;TDD;20;SISO;38;anecoica;2;87.6;73.5;805;15;15;0;14017;22.919;32.447;40.988;5.859
4G;TDD;20;SISO;38;anecoica;2;87.9;73.7;1368;15;15;0;14017;20.948;30.114;38.977;5.917
4G;TDD;20;SISO;38;anecoica;2;87.5;73.4;673;15;15;0;14017;21.912;31.719;40.042;5.825
4G;TDD;20;SISO;38;anecoica;2;87.7;73.6;1462;15;15;0;14016;21.857;32.690;48.946;6.908
4G;TDD;20;SISO;38;anecoica;2;87.4;73.4;837;15;15;0;14014;20.915;29.820;38.996;6.293
4G;TDD;20;SISO;38;anecoica;2;87.7;73.6;1085;15;15;0;14017;21.703;29.810;39.902;5.787
4G;TDD;20;SISO;38;anecoica;2;87.7;73.6;785;15;15;0;14019;20.971;30.173;39.954;5.707
4G;TDD;20;SISO;38;anecoica;2;87.3;73.2;1019;15;15;0;14001;24.951;26.905;45.949;5.124
4G;TDD;20;SISO;38;anecoica;2;87.4;73.3;1193;15;15;0;14016;21.650;32.904;45.837;6.504
4G;TDD;20;SISO;38;anecoica;2;87.9;73.7;900;15;15;0;14019;20.965;29.933;38.957;5.472
4G;TDD;20;SISO;38;anecoica;2;87.7;73.5;1073;15;15;0;14017;20.954;31.750;44.049;6.103
4G;TDD;20;SISO;38;anecoica;2;87.7;73.6;763;15;15;0;14018;21.938;32.848;44.932;6.406
4G;TDD;20;SISO;38;anecoica;2;87.5;73.4;853;15;15;0;14017;21.932;31.728;39.973;5.549
4G;TDD;20;SISO;38;anecoica;2;87.7;73.5;1262;15;15;0;14014;22.139;32.295;40.858;6.119
4G;TDD;20;SISO;38;anecoica;3;88.1;73.9;1163;15;15;0;14004;21.939;24.119;26.196;1.284
4G;TDD;20;SISO;38;anecoica;3;86.3;72.4;1299;15;15;0;14021;21.962;30.789;39.974;5.735
4G;TDD;20;SISO;38;anecoica;3;88.2;74.0;1062;15;15;0;14017;20.951;30.993;38.965;5.809
4G;TDD;20;SISO;38;anecoica;3;87.3;73.2;1020;15;15;0;14018;20.949;28.464;38.444;4.826
4G;TDD;20;SISO;38;anecoica;3;87.3;73.2;815;15;15;0;14016;20.971;31.355;39.935;5.939
4G;TDD;20;SISO;38;anecoica;3;87.9;73.7;1273;15;15;0;14016;20.926;30.132;39.954;6.013
4G;TDD;20;SISO;38;anecoica;3;87.3;73.3;1014;15;15;0;14017;20.969;30.324;40.035;6.256
4G;TDD;20;SISO;38;anecoica;3;87.3;73.2;1066;15;15;0;14019;21.054;30.504;39.951;5.764
4G;TDD;20;SISO;38;anecoica;3;86.7;72.8;720;15;15;0;14017;21.847;31.184;39.964;5.897
4G;TDD;20;SISO;38;anecoica;3;87.1;73.0;1049;15;15;0;14019;20.967;30.169;38.996;5.722
4G;TDD;20;SISO;38;anecoica;3;87.9;73.7;1087;15;15;0;14016;21.012;30.086;39.828;5.939
4G;TDD;20;SISO;38;anecoica;3;87.2;73.2;1172;15;15;0;14019;21.014;30.829;40.075;5.716
4G;TDD;20;SISO;38;anecoica;3;86.9;72.9;1218;15;15;0;14015;21.894;31.764;39.994;5.983
4G;TDD;20;SISO;38;anecoica;3;87.5;73.4;590;15;15;0;14017;21.815;31.509;39.966;5.757
4G;TDD;20;SISO;38;anecoica;3;87.3;73.2;709;15;15;0;14017;21.962;31.483;40.014;6.089
4G;TDD;20;SISO;38;anecoica;3;87.4;73.3;985;15;15;0;14017;21.942;31.654;40.019;5.749
4G;TDD;20;SISO;38;anecoica;3;87.2;73.2;849;15;15;0;14003;21.979;23.092;25.787;1.120
4G;TDD;20;SISO;38;anecoica;3;87.7;73.6;1058;15;15;0;14015;20.994;30.621;39.975;6.314
4G;TDD;20;SISO;38;anecoica;3;87.7;73.6;773;15;15;0;14016;20.809;30.841;39.012;5.782
4G;TDD;20;SISO;38;anecoica;3;87.3;73.2;1227;15;15;0;14018;20.848;29.844;38.998;5.737
4G;TDD;20;SISO;38;rever;1;87.6;73.5;1361;15;15;0;14016;20.952;30.290;39.116;6.021
4G;TDD;20;SISO;38;rever;1;87.3;73.2;1226;15;15;0;14017;21.932;30.641;39.950;5.813
4G;TDD;20;SISO;38;rever;1;87.1;73.1;1113;15;15;0;14016;20.965;35.145;45.005;8.435
4G;TDD;20;SISO;38;rever;1;88.0;73.8;894;15;15;0;14015;21.025;30.537;39.926;6.164
4G;TDD;20;SISO;38;rever;1;86.9;72.9;729;15;15;0;14018;21.104;30.696;39.965;6.001
4G;TDD;20;SISO;38;rever;1;86.9;72.9;1084;15;15;0;14019;20.971;30.393;39.935;5.955
4G;TDD;20;SISO;38;rever;1;87.8;73.6;1162;15;15;0;14017;21.059;29.932;39.917;6.027
4G;TDD;20;SISO;38;rever;1;87.8;73.7;820;15;15;0;14015;21.004;31.636;39.967;6.118
4G;TDD;20;SISO;38;rever;1;88.1;73.9;582;15;15;0;14019;20.812;30.078;39.492;5.723
4G;TDD;20;SISO;38;rever;1;88.0;73.8;426;15;15;0;14018;21.012;30.616;39.968;5.882
4G;TDD;20;SISO;38;rever;1;87.4;73.3;915;15;15;0;14013;20.966;82.375;816.951;196.428
4G;TDD;20;SISO;38;rever;1;88.1;73.9;780;15;15;0;14019;20.875;29.826;39.017;5.413
4G;TDD;20;SISO;38;rever;1;88.2;74.0;679;15;15;0;14020;21.926;30.447;39.943;5.376
4G;TDD;20;SISO;38;rever;1;87.7;73.6;777;15;15;0;14016;20.964;31.092;39.992;6.126
4G;TDD;20;SISO;38;rever;1;87.5;73.4;892;15;15;0;14017;21.928;31.506;40.015;5.422
4G;TDD;20;SISO;38;rever;1;87.5;73.4;1114;15;15;0;14019;21.933;31.073;39.963;5.615
4G;TDD;20;SISO;38;rever;1;88.0;73.8;1012;15;15;0;14016;20.975;31.096;39.904;5.950
4G;TDD;20;SISO;38;rever;1;88.0;73.8;1060;15;15;0;14016;20.973;30.493;40.107;6.128
4G;TDD;20;SISO;38;rever;1;87.5;73.4;1364;15;15;0;14017;20.874;30.734;39.769;6.183
4G;TDD;20;SISO;38;rever;1;87.9;73.7;1531;15;15;0;14017;20.971;31.240;40.011;5.925
4G;TDD;20;SISO;38;rever;2;87.6;73.5;1354;15;15;0;14020;21.634;29.876;39.940;5.495
4G;TDD;20;SISO;38;rever;2;88.0;73.8;655;15;15;0;14016;22.896;35.447;53.964;8.234
4G;TDD;20;SISO;38;rever;2;87.9;73.7;975;15;15;0;14015;21.963;31.408;39.974;5.837
4G;TDD;20;SISO;38;rever;2;88.2;74.0;938;15;15;0;14015;21.866;29.671;39.962;6.182
4G;TDD;20;SISO;38;rever;2;87.6;73.5;1050;15;15;0;14017;21.928;31.885;39.981;5.643
4G;TDD;20;SISO;38;rever;2;87.4;73.3;1247;15;15;0;14016;20.964;31.178;39.974;6.203
4G;TDD;20;SISO;38;rever;2;87.0;73.0;886;15;15;0;14018;21.008;31.092;39.948;5.510
4G;TDD;20;SISO;38;rever;2;88.1;73.9;1257;15;15;0;14016;20.910;30.207;39.009;6.034
4G;TDD;20;SISO;38;rever;2;88.0;73.8;793;15;15;0;14015;21.962;32.035;40.040;5.808
4G;TDD;20;SISO;38;rever;2;88.1;73.9;651;15;15;0;14017;20.999;30.275;39.998;5.986
4G;TDD;20;SISO;38;rever;2;87.8;73.7;856;15;15;0;14018;20.950;30.140;38.953;5.583
4G;TDD;20;SISO;38;rever;2;87.3;73.2;1176;15;15;0;14016;21.877;69.193;610.094;144.691
4G;TDD;20;SISO;38;rever;2;88.1;73.9;852;15;15;0;14015;21.907;31.790;39.961;6.021
4G;TDD;20;SISO;38;rever;2;88.2;74.0;867;15;15;0;14017;20.739;29.249;38.788;5.782
4G;TDD;20;SISO;38;rever;2;87.4;73.3;1102;15;15;0;14016;20.976;31.512;39.970;6.281
4G;TDD;20;SISO;38;rever;2;88.0;73.8;1468;15;15;0;14019;20.958;30.276;39.032;5.716
4G;TDD;20;SISO;38;rever;2;87.7;73.6;975;15;15;0;14018;21.967;30.386;39.889;5.278
4G;TDD;20;SISO;38;rever;2;87.8;73.7;1231;15;15;0;14018;20.965;30.356;40.014;5.892
4G;TDD;20;SISO;38;rever;2;87.5;73.4;1146;15;15;0;14014;21.627;30.858;39.925;5.976
4G;TDD;20;SISO;38;rever;2;87.4;73.3;1014;15;15;0;14016;20.921;30.909;39.036;5.837
4G;TDD;20;SISO;38;rever;3;87.7;73.6;551;15;15;0;14009;20.951;27.453;39.374;6.860
4G;TDD;20;SISO;38;rever;3;87.2;73.1;892;15;15;0;14013;24.034;100.578;1.042.978;251.943
4G;TDD;20;SISO;38;rever;3;87.7;73.5;1396;15;15;0;14017;21.453;31.148;39.967;5.715
4G;TDD;20;SISO;38;rever;3;87.7;73.5;1185;15;15;0;14014;20.980;30.326;39.977;6.685
4G;TDD;20;SISO;38;rever;3;87.8;73.7;994;15;15;0;14023;23.936;96.591;1.045.474;253.629
4G;TDD;20;SISO;38;rever;3;86.8;72.8;1010;15;15;0;14016;20.493;29.565;39.956;6.429
4G;TDD;20;SISO;38;rever;3;87.9;73.8;1007;15;15;0;14016;21.646;31.503;40.041;6.013
4G;TDD;20;SISO;38;rever;3;87.7;73.6;1042;15;15;0;14012;21.046;29.862;39.959;6.922
4G;TDD;20;SISO;38;rever;3;87.0;72.9;1569;15;15;0;14008;20.957;29.595;40.045;7.528
4G;TDD;20;SISO;38;rever;3;87.2;73.1;1263;15;15;0;14009;21.025;29.763;40.231;7.627
4G;TDD;20;SISO;38;rever;3;87.3;73.2;664;15;15;0;14015;21.640;31.758;40.033;6.155
4G;TDD;20;SISO;38;rever;3;88.2;74.0;1159;15;15;0;14014;20.997;31.184;39.978;6.487
4G;TDD;20;SISO;38;rever;3;88.2;74.0;1598;15;15;0;14016;20.985;30.503;40.075;5.999
4G;TDD;20;SISO;38;rever;3;87.4;73.3;1433;15;15;0;14016;20.954;30.049;39.231;5.912
4G;TDD;20;SISO;38;rever;3;87.6;73.5;791;15;15;0;14009;21.904;29.868;40.086;7.353
4G;TDD;20;SISO;38;rever;3;87.7;73.6;1203;15;15;0;14011;20.771;32.153;40.035;7.663
4G;TDD;20;SISO;38;rever;3;87.5;73.4;1105;15;15;0;14014;20.909;31.722;39.795;6.195
4G;TDD;20;SISO;38;rever;3;88.2;74.0;1012;15;15;0;14011;20.692;29.002;40.041;7.228
4G;TDD;20;SISO;38;rever;3;87.6;73.5;1687;15;15;0;14009;20.950;28.646;39.598;7.071
4G;TDD;20;SISO;38;rever;3;87.4;73.3;1376;15;15;0;14016;21.789;31.148;40.009;5.897
4G;TDD;5;MIMO;38;anecoica;1;24.6;20.7;558;15;15;0;14014;13.013;31.956;40.000;7.071
4G;TDD;5;MIMO;38;anecoica;1;22.9;19.2;575;15;15;0;14015;21.015;31.925;39.963;6.398
4G;TDD;5;MIMO;38;anecoica;1;24.6;20.7;768;15;15;0;14012;14.013;28.642;36.425;5.495
4G;TDD;5;MIMO;38;anecoica;1;23.5;19.7;728;15;15;0;14014;17.504;32.133;40.049;6.476
4G;TDD;5;MIMO;38;anecoica;1;20.8;17.4;529;15;15;0;14014;20.998;30.869;39.966;5.632
4G;TDD;5;MIMO;38;anecoica;1;23.9;20.0;804;15;15;0;14003;20.977;34.640;40.914;7.853
4G;TDD;5;MIMO;38;anecoica;1;23.0;19.3;601;15;15;0;14013;20.423;28.409;38.968;5.672
4G;TDD;5;MIMO;38;anecoica;1;23.8;19.9;771;15;15;0;14016;21.922;33.500;40.990;5.464
4G;TDD;5;MIMO;38;anecoica;1;22.9;19.2;846;15;15;0;14014;21.923;32.153;40.042;6.044
4G;TDD;5;MIMO;38;anecoica;1;23.9;20.1;509;15;15;0;14012;13.965;31.428;40.065;8.174
4G;TDD;5;MIMO;38;anecoica;1;22.8;19.1;699;15;15;0;14014;21.646;32.626;40.027;4.755
4G;TDD;5;MIMO;38;anecoica;1;23.5;19.7;590;15;15;0;14015;21.217;33.094;40.186;5.453
4G;TDD;5;MIMO;38;anecoica;1;24.7;20.7;650;15;15;0;14015;21.755;33.128;39.977;4.722
4G;TDD;5;MIMO;38;anecoica;1;23.8;20.0;607;15;15;0;14013;20.811;28.482;39.821;6.162
4G;TDD;5;MIMO;38;anecoica;1;21.3;17.9;463;15;15;0;14014;20.380;32.263;39.168;5.807
4G;TDD;5;MIMO;38;anecoica;1;21.2;17.8;601;15;15;0;14015;14.655;27.654;36.332;5.523
4G;TDD;5;MIMO;38;anecoica;1;23.6;19.8;625;15;15;0;14017;17.089;29.364;40.009;6.841
4G;TDD;5;MIMO;38;anecoica;1;21.7;18.2;533;15;15;0;14014;21.450;32.207;39.985;4.934
4G;TDD;5;MIMO;38;anecoica;1;23.4;19.6;623;15;15;0;14016;13.005;30.437;39.554;6.913
4G;TDD;5;MIMO;38;anecoica;1;22.6;19.0;896;15;15;0;14014;12.986;30.010;38.938;6.895
4G;TDD;5;MIMO;38;anecoica;2;37.3;31.3;1685;15;15;0;14036;13.007;100.638;1.058.015;255.977
4G;TDD;5;MIMO;38;anecoica;2;37.1;31.1;1042;15;15;0;14016;21.715;31.316;39.923;5.036
4G;TDD;5;MIMO;38;anecoica;2;36.4;30.6;1775;15;15;0;14021;21.391;30.726;40.063;6.032
4G;TDD;5;MIMO;38;anecoica;2;37.0;31.0;1375;15;15;0;14015;15.053;30.684;39.892;6.438
4G;TDD;5;MIMO;38;anecoica;2;37.5;31.4;1666;15;15;0;14015;14.969;28.241;39.803;7.446
4G;TDD;5;MIMO;38;anecoica;2;37.6;31.6;682;15;15;0;14018;17.925;28.742;39.624;6.469
4G;TDD;5;MIMO;38;anecoica;2;37.5;31.4;1377;15;15;0;14017;21.396;32.354;44.952;6.605
4G;TDD;5;MIMO;38;anecoica;2;38.3;32.2;1324;15;15;0;14017;15.444;28.005;39.058;6.739
4G;TDD;5;MIMO;38;anecoica;2;37.1;31.2;1241;15;15;0;14018;21.035;31.421;40.883;6.117
4G;TDD;5;MIMO;38;anecoica;2;37.6;31.5;923;15;15;0;14017;17.993;30.130;40.968;6.312
4G;TDD;5;MIMO;38;anecoica;2;37.0;31.1;1581;15;15;0;14014;21.521;32.077;39.975;4.785
4G;TDD;5;MIMO;38;anecoica;2;37.1;31.2;867;15;15;0;14016;20.983;30.536;45.968;7.024
4G;TDD;5;MIMO;38;anecoica;2;37.8;31.7;1244;15;15;0;14014;13.966;30.082;40.415;7.859
4G;TDD;5;MIMO;38;anecoica;2;37.9;31.8;1394;15;15;0;14016;15.032;29.369;39.988;7.056
4G;TDD;5;MIMO;38;anecoica;2;38.3;32.1;1303;15;15;0;14018;14.260;29.553;39.918;7.003
4G;TDD;5;MIMO;38;anecoica;2;37.0;31.1;1172;15;15;0;14015;20.913;31.665;39.910;5.175
4G;TDD;5;MIMO;38;anecoica;2;36.9;31.0;1212;15;15;0;14035;12.964;97.958;1.046.972;253.728
4G;TDD;5;MIMO;38;anecoica;2;37.5;31.5;970;15;15;0;14017;15.960;29.172;39.179;6.418
4G;TDD;5;MIMO;38;anecoica;2;37.4;31.4;1702;15;15;0;14041;14.301;95.076;1.038.857;252.300
4G;TDD;5;MIMO;38;anecoica;2;37.7;31.6;1090;15;15;0;14015;21.554;32.318;40.684;5.303
4G;TDD;5;MIMO;38;anecoica;3;36.8;30.9;1189;15;15;0;14014;20.834;33.712;49.699;7.519
4G;TDD;5;MIMO;38;anecoica;3;35.3;29.6;1201;15;15;0;14015;13.008;29.077;39.943;7.317
4G;TDD;5;MIMO;38;anecoica;3;34.8;29.2;862;15;15;0;14018;14.947;28.294;38.922;6.445
4G;TDD;5;MIMO;38;anecoica;3;34.5;28.9;621;15;15;0;14018;13.012;28.102;39.955;7.666
4G;TDD;5;MIMO;38;anecoica;3;34.9;29.3;532;15;15;0;14017;14.949;27.158;39.000;7.139
4G;TDD;5;MIMO;38;anecoica;3;35.8;30.0;810;15;15;0;14015;13.828;28.998;39.042;7.381
4G;TDD;5;MIMO;38;anecoica;3;35.0;29.4;565;15;15;0;14018;12.969;29.932;48.001;9.991
4G;TDD;5;MIMO;38;anecoica;3;35.2;29.5;644;15;15;0;14015;13.896;24.216;32.868;5.763
4G;TDD;5;MIMO;38;anecoica;3;34.7;29.1;621;15;15;0;14019;15.757;26.145;39.146;6.797
4G;TDD;5;MIMO;38;anecoica;3;35.0;29.4;539;15;14;6;14016;21.120;32.596;39.984;5.239
4G;TDD;5;MIMO;38;anecoica;3;35.4;29.7;1007;15;15;0;14016;15.918;30.395;39.895;7.169
4G;TDD;5;MIMO;38;anecoica;3;34.6;29.0;623;15;15;0;14040;17.959;94.796;1.055.976;256.942
4G;TDD;5;MIMO;38;anecoica;3;35.4;29.7;782;15;15;0;14016;21.040;31.685;39.929;5.172
4G;TDD;5;MIMO;38;anecoica;3;35.6;29.9;708;15;15;0;14016;14.797;27.817;39.940;7.800
4G;TDD;5;MIMO;38;anecoica;3;34.1;28.6;829;15;15;0;14010;20.981;27.847;31.810;3.264
4G;TDD;5;MIMO;38;anecoica;3;35.9;30.1;552;15;15;0;14016;14.994;27.892;39.063;6.977
4G;TDD;5;MIMO;38;anecoica;3;34.0;28.6;650;15;15;0;14018;14.905;28.633;39.946;6.399
4G;TDD;5;MIMO;38;anecoica;3;35.0;29.4;887;15;15;0;14017;13.989;27.212;39.130;7.189
4G;TDD;5;MIMO;38;anecoica;3;34.9;29.3;1010;15;15;0;14018;15.334;26.218;39.899;7.018
4G;TDD;5;MIMO;38;anecoica;3;35.8;30.1;900;15;15;0;14018;16.430;27.187;39.010;6.168
4G;TDD;5;MIMO;38;rever;1;23.4;19.7;405;15;15;0;14014;13.024;32.756;45.847;8.569
4G;TDD;5;MIMO;38;rever;1;22.0;18.4;879;15;15;0;14017;13.764;26.830;39.014;6.309
4G;TDD;5;MIMO;38;rever;1;23.1;19.4;589;15;15;0;14015;13.136;30.040;48.278;8.929
4G;TDD;5;MIMO;38;rever;1;22.8;19.1;599;15;15;0;14015;14.030;27.858;36.593;5.771
4G;TDD;5;MIMO;38;rever;1;23.1;19.4;651;15;15;0;14041;14.949;97.285;1.063.999;258.466
4G;TDD;5;MIMO;38;rever;1;25.4;21.3;511;15;15;0;14019;12.940;29.709;47.891;10.166
4G;TDD;5;MIMO;38;rever;1;23.1;19.4;688;15;15;0;14016;16.024;30.285;39.822;6.314
4G;TDD;5;MIMO;38;rever;1;23.5;19.7;581;15;15;0;14014;20.921;31.449;46.875;6.357
4G;TDD;5;MIMO;38;rever;1;23.9;20.1;329;15;15;0;14014;20.985;30.029;39.988;6.355
4G;TDD;5;MIMO;38;rever;1;23.0;19.3;500;15;15;0;14044;17.974;100.653;1.047.950;253.247
4G;TDD;5;MIMO;38;rever;1;24.5;20.5;581;15;15;0;14016;21.510;31.380;39.938;5.169
4G;TDD;5;MIMO;38;rever;1;23.7;19.9;588;15;15;0;14026;15.984;97.326;1.032.040;249.947
4G;TDD;5;MIMO;38;rever;1;23.7;19.9;720;15;15;0;14016;15.787;29.088;48.975;8.301
4G;TDD;5;MIMO;38;rever;1;22.8;19.2;709;15;15;0;14017;20.994;29.745;39.947;6.035
4G;TDD;5;MIMO;38;rever;1;23.0;19.3;588;15;15;0;14016;12.968;29.071;39.976;7.756
4G;TDD;5;MIMO;38;rever;1;24.3;20.4;536;15;15;0;14015;12.987;29.216;40.214;7.403
4G;TDD;5;MIMO;38;rever;1;23.9;20.1;587;15;15;0;14014;14.099;25.840;43.036;7.158
4G;TDD;5;MIMO;38;rever;1;24.7;20.7;552;15;15;0;14017;12.921;27.333;39.017;7.062
4G;TDD;5;MIMO;38;rever;1;23.1;19.3;786;15;15;0;14018;14.006;27.874;39.928;7.127
4G;TDD;5;MIMO;38;rever;1;22.7;19.0;686;15;15;0;14040;14.999;96.502;1.053.939;255.970
4G;TDD;5;MIMO;38;rever;2;22.2;18.6;590;15;15;0;14015;14.011;29.297;39.980;7.789
4G;TDD;5;MIMO;38;rever;2;23.9;20.1;647;15;15;0;14016;20.408;31.372;39.006;5.725
4G;TDD;5;MIMO;38;rever;2;23.3;19.6;517;15;15;0;14013;11.699;32.803;40.010;7.564
4G;TDD;5;MIMO;38;rever;2;23.9;20.0;708;15;15;0;14015;21.426;33.038;40.005;5.051
4G;TDD;5;MIMO;38;rever;2;24.2;20.3;820;15;15;0;14015;20.931;31.315;39.568;6.035
4G;TDD;5;MIMO;38;rever;2;23.4;19.6;609;15;15;0;14045;25.969;100.897;1.069.057;258.785
4G;TDD;5;MIMO;38;rever;2;24.9;20.9;975;15;15;0;14015;20.992;77.778;771.080;185.347
4G;TDD;5;MIMO;38;rever;2;22.0;18.4;779;15;15;0;14017;20.996;31.174;40.038;5.579
4G;TDD;5;MIMO;38;rever;2;24.6;20.7;717;15;15;0;14014;21.531;32.745;40.005;4.877
4G;TDD;5;MIMO;38;rever;2;24.3;20.4;625;15;15;0;14014;17.036;32.058;50.936;8.461
4G;TDD;5;MIMO;38;rever;2;22.3;18.7;603;15;15;0;14014;20.949;32.519;39.809;5.650
4G;TDD;5;MIMO;38;rever;2;24.0;20.1;845;15;15;0;14012;14.030;32.886;40.127;6.994
4G;TDD;5;MIMO;38;rever;2;24.1;20.2;762;15;15;0;14013;21.539;33.211;40.052;4.979
4G;TDD;5;MIMO;38;rever;2;22.3;18.7;559;15;15;0;14041;25.954;101.219;1.073.989;260.028
4G;TDD;5;MIMO;38;rever;2;22.6;19.0;708;15;15;0;14015;21.958;31.259;40.452;5.269
4G;TDD;5;MIMO;38;rever;2;21.4;17.9;480;15;15;0;14010;15.558;34.401;49.990;8.063
4G;TDD;5;MIMO;38;rever;2;23.0;19.3;586;15;15;0;14013;21.565;100.996;1.038.935;250.717
4G;TDD;5;MIMO;38;rever;2;23.6;19.8;504;15;15;0;14016;20.811;31.176;39.090;5.015
4G;TDD;5;MIMO;38;rever;2;22.6;18.9;522;15;15;0;14003;21.353;38.292;48.000;5.104
4G;TDD;5;MIMO;38;rever;2;24.9;20.9;856;15;15;0;14016;16.021;29.628;39.841;6.314
4G;TDD;5;MIMO;38;rever;3;30.7;25.8;1032;15;15;0;14014;20.630;32.519;39.955;5.284
4G;TDD;5;MIMO;38;rever;3;30.1;25.3;773;15;15;0;14015;14.725;29.840;39.882;7.731
4G;TDD;5;MIMO;38;rever;3;28.8;24.2;1012;15;15;0;14002;20.495;37.073;40.267;6.349
4G;TDD;5;MIMO;38;rever;3;32.0;26.9;1418;15;15;0;14005;16.303;33.472;40.017;8.577
4G;TDD;5;MIMO;38;rever;3;31.6;26.5;979;15;15;0;14009;21.978;26.899;30.951;2.615
4G;TDD;5;MIMO;38;rever;3;29.9;25.0;989;15;15;0;14028;22.926;94.359;1.046.627;254.518
4G;TDD;5;MIMO;38;rever;3;30.6;25.6;1151;15;15;0;14008;16.896;30.955;39.258;7.395
4G;TDD;5;MIMO;38;rever;3;28.0;23.5;883;15;15;0;14007;21.748;36.140;40.059;5.776
4G;TDD;5;MIMO;38;rever;3;30.4;25.5;1330;15;15;0;14012;20.283;32.975;39.149;5.633
4G;TDD;5;MIMO;38;rever;3;30.4;25.5;749;15;15;0;14013;21.793;29.724;40.066;6.426
4G;TDD;5;MIMO;38;rever;3;28.6;24.0;782;15;15;0;14001;20.523;36.941;40.144;6.248
4G;TDD;5;MIMO;38;rever;3;29.9;25.0;879;15;15;0;14025;22.103;95.432;1.040.983;252.724
4G;TDD;5;MIMO;38;rever;3;30.1;25.3;853;15;15;0;14014;18.004;29.606;39.477;5.891
4G;TDD;5;MIMO;38;rever;3;31.1;26.1;1260;15;15;0;14010;16.385;33.585;40.005;6.361
4G;TDD;5;MIMO;38;rever;3;30.5;25.6;902;15;15;0;14015;21.208;30.458;39.956;5.828
4G;TDD;5;MIMO;38;rever;3;31.4;26.3;1388;15;15;0;14041;26.007;101.412;1.064.587;257.452
4G;TDD;5;MIMO;38;rever;3;31.8;26.7;1033;15;15;0;14017;20.642;96.542;1.033.970;250.622
4G;TDD;5;MIMO;38;rever;3;30.9;25.9;991;15;15;0;14014;20.919;31.644;39.348;5.167
4G;TDD;5;MIMO;38;rever;3;30.0;25.1;881;15;15;0;14009;20.647;34.640;40.090;5.896
4G;TDD;5;MIMO;38;rever;3;30.3;25.4;969;15;15;0;14015;20.943;29.762;39.894;5.825
4G;TDD;5;SISO;38;anecoica;1;22.1;18.6;582;15;15;0;14015;17.981;31.202;39.996;6.131
4G;TDD;5;SISO;38;anecoica;1;21.9;18.4;506;15;15;0;14012;14.998;30.786;39.013;7.554
4G;TDD;5;SISO;38;anecoica;1;21.7;18.2;602;15;15;0;14013;14.869;31.001;40.033;6.535
4G;TDD;5;SISO;38;anecoica;1;22.4;18.8;748;15;15;0;14014;21.171;32.530;41.934;5.963
4G;TDD;5;SISO;38;anecoica;1;21.9;18.4;556;15;15;0;14016;20.413;31.230;39.221;5.744
4G;TDD;5;SISO;38;anecoica;1;22.0;18.5;691;15;15;0;14013;13.042;32.019;40.030;6.881
4G;TDD;5;SISO;38;anecoica;1;21.9;18.4;773;15;15;0;14014;21.636;33.158;40.131;5.259
4G;TDD;5;SISO;38;anecoica;1;22.0;18.5;576;15;15;0;14015;16.397;29.825;38.984;6.658
4G;TDD;5;SISO;38;anecoica;1;22.2;18.7;642;15;15;0;14015;20.794;31.348;38.999;5.797
4G;TDD;5;SISO;38;anecoica;1;22.1;18.6;738;15;15;0;14014;20.950;32.826;40.062;5.011
4G;TDD;5;SISO;38;anecoica;1;23.3;19.5;561;15;15;0;14016;21.768;32.312;40.012;5.143
4G;TDD;5;SISO;38;anecoica;1;22.4;18.8;430;15;15;0;14017;21.636;31.160;39.941;4.981
4G;TDD;5;SISO;38;anecoica;1;21.9;18.4;688;15;15;0;14014;13.707;30.558;39.993;7.256
4G;TDD;5;SISO;38;anecoica;1;22.2;18.6;589;15;15;0;14015;20.852;31.898;39.903;5.035
4G;TDD;5;SISO;38;anecoica;1;22.9;19.2;670;15;15;0;14015;21.464;32.723;39.954;4.926
4G;TDD;5;SISO;38;anecoica;1;22.8;19.1;619;15;15;0;14016;20.943;31.923;38.999;4.951
4G;TDD;5;SISO;38;anecoica;1;22.2;18.6;769;15;15;0;14015;21.420;32.820;39.992;5.169
4G;TDD;5;SISO;38;anecoica;1;22.5;18.9;612;15;15;0;14015;16.670;31.296;40.017;6.905
4G;TDD;5;SISO;38;anecoica;1;21.5;18.0;501;15;15;0;14014;12.998;31.901;40.026;7.047
4G;TDD;5;SISO;38;anecoica;1;22.0;18.5;472;15;15;0;14001;20.275;33.634;40.079;9.025
4G;TDD;5;SISO;38;anecoica;2;21.3;17.9;504;15;15;0;14017;20.932;28.871;39.004;5.135
4G;TDD;5;SISO;38;anecoica;2;21.7;18.2;739;15;15;0;14016;24.027;37.090;45.032;5.743
4G;TDD;5;SISO;38;anecoica;2;22.6;18.9;571;15;15;0;14015;13.999;32.175;49.877;8.266
4G;TDD;5;SISO;38;anecoica;2;22.4;18.8;538;15;15;0;14016;11.883;27.953;39.990;8.651
4G;TDD;5;SISO;38;anecoica;2;22.3;18.7;713;15;15;0;14015;28.962;34.713;45.966;4.539
4G;TDD;5;SISO;38;anecoica;2;22.0;18.5;448;15;15;0;14021;22.931;165.874;1.040.422;340.418
4G;TDD;5;SISO;38;anecoica;2;21.8;18.3;762;15;14;6;14018;14.841;29.562;41.214;9.217
4G;TDD;5;SISO;38;anecoica;2;21.7;18.2;565;15;15;0;14016;17.012;32.050;49.702;9.927
4G;TDD;5;SISO;38;anecoica;2;22.2;18.7;671;15;15;0;14018;21.475;31.394;50.005;7.246
4G;TDD;5;SISO;38;anecoica;2;22.4;18.8;536;15;15;0;14016;12.948;29.983;39.967;6.903
4G;TDD;5;SISO;38;anecoica;2;22.1;18.6;734;15;15;0;14015;26.011;35.760;50.038;8.048
4G;TDD;5;SISO;38;anecoica;2;22.1;18.5;670;15;15;0;14018;20.957;29.109;39.015;5.626
4G;TDD;5;SISO;38;anecoica;2;22.0;18.5;624;15;15;0;14026;22.947;96.763;1.040.978;252.377
4G;TDD;5;SISO;38;anecoica;2;21.5;18.0;554;15;15;0;14016;21.018;31.554;39.983;5.980
4G;TDD;5;SISO;38;anecoica;2;21.7;18.2;780;15;15;0;14016;21.968;30.302;40.028;5.669
4G;TDD;5;SISO;38;anecoica;2;22.0;18.4;562;15;15;0;14019;21.002;30.286;39.951;5.938
4G;TDD;5;SISO;38;anecoica;2;21.9;18.3;657;15;15;0;14016;21.831;30.434;40.686;5.603
4G;TDD;5;SISO;38;anecoica;2;21.7;18.2;542;15;15;0;14017;13.954;27.033;39.982;7.350
4G;TDD;5;SISO;38;anecoica;2;21.5;18.0;600;15;15;0;14017;14.027;27.439;39.134;6.609
4G;TDD;5;SISO;38;anecoica;2;21.4;18.0;653;15;15;0;14016;16.016;30.022;40.106;6.399
4G;TDD;5;SISO;38;anecoica;3;21.9;18.4;497;15;15;0;14017;21.235;32.072;48.535;6.863
4G;TDD;5;SISO;38;anecoica;3;22.3;18.7;531;15;15;0;14018;21.403;30.748;39.939;5.626
4G;TDD;5;SISO;38;anecoica;3;22.8;19.1;808;15;15;0;14017;20.909;35.059;45.962;6.760
4G;TDD;5;SISO;38;anecoica;3;22.3;18.7;600;15;15;0;14017;21.324;31.137;39.921;5.335
4G;TDD;5;SISO;38;anecoica;3;22.2;18.6;530;15;15;0;14016;21.432;31.998;39.985;5.311
4G;TDD;5;SISO;38;anecoica;3;22.3;18.7;568;15;15;0;14007;14.984;32.441;39.910;8.442
4G;TDD;5;SISO;38;anecoica;3;22.3;18.7;688;15;15;0;14018;17.651;30.171;39.943;6.680
4G;TDD;5;SISO;38;anecoica;3;21.7;18.2;509;15;15;0;14017;21.426;31.536;40.131;5.568
4G;TDD;5;SISO;38;anecoica;3;22.2;18.6;571;15;15;0;14015;20.794;31.099;38.928;4.955
4G;TDD;5;SISO;38;anecoica;3;22.0;18.5;639;15;15;0;14018;13.980;29.144;39.845;6.685
4G;TDD;5;SISO;38;anecoica;3;21.5;18.0;574;15;15;0;14017;14.040;28.815;38.998;6.690
4G;TDD;5;SISO;38;anecoica;3;21.9;18.3;642;15;15;0;14016;21.656;31.905;39.978;5.096
4G;TDD;5;SISO;38;anecoica;3;22.2;18.7;479;15;15;0;14017;20.877;30.513;39.314;6.043
4G;TDD;5;SISO;38;anecoica;3;22.6;19.0;603;15;15;0;14017;20.856;30.533;39.003;5.775
4G;TDD;5;SISO;38;anecoica;3;21.8;18.3;578;15;15;0;14015;21.227;32.686;40.140;5.130
4G;TDD;5;SISO;38;anecoica;3;22.2;18.6;704;15;15;0;14017;20.854;30.910;39.923;5.935
4G;TDD;5;SISO;38;anecoica;3;21.8;18.3;722;15;15;0;14018;21.380;30.671;39.932;5.333
4G;TDD;5;SISO;38;anecoica;3;22.0;18.4;476;15;15;0;14016;21.498;32.574;40.212;5.300
4G;TDD;5;SISO;38;anecoica;3;22.5;18.9;586;15;15;0;14018;21.210;30.146;39.936;5.531
4G;TDD;5;SISO;38;anecoica;3;22.1;18.5;512;15;15;0;14016;20.947;30.383;38.962;5.363
4G;TDD;5;SISO;38;rever;1;22.5;18.8;558;15;15;0;14014;17.192;29.685;39.968;6.236
4G;TDD;5;SISO;38;rever;1;22.3;18.7;609;15;15;0;14018;17.969;29.052;40.236;6.654
4G;TDD;5;SISO;38;rever;1;21.7;18.2;806;15;15;0;14017;14.977;28.027;39.290;6.301
4G;TDD;5;SISO;38;rever;1;22.3;18.7;633;15;15;0;14017;17.581;30.507;40.082;6.245
4G;TDD;5;SISO;38;rever;1;21.5;18.1;602;15;15;0;14016;20.750;28.959;38.916;5.550
4G;TDD;5;SISO;38;rever;1;22.5;18.9;620;15;15;0;14014;12.971;27.311;39.023;7.433
4G;TDD;5;SISO;38;rever;1;21.4;18.0;585;15;15;0;14013;15.841;30.888;38.979;6.168
4G;TDD;5;SISO;38;rever;1;22.3;18.7;402;15;15;0;14015;13.106;29.330;40.080;7.569
4G;TDD;5;SISO;38;rever;1;22.5;18.9;591;15;15;0;14026;15.978;98.215;1.032.954;249.936
4G;TDD;5;SISO;38;rever;1;22.1;18.5;603;15;15;0;14016;21.950;31.801;39.955;6.024
4G;TDD;5;SISO;38;rever;1;22.0;18.5;599;15;15;0;14016;13.980;27.113;39.972;6.745
4G;TDD;5;SISO;38;rever;1;21.6;18.2;611;15;15;0;14018;12.968;28.016;38.914;6.719
4G;TDD;5;SISO;38;rever;1;22.4;18.8;538;15;15;0;14017;12.987;27.502;39.960;8.267
4G;TDD;5;SISO;38;rever;1;22.5;18.9;615;15;15;0;14024;16.012;98.391;1.031.074;249.375
4G;TDD;5;SISO;38;rever;1;22.1;18.5;720;15;15;0;14017;20.935;30.297;38.947;5.831
4G;TDD;5;SISO;38;rever;1;21.6;18.2;598;15;15;0;14019;20.955;29.816;39.872;5.910
4G;TDD;5;SISO;38;rever;1;22.8;19.1;434;15;15;0;14017;14.965;27.849;38.993;6.888
4G;TDD;5;SISO;38;rever;1;22.2;18.6;753;15;15;0;14019;21.950;31.111;39.940;5.465
4G;TDD;5;SISO;38;rever;1;21.9;18.4;777;15;15;0;14001;20.777;34.917;40.013;8.407
4G;TDD;5;SISO;38;rever;1;21.9;18.4;626;15;15;0;14016;20.890;29.606;38.971;5.822
4G;TDD;5;SISO;38;rever;2;22.3;18.7;728;15;15;0;14017;17.975;30.455;39.971;6.217
4G;TDD;5;SISO;38;rever;2;22.0;18.5;472;15;15;0;14014;21.009;29.981;39.968;6.260
4G;TDD;5;SISO;38;rever;2;21.9;18.4;617;15;15;0;14017;20.785;30.514;39.852;5.443
4G;TDD;5;SISO;38;rever;2;22.6;18.9;777;15;15;0;14015;13.936;29.318;40.003;7.165
4G;TDD;5;SISO;38;rever;2;22.2;18.6;585;15;15;0;14018;13.978;28.077;39.666;7.464
4G;TDD;5;SISO;38;rever;2;21.6;18.1;710;15;15;0;14004;18.046;35.197;40.033;7.618
4G;TDD;5;SISO;38;rever;2;21.9;18.4;573;15;15;0;14016;14.030;34.733;49.976;9.881
4G;TDD;5;SISO;38;rever;2;21.7;18.2;592;15;15;0;14018;16.008;29.161;39.836;6.552
4G;TDD;5;SISO;38;rever;2;21.2;17.8;446;15;15;0;14016;21.293;32.344;39.968;5.488
4G;TDD;5;SISO;38;rever;2;21.4;18.0;475;15;15;0;14020;16.816;29.533;40.184;6.522
4G;TDD;5;SISO;38;rever;2;22.2;18.6;522;15;15;0;14016;21.052;31.670;39.932;5.092
4G;TDD;5;SISO;38;rever;2;21.7;18.2;533;15;15;0;14029;20.906;97.447;1.041.181;252.286
4G;TDD;5;SISO;38;rever;2;21.7;18.2;646;15;15;0;14017;13.017;30.265;40.005;7.262
4G;TDD;5;SISO;38;rever;2;21.7;18.2;624;15;15;0;14017;21.011;32.149;39.979;5.628
4G;TDD;5;SISO;38;rever;2;21.9;18.4;602;15;15;0;14014;21.117;31.957;40.010;5.669
4G;TDD;5;SISO;38;rever;2;22.4;18.8;659;15;15;0;14016;13.976;28.630;40.113;7.554
4G;TDD;5;SISO;38;rever;2;22.2;18.7;670;15;15;0;14002;21.134;38.610;40.098;4.688
4G;TDD;5;SISO;38;rever;2;21.9;18.3;621;15;15;0;14017;21.026;30.983;39.963;5.387
4G;TDD;5;SISO;38;rever;2;21.6;18.1;633;15;15;0;14017;21.095;31.733;40.018;5.456
4G;TDD;5;SISO;38;rever;2;22.1;18.6;560;15;15;0;14018;20.687;30.038;39.918;6.007
4G;TDD;5;SISO;38;rever;3;21.9;18.4;659;15;15;0;14013;13.568;60.272;441.159;101.990
4G;TDD;5;SISO;38;rever;3;22.8;19.1;542;15;15;0;14007;14.003;32.645;39.466;8.134
4G;TDD;5;SISO;38;rever;3;22.2;18.6;537;15;15;0;14010;13.086;31.900;39.022;7.214
4G;TDD;5;SISO;38;rever;3;22.4;18.8;573;15;15;0;14011;13.007;31.507;41.116;8.494
4G;TDD;5;SISO;38;rever;3;21.9;18.3;607;15;15;0;14012;20.646;31.823;39.570;5.245
4G;TDD;5;SISO;38;rever;3;22.3;18.7;647;15;15;0;14013;12.954;32.101;39.990;7.119
4G;TDD;5;SISO;38;rever;3;22.7;19.0;675;15;15;0;14016;12.762;30.763;40.302;6.971
4G;TDD;5;SISO;38;rever;3;22.0;18.5;718;15;15;0;14008;20.932;33.631;40.045;6.587
4G;TDD;5;SISO;38;rever;3;22.2;18.6;637;15;15;0;14011;14.995;30.602;39.973;8.052
4G;TDD;5;SISO;38;rever;3;22.3;18.7;438;15;15;0;14012;12.824;29.708;40.266;8.153
4G;TDD;5;SISO;38;rever;3;22.2;18.6;514;15;15;0;14013;17.397;30.539;39.959;6.345
4G;TDD;5;SISO;38;rever;3;22.2;18.7;618;15;15;0;14014;13.950;30.275;39.640;6.937
4G;TDD;5;SISO;38;rever;3;22.6;19.0;747;15;15;0;14015;20.533;30.891;39.582;5.442
4G;TDD;5;SISO;38;rever;3;22.2;18.6;634;15;15;0;14003;18.040;35.136;40.005;7.497
4G;TDD;5;SISO;38;rever;3;21.9;18.4;501;15;15;0;14007;21.372;35.247;39.974;5.687
4G;TDD;5;SISO;38;rever;3;21.9;18.4;450;15;15;0;14014;22.096;29.242;36.589;4.326
4G;TDD;5;SISO;38;rever;3;21.7;18.2;637;15;15;0;14012;20.872;26.979;39.745;4.848
4G;TDD;5;SISO;38;rever;3;21.8;18.3;591;15;15;0;14016;21.781;99.285;1.029.702;248.715
4G;TDD;5;SISO;38;rever;3;22.2;18.6;599;15;15;0;14012;20.438;102.076;1.039.683;250.674
4G;TDD;5;SISO;38;rever;3;22.4;18.8;597;15;15;0;14010;14.522;29.067;38.952;8.388
5G;FDD;10;MIMO;1;anecoica;1;112;94.1;1501;15;15;0;14015;18.339;26.988;37.194;6.303
5G;FDD;10;MIMO;1;anecoica;1;110;92.5;804;15;15;0;14015;18.996;29.887;38.063;6.586
5G;FDD;10;MIMO;1;anecoica;1;110;92.5;877;15;15;0;14016;19.913;29.664;37.977;5.857
5G;FDD;10;MIMO;1;anecoica;1;111;93.3;952;15;15;0;14012;19.891;26.825;37.940;5.515
5G;FDD;10;MIMO;1;anecoica;1;111;93.3;861;15;15;0;14017;19.048;93.163;1.035.979;252.029
5G;FDD;10;MIMO;1;anecoica;1;111;93.1;988;15;15;0;14014;18.986;28.442;37.983;6.907
5G;FDD;10;MIMO;1;anecoica;1;111;92.9;1136;15;15;0;14012;19.154;27.532;38.156;6.241
5G;FDD;10;MIMO;1;anecoica;1;111;93.2;1224;15;15;0;14015;19.038;27.450;37.906;6.067
5G;FDD;10;MIMO;1;anecoica;1;111;92.7;749;15;15;0;14015;19.504;27.522;37.970;6.259
5G;FDD;10;MIMO;1;anecoica;1;111;93.3;1221;15;15;0;14014;19.261;28.340;38.032;6.684
5G;FDD;10;MIMO;1;anecoica;1;111;93.4;889;15;15;0;14004;23.993;25.825;28.069;1.193
5G;FDD;10;MIMO;1;anecoica;1;111;93.3;1063;15;15;0;14011;18.913;26.323;38.065;5.118
5G;FDD;10;MIMO;1;anecoica;1;111;92.8;775;15;15;0;14014;19.786;28.440;38.067;5.732
5G;FDD;10;MIMO;1;anecoica;1;111;92.9;1132;15;15;0;14011;18.976;92.776;1.027.735;249.929
5G;FDD;10;MIMO;1;anecoica;1;110;92.2;618;15;15;0;14010;19.660;24.752;37.994;4.269
5G;FDD;10;MIMO;1;anecoica;1;110;92.5;861;15;15;0;14039;27.984;101.823;1.067.816;258.192
5G;FDD;10;MIMO;1;anecoica;1;111;93.4;883;15;15;0;14011;19.949;26.559;37.989;5.945
5G;FDD;10;MIMO;1;anecoica;1;111;93.3;1280;15;15;0;14014;18.353;26.517;37.433;6.208
5G;FDD;10;MIMO;1;anecoica;1;112;93.9;1537;15;15;0;14014;18.549;92.442;1.037.485;252.618
5G;FDD;10;MIMO;1;anecoica;1;110;92.1;835;15;15;0;14014;18.972;27.281;37.978;6.526
5G;FDD;10;MIMO;1;anecoica;2;112;94.0;1046;15;15;0;14014;19.000;28.319;38.014;6.681
5G;FDD;10;MIMO;1;anecoica;2;112;94.0;800;15;15;0;14008;19.966;23.264;28.320;2.446
5G;FDD;10;MIMO;1;anecoica;2;111;93.1;602;15;15;0;14009;18.994;23.451;28.147;2.974
5G;FDD;10;MIMO;1;anecoica;2;111;93.3;1323;15;15;0;14009;19.416;23.979;28.235;2.740
5G;FDD;10;MIMO;1;anecoica;2;111;93.5;898;15;15;0;14010;19.034;24.518;38.156;4.443
5G;FDD;10;MIMO;1;anecoica;2;112;93.6;1061;15;15;0;14010;18.510;23.716;38.004;4.799
5G;FDD;10;MIMO;1;anecoica;2;111;93.2;1189;15;15;0;14017;19.876;28.740;38.026;5.953
5G;FDD;10;MIMO;1;anecoica;2;111;92.7;778;15;15;0;14011;18.901;26.269;38.095;6.249
5G;FDD;10;MIMO;1;anecoica;2;110;92.6;1024;15;15;0;14009;19.112;24.642;28.324;2.795
5G;FDD;10;MIMO;1;anecoica;2;111;93.2;1008;15;15;0;14013;19.497;26.330;38.012;5.838
5G;FDD;10;MIMO;1;anecoica;2;112;93.9;1343;15;15;0;14012;18.962;25.469;37.006;4.991
5G;FDD;10;MIMO;1;anecoica;2;110;92.5;756;15;15;0;14009;19.580;23.500;28.271;2.671
5G;FDD;10;MIMO;1;anecoica;2;110;92.3;873;15;15;0;14009;18.991;23.491;27.968;2.786
5G;FDD;10;MIMO;1;anecoica;2;110;92.2;998;15;15;0;14022;21.794;93.194;1.040.933;253.299
5G;FDD;10;MIMO;1;anecoica;2;110;92.4;769;15;15;0;14034;19.442;96.402;1.044.885;253.573
5G;FDD;10;MIMO;1;anecoica;2;112;93.7;761;15;15;0;14009;18.447;23.078;27.911;2.999
5G;FDD;10;MIMO;1;anecoica;2;111;93.5;989;15;15;0;14008;20.845;24.305;28.568;2.205
5G;FDD;10;MIMO;1;anecoica;2;111;93.3;832;15;15;0;14013;19.846;28.803;37.998;6.603
5G;FDD;10;MIMO;1;anecoica;2;111;92.9;1111;15;15;0;14013;18.796;26.737;37.030;6.160
5G;FDD;10;MIMO;1;anecoica;2;112;93.7;1093;15;15;0;14016;18.443;95.658;1.023.014;247.912
5G;FDD;10;MIMO;1;anecoica;3;111;93.3;1385;15;15;0;14015;18.778;27.490;37.656;6.173
5G;FDD;10;MIMO;1;anecoica;3;110;92.7;745;15;15;0;14006;20.934;24.201;28.400;2.250
5G;FDD;10;MIMO;1;anecoica;3;111;92.7;791;15;15;0;14008;19.822;23.202;28.199;2.783
5G;FDD;10;MIMO;1;anecoica;3;110;92.4;847;15;15;0;14009;18.963;23.743;28.177;2.639
5G;FDD;10;MIMO;1;anecoica;3;110;92.6;944;15;15;0;14012;19.025;28.199;37.983;6.663
5G;FDD;10;MIMO;1;anecoica;3;110;92.5;1772;15;15;0;14012;18.989;26.989;38.016;5.775
5G;FDD;10;MIMO;1;anecoica;3;110;92.3;1498;15;15;0;14011;18.914;25.872;38.311;6.447
5G;FDD;10;MIMO;1;anecoica;3;111;93.1;883;15;15;0;14008;19.029;23.203;28.362;2.792
5G;FDD;10;MIMO;1;anecoica;3;110;92.6;662;15;15;0;14008;20.033;23.485;28.226;2.429
5G;FDD;10;MIMO;1;anecoica;3;111;92.8;1154;15;15;0;14012;18.987;26.766;38.217;6.885
5G;FDD;10;MIMO;1;anecoica;3;110;92.2;1135;15;15;0;14012;19.116;28.207;37.842;6.358
5G;FDD;10;MIMO;1;anecoica;3;110;92.5;996;15;15;0;14015;18.637;26.548;36.976;5.910
5G;FDD;10;MIMO;1;anecoica;3;110;92.5;833;15;15;0;14015;19.022;28.447;38.219;6.442
5G;FDD;10;MIMO;1;anecoica;3;112;93.6;783;15;15;0;14015;18.710;26.922;37.656;6.609
5G;FDD;10;MIMO;1;anecoica;3;111;93.4;1133;15;15;0;14010;19.889;31.469;37.993;5.148
5G;FDD;10;MIMO;1;anecoica;3;111;93.1;1163;15;15;0;14033;19.014;95.040;1.042.998;253.427
5G;FDD;10;MIMO;1;anecoica;3;111;93.3;1173;15;15;0;14003;24.970;26.791;28.418;1.126
5G;FDD;10;MIMO;1;anecoica;3;111;92.9;861;15;15;0;14012;19.050;27.323;37.966;6.506
5G;FDD;10;MIMO;1;anecoica;3;111;93.1;1000;15;15;0;14009;18.994;23.016;28.265;2.676
5G;FDD;10;MIMO;1;anecoica;3;111;93.1;796;15;15;0;14010;18.954;24.898;37.295;5.431
5G;FDD;10;MIMO;1;rever;1;112;94.1;875;15;15;0;14016;19.366;30.529;41.950;6.278
5G;FDD;10;MIMO;1;rever;1;111;93.1;1046;15;15;0;14016;18.986;27.979;37.993;6.017
5G;FDD;10;MIMO;1;rever;1;112;93.8;1062;15;15;0;14016;18.974;28.755;37.980;6.462
5G;FDD;10;MIMO;1;rever;1;111;93.0;814;15;15;0;14011;18.897;25.460;37.298;5.354
5G;FDD;10;MIMO;1;rever;1;111;92.7;756;15;15;0;14012;18.951;27.748;37.572;6.362
5G;FDD;10;MIMO;1;rever;1;111;93.4;723;15;15;0;14018;18.828;27.375;36.973;5.586
5G;FDD;10;MIMO;1;rever;1;111;93.1;1177;15;15;0;14013;18.973;26.749;37.969;6.294
5G;FDD;10;MIMO;1;rever;1;110;92.4;853;15;15;0;14016;19.009;27.688;38.002;6.026
5G;FDD;10;MIMO;1;rever;1;112;93.8;655;15;15;0;14038;24.136;166.913;1.064.054;346.599
5G;FDD;10;MIMO;1;rever;1;111;92.9;699;15;15;0;14012;18.934;26.259;38.277;7.145
5G;FDD;10;MIMO;1;rever;1;112;94.0;1241;15;15;0;14014;19.918;28.208;37.991;6.015
5G;FDD;10;MIMO;1;rever;1;111;93.4;970;15;15;0;14016;19.838;28.181;37.978;6.096
5G;FDD;10;MIMO;1;rever;1;111;92.8;1039;15;15;0;14011;18.885;24.573;37.003;4.388
5G;FDD;10;MIMO;1;rever;1;111;93.5;910;15;15;0;14012;19.011;27.326;38.134;6.243
5G;FDD;10;MIMO;1;rever;1;111;93.2;615;15;15;0;14011;18.474;26.788;37.986;6.659
5G;FDD;10;MIMO;1;rever;1;112;94.2;904;15;15;0;14013;18.377;25.981;36.970;6.555
5G;FDD;10;MIMO;1;rever;1;111;93.5;886;15;15;0;14012;18.938;24.903;37.967;5.459
5G;FDD;10;MIMO;1;rever;1;110;92.6;655;15;15;0;14011;18.987;25.353;37.981;5.468
5G;FDD;10;MIMO;1;rever;1;112;93.8;809;15;15;0;14011;18.423;25.243;37.087;5.357
5G;FDD;10;MIMO;1;rever;1;112;93.6;535;15;15;0;14012;18.937;26.395;37.883;6.051
5G;FDD;10;MIMO;1;rever;2;112;94.1;738;15;15;0;14014;18.941;27.764;37.847;6.434
5G;FDD;10;MIMO;1;rever;2;111;92.7;880;15;15;0;14012;19.879;27.573;38.009;6.224
5G;FDD;10;MIMO;1;rever;2;112;94.3;1182;15;15;0;14012;18.987;26.880;37.993;6.550
5G;FDD;10;MIMO;1;rever;2;111;93.4;1299;15;15;0;14008;19.053;22.851;27.840;2.570
5G;FDD;10;MIMO;1;rever;2;111;92.9;930;15;15;0;14010;18.935;23.451;38.135;4.964
5G;FDD;10;MIMO;1;rever;2;111;92.9;1340;15;15;0;14018;18.913;28.125;36.985;5.578
5G;FDD;10;MIMO;1;rever;2;110;92.6;692;15;15;0;14010;19.002;25.699;38.254;5.584
5G;FDD;10;MIMO;1;rever;2;110;92.5;983;15;15;0;14012;19.950;27.769;38.008;6.035
5G;FDD;10;MIMO;1;rever;2;112;93.7;654;15;15;0;14011;18.978;26.217;37.995;6.254
5G;FDD;10;MIMO;1;rever;2;111;93.1;781;15;15;0;14011;19.006;26.798;38.012;6.907
5G;FDD;10;MIMO;1;rever;2;110;92.6;1293;15;15;0;14016;18.354;26.817;36.914;6.000
5G;FDD;10;MIMO;1;rever;2;110;92.4;1010;15;15;0;14018;18.809;28.811;37.002;5.707
5G;FDD;10;MIMO;1;rever;2;110;92.6;619;15;15;0;14012;18.873;93.126;1.025.113;249.147
5G;FDD;10;MIMO;1;rever;2;112;93.9;1248;15;15;0;14012;20.043;92.324;1.039.775;253.242
5G;FDD;10;MIMO;1;rever;2;112;94.0;995;15;15;0;14012;19.015;25.887;37.979;6.255
5G;FDD;10;MIMO;1;rever;2;111;93.5;577;15;15;0;14013;19.310;27.552;38.005;5.957
5G;FDD;10;MIMO;1;rever;2;111;93.0;1019;15;15;0;14016;18.996;28.495;37.852;6.118
5G;FDD;10;MIMO;1;rever;2;111;92.8;709;15;15;0;14011;18.772;25.340;36.955;5.241
5G;FDD;10;MIMO;1;rever;2;111;93.1;967;15;15;0;14012;18.658;25.285;36.978;5.168
5G;FDD;10;MIMO;1;rever;2;112;93.8;712;15;15;0;14012;19.047;27.304;38.007;6.363
5G;FDD;10;MIMO;1;rever;3;110;92.0;1396;15;15;0;14010;21.802;27.405;32.216;2.815
5G;FDD;10;MIMO;1;rever;3;110;92.4;1824;15;15;0;14009;18.926;24.096;37.975;4.561
5G;FDD;10;MIMO;1;rever;3;111;93.2;1626;15;15;0;14011;20.677;26.052;31.797;3.612
5G;FDD;10;MIMO;1;rever;3;111;93.1;1207;15;15;0;14013;18.736;91.939;1.022.906;248.846
5G;FDD;10;MIMO;1;rever;3;110;92.2;2579;15;15;0;14018;18.974;28.437;38.024;5.727
5G;FDD;10;MIMO;1;rever;3;111;92.7;1713;15;15;0;14011;19.077;30.738;37.980;6.224
5G;FDD;10;MIMO;1;rever;3;110;92.5;1543;15;15;0;14013;19.625;30.460;37.956;4.558
5G;FDD;10;MIMO;1;rever;3;111;93.3;1659;15;15;0;14011;19.380;29.414;38.029;6.617
5G;FDD;10;MIMO;1;rever;3;111;93.2;1844;15;15;0;14039;18.782;99.495;1.046.736;253.203
5G;FDD;10;MIMO;1;rever;3;111;93.1;1400;15;15;0;14013;19.081;24.088;31.813;3.922
5G;FDD;10;MIMO;1;rever;3;110;92.4;1678;15;15;0;14016;18.536;27.879;36.964;5.473
5G;FDD;10;MIMO;1;rever;3;110;92.2;1761;15;15;0;14016;19.006;27.402;37.942;5.241
5G;FDD;10;MIMO;1;rever;3;110;92.6;1700;15;15;0;14016;18.452;27.078;36.992;5.411
5G;FDD;10;MIMO;1;rever;3;111;92.7;2033;15;15;0;14013;19.837;27.722;38.026;5.915
5G;FDD;10;MIMO;1;rever;3;111;92.9;1676;15;15;0;14013;19.004;31.434;37.980;5.759
5G;FDD;10;MIMO;1;rever;3;111;93.3;1341;15;15;0;14010;13.986;30.138;38.815;6.772
5G;FDD;10;MIMO;1;rever;3;112;93.6;1297;15;15;0;14012;20.492;26.608;32.796;4.009
5G;FDD;10;MIMO;1;rever;3;110;92.6;1725;15;15;0;14011;21.026;27.094;32.514;2.883
5G;FDD;10;MIMO;1;rever;3;110;92.5;1512;15;15;0;14006;24.978;28.141;32.104;2.289
5G;FDD;10;MIMO;1;rever;3;110;92.5;2007;15;15;0;14010;22.004;27.084;31.990;3.094
5G;FDD;10;SISO;1;anecoica;1;59.0;49.5;655;15;15;0;14013;19.176;32.163;45.941;7.421
5G;FDD;10;SISO;1;anecoica;1;58.7;49.2;1089;15;15;0;14010;18.954;25.113;38.163;4.499
5G;FDD;10;SISO;1;anecoica;1;58.8;49.4;734;15;15;0;14009;19.524;23.454;28.344;2.714
5G;FDD;10;SISO;1;anecoica;1;59.1;49.6;897;15;15;0;14010;19.027;24.394;37.918;4.454
5G;FDD;10;SISO;1;anecoica;1;58.7;49.2;771;15;15;0;14012;19.826;28.199;38.013;6.632
5G;FDD;10;SISO;1;anecoica;1;58.5;49.0;1769;15;14;6;14016;19.454;28.971;38.082;6.343
5G;FDD;10;SISO;1;anecoica;1;59.1;49.6;1038;15;15;0;14016;19.176;28.333;38.021;5.982
5G;FDD;10;SISO;1;anecoica;1;59.0;49.5;719;15;15;0;14014;18.997;28.029;38.069;6.247
5G;FDD;10;SISO;1;anecoica;1;58.9;49.4;909;15;15;0;14011;18.977;26.551;38.012;5.208
5G;FDD;10;SISO;1;anecoica;1;58.4;49.0;973;15;15;0;14009;19.012;23.670;28.732;2.838
5G;FDD;10;SISO;1;anecoica;1;59.0;49.5;1096;15;15;0;14011;18.999;26.585;38.236;6.364
5G;FDD;10;SISO;1;anecoica;1;59.0;49.5;1183;15;15;0;14018;19.060;28.222;37.738;5.606
5G;FDD;10;SISO;1;anecoica;1;58.9;49.4;778;15;15;0;14013;18.960;27.913;37.974;6.605
5G;FDD;10;SISO;1;anecoica;1;58.4;49.0;756;15;15;0;14015;18.998;27.793;38.193;6.478
5G;FDD;10;SISO;1;anecoica;1;58.9;49.4;1043;15;15;0;14018;19.009;28.750;38.064;5.880
5G;FDD;10;SISO;1;anecoica;1;58.5;49.0;1815;15;15;0;14016;19.430;27.781;37.934;5.539
5G;FDD;10;SISO;1;anecoica;1;58.9;49.4;898;15;15;0;14010;18.364;24.272;28.628;3.047
5G;FDD;10;SISO;1;anecoica;1;58.8;49.3;872;15;15;0;14011;18.959;25.534;37.159;5.239
5G;FDD;10;SISO;1;anecoica;1;58.8;49.3;698;15;15;0;14008;19.968;24.346;28.651;2.594
5G;FDD;10;SISO;1;anecoica;1;58.8;49.3;1118;15;15;0;14008;20.023;24.350;28.756;2.575
5G;FDD;10;SISO;1;anecoica;2;59.0;49.5;575;15;15;0;14017;19.097;28.029;37.919;5.961
5G;FDD;10;SISO;1;anecoica;2;58.9;49.4;1092;15;15;0;14011;19.959;26.642;38.191;5.782
5G;FDD;10;SISO;1;anecoica;2;59.0;49.5;1146;15;15;0;14012;18.696;24.619;29.515;2.803
5G;FDD;10;SISO;1;anecoica;2;58.9;49.4;1296;15;15;0;14015;19.618;27.788;37.978;6.388
5G;FDD;10;SISO;1;anecoica;2;58.8;49.3;1056;15;15;0;14016;18.932;28.120;37.025;6.025
5G;FDD;10;SISO;1;anecoica;2;58.9;49.4;896;15;15;0;14016;19.481;28.375;38.063;5.921
5G;FDD;10;SISO;1;anecoica;2;59.0;49.5;749;15;15;0;14014;20.031;28.277;38.244;5.949
5G;FDD;10;SISO;1;anecoica;2;58.8;49.3;1063;15;15;0;14013;18.971;26.908;37.970;6.315
5G;FDD;10;SISO;1;anecoica;2;58.9;49.4;1212;15;15;0;14009;19.006;23.854;28.410;2.861
5G;FDD;10;SISO;1;anecoica;2;58.6;49.1;874;15;15;0;14011;19.005;25.108;38.027;5.544
5G;FDD;10;SISO;1;anecoica;2;58.8;49.3;913;15;15;0;14009;18.903;23.187;28.554;3.237
5G;FDD;10;SISO;1;anecoica;2;58.8;49.3;1262;15;15;0;14009;18.998;23.788;28.138;2.935
5G;FDD;10;SISO;1;anecoica;2;59.0;49.5;1308;15;15;0;14014;18.948;27.855;37.112;6.490
5G;FDD;10;SISO;1;anecoica;2;59.0;49.5;951;15;15;0;14014;19.729;27.264;38.024;5.983
5G;FDD;10;SISO;1;anecoica;2;58.9;49.4;813;15;15;0;14014;18.265;27.510;37.048;6.127
5G;FDD;10;SISO;1;anecoica;2;58.6;49.1;1035;15;15;0;14001;26.992;27.485;28.341;0.493
5G;FDD;10;SISO;1;anecoica;2;59.0;49.5;609;15;15;0;14012;19.795;94.012;1.020.034;247.562
5G;FDD;10;SISO;1;anecoica;2;59.1;49.6;1108;15;15;0;14012;18.473;25.572;36.991;5.278
5G;FDD;10;SISO;1;anecoica;2;58.5;49.1;721;15;15;0;14007;20.990;24.949;28.612;2.479
5G;FDD;10;SISO;1;anecoica;2;58.6;49.1;781;15;15;0;14006;21.977;25.630;28.972;2.139
5G;FDD;10;SISO;1;anecoica;3;58.8;49.3;631;15;15;0;14016;19.580;28.588;37.932;5.534
5G;FDD;10;SISO;1;anecoica;3;58.9;49.4;972;15;15;0;14014;19.327;27.408;38.039;5.778
5G;FDD;10;SISO;1;anecoica;3;58.8;49.3;756;15;15;0;14012;16.198;27.037;38.100;6.936
5G;FDD;10;SISO;1;anecoica;3;58.3;48.9;1210;15;15;0;14009;20.005;24.974;29.276;2.707
5G;FDD;10;SISO;1;anecoica;3;58.9;49.4;1104;15;15;0;14014;18.341;28.323;38.035;6.811
5G;FDD;10;SISO;1;anecoica;3;58.8;49.3;871;15;15;0;14014;18.972;28.279;37.985;6.681
5G;FDD;10;SISO;1;anecoica;3;58.9;49.4;1004;15;15;0;14015;19.036;27.460;37.622;5.717
5G;FDD;10;SISO;1;anecoica;3;59.1;49.6;1204;15;15;0;14011;18.955;24.595;37.031;4.336
5G;FDD;10;SISO;1;anecoica;3;58.8;49.3;927;15;15;0;14010;18.976;23.838;28.550;2.880
5G;FDD;10;SISO;1;anecoica;3;58.9;49.4;932;15;15;0;14014;19.041;30.366;38.208;6.742
5G;FDD;10;SISO;1;anecoica;3;58.6;49.1;1369;15;15;0;14016;18.984;27.640;37.887;6.221
5G;FDD;10;SISO;1;anecoica;3;58.8;49.3;1142;15;15;0;14010;19.111;25.998;37.890;4.445
5G;FDD;10;SISO;1;anecoica;3;58.7;49.3;951;15;15;0;14015;18.923;28.579;37.977;6.421
5G;FDD;10;SISO;1;anecoica;3;58.9;49.4;709;15;15;0;14016;19.135;29.151;38.139;6.247
5G;FDD;10;SISO;1;anecoica;3;59.0;49.5;1098;15;15;0;14011;18.916;23.872;37.758;4.671
5G;FDD;10;SISO;1;anecoica;3;58.5;49.1;1310;15;15;0;14014;18.564;27.399;37.957;6.846
5G;FDD;10;SISO;1;anecoica;3;58.9;49.4;1140;15;15;0;14013;18.816;29.867;38.003;7.119
5G;FDD;10;SISO;1;anecoica;3;58.8;49.3;826;15;15;0;14018;19.668;28.487;37.968;5.473
5G;FDD;10;SISO;1;anecoica;3;58.9;49.4;1084;15;15;0;14011;19.030;25.097;38.021;5.660
5G;FDD;10;SISO;1;anecoica;3;59.1;49.6;528;15;15;0;14014;19.046;27.873;38.050;6.131
5G;FDD;10;SISO;1;rever;1;59.0;49.5;621;15;15;0;14015;19.081;28.242;37.939;6.575
5G;FDD;10;SISO;1;rever;1;58.8;49.4;840;15;15;0;14018;19.019;28.677;38.019;5.751
5G;FDD;10;SISO;1;rever;1;58.9;49.4;889;15;15;0;14009;18.973;23.326;28.170;2.831
5G;FDD;10;SISO;1;rever;1;58.9;49.4;1466;15;15;0;14012;18.989;26.696;38.052;6.822
5G;FDD;10;SISO;1;rever;1;58.6;49.2;621;15;15;0;14014;18.968;26.837;37.991;6.247
5G;FDD;10;SISO;1;rever;1;59.0;49.5;1159;15;15;0;14013;19.512;26.191;38.054;5.937
5G;FDD;10;SISO;1;rever;1;58.9;49.4;810;15;15;0;14014;18.924;27.923;38.163;6.382
5G;FDD;10;SISO;1;rever;1;59.0;49.5;1045;15;15;0;14005;23.027;25.614;28.703;1.757
5G;FDD;10;SISO;1;rever;1;58.6;49.2;1425;15;15;0;14015;18.453;27.046;37.029;6.347
5G;FDD;10;SISO;1;rever;1;59.0;49.5;857;15;15;0;14012;19.065;26.100;38.019;5.204
5G;FDD;10;SISO;1;rever;1;58.7;49.2;1289;15;15;0;14015;19.005;27.360;37.941;6.115
5G;FDD;10;SISO;1;rever;1;58.9;49.4;1193;15;15;0;14008;19.988;24.451;28.708;2.516
5G;FDD;10;SISO;1;rever;1;58.9;49.4;864;15;15;0;14015;18.979;97.650;1.027.233;248.526
5G;FDD;10;SISO;1;rever;1;59.0;49.5;1449;15;15;0;14011;18.988;25.529;37.983;5.445
5G;FDD;10;SISO;1;rever;1;58.6;49.1;1170;15;15;0;14016;18.637;28.139;37.459;6.083
5G;FDD;10;SISO;1;rever;1;58.5;49.1;556;15;15;0;14015;19.285;28.404;38.107;6.419
5G;FDD;10;SISO;1;rever;1;58.8;49.3;1368;15;15;0;14014;18.962;27.533;38.059;6.642
5G;FDD;10;SISO;1;rever;1;59.1;49.5;1093;15;15;0;14013;18.760;28.244;37.993;6.573
5G;FDD;10;SISO;1;rever;1;59.0;49.5;2643;15;15;0;14008;19.954;24.062;28.442;2.429
5G;FDD;10;SISO;1;rever;1;59.0;49.5;722;15;15;0;14014;18.976;28.717;38.057;6.563
5G;FDD;10;SISO;1;rever;2;58.7;49.2;1005;15;15;0;14010;19.011;25.973;38.077;5.340
5G;FDD;10;SISO;1;rever;2;58.9;49.4;1361;15;15;0;14012;18.974;26.941;37.986;6.667
5G;FDD;10;SISO;1;rever;2;58.8;49.3;1076;15;15;0;14016;18.956;28.726;37.716;6.403
5G;FDD;10;SISO;1;rever;2;59.0;49.5;915;15;15;0;14018;19.955;28.942;37.970;5.258
5G;FDD;10;SISO;1;rever;2;58.7;49.2;663;15;15;0;14018;18.469;27.483;36.975;5.805
5G;FDD;10;SISO;1;rever;2;58.8;49.3;1446;15;15;0;14017;18.963;27.398;37.254;6.133
5G;FDD;10;SISO;1;rever;2;59.0;49.5;726;15;15;0;14011;18.809;26.991;37.989;6.633
5G;FDD;10;SISO;1;rever;2;58.9;49.4;963;15;15;0;14016;18.921;27.863;37.007;6.151
5G;FDD;10;SISO;1;rever;2;59.0;49.5;955;15;15;0;14011;18.750;24.825;37.990;5.749
5G;FDD;10;SISO;1;rever;2;58.7;49.2;1004;15;15;0;14010;18.361;25.695;37.973;5.614
5G;FDD;10;SISO;1;rever;2;58.8;49.4;1152;15;15;0;14010;19.714;25.249;37.998;4.327
5G;FDD;10;SISO;1;rever;2;58.9;49.4;1719;15;15;0;14014;18.962;27.599;38.093;6.983
5G;FDD;10;SISO;1;rever;2;58.3;48.9;809;15;15;0;14014;19.888;95.045;1.038.751;252.274
5G;FDD;10;SISO;1;rever;2;58.8;49.3;1214;15;15;0;14013;18.485;26.206;37.020;5.160
5G;FDD;10;SISO;1;rever;2;58.8;49.4;1099;15;15;0;14011;18.532;24.958;36.975;4.194
5G;FDD;10;SISO;1;rever;2;58.9;49.4;1087;15;15;0;14008;19.043;23.517;28.379;2.921
5G;FDD;10;SISO;1;rever;2;58.6;49.2;1010;15;15;0;14010;19.003;25.611;38.066;4.584
5G;FDD;10;SISO;1;rever;2;58.5;49.1;2235;15;15;0;14010;19.010;24.838;38.018;5.169
5G;FDD;10;SISO;1;rever;2;58.9;49.4;856;15;15;0;14013;19.001;27.983;38.023;6.681
5G;FDD;10;SISO;1;rever;2;58.9;49.4;1066;15;15;0;14019;19.083;28.224;37.685;5.708
5G;FDD;10;SISO;1;rever;3;59.0;49.5;1093;15;15;0;14011;20.055;33.994;49.021;8.874
5G;FDD;10;SISO;1;rever;3;58.8;49.3;1203;15;15;0;14013;19.018;28.381;38.022;6.690
5G;FDD;10;SISO;1;rever;3;58.7;49.2;1812;15;15;0;14015;18.405;28.670;37.119;5.768
5G;FDD;10;SISO;1;rever;3;59.1;49.5;1178;15;15;0;14017;18.546;29.179;37.018;5.706
5G;FDD;10;SISO;1;rever;3;59.0;49.5;1360;15;15;0;14011;19.792;31.256;38.116;5.942
5G;FDD;10;SISO;1;rever;3;58.9;49.4;2128;15;15;0;14013;19.816;28.983;38.051;6.886
5G;FDD;10;SISO;1;rever;3;58.9;49.4;1134;15;15;0;14015;19.435;29.935;38.016;6.060
5G;FDD;10;SISO;1;rever;3;58.5;49.1;1548;15;15;0;14013;18.802;27.227;40.982;7.169
5G;FDD;10;SISO;1;rever;3;58.8;49.3;1204;15;15;0;14009;26.947;31.542;36.359;2.567
5G;FDD;10;SISO;1;rever;3;58.9;49.4;1695;15;15;0;14012;18.517;30.103;45.090;6.809
5G;FDD;10;SISO;1;rever;3;58.9;49.4;1384;15;15;0;14013;22.976;29.923;41.990;5.063
5G;FDD;10;SISO;1;rever;3;58.4;48.9;2181;15;15;0;14015;19.180;28.562;40.256;6.489
5G;FDD;10;SISO;1;rever;3;58.9;49.4;1232;15;15;0;14009;24.059;29.356;33.989;2.979
5G;FDD;10;SISO;1;rever;3;58.6;49.2;1278;15;15;0;14012;18.713;31.059;37.548;5.755
5G;FDD;10;SISO;1;rever;3;58.7;49.2;1341;15;15;0;14007;19.086;32.010;45.973;8.095
5G;FDD;10;SISO;1;rever;3;58.8;49.4;1282;15;15;0;14015;19.820;31.215;38.008;5.486
5G;FDD;10;SISO;1;rever;3;58.3;48.9;1569;15;15;0;14013;19.052;27.358;38.028;6.107
5G;FDD;10;SISO;1;rever;3;57.6;48.3;1098;15;15;0;14014;19.986;30.111;39.446;6.285
5G;FDD;10;SISO;1;rever;3;59.0;49.5;1294;15;15;0;14013;18.595;29.808;44.977;7.402
5G;FDD;10;SISO;1;rever;3;59.2;49.6;1382;15;15;0;14014;18.859;26.669;37.677;5.805
5G;FDD;15;MIMO;1;anecoica;1;172;145;1237;15;15;0;14013;19.498;27.410;38.349;6.110
5G;FDD;15;MIMO;1;anecoica;1;172;144;1662;15;15;0;14014;18.310;26.918;36.973;6.531
5G;FDD;15;MIMO;1;anecoica;1;171;144;1600;15;15;0;14013;18.974;94.086;1.026.667;249.322
5G;FDD;15;MIMO;1;anecoica;1;172;144;973;15;15;0;14011;18.922;25.790;37.111;6.275
5G;FDD;15;MIMO;1;anecoica;1;172;144;929;15;15;0;14012;18.795;26.684;37.924;6.787
5G;FDD;15;MIMO;1;anecoica;1;172;145;1525;15;15;0;14014;19.049;28.165;37.944;6.189
5G;FDD;15;MIMO;1;anecoica;1;172;144;1098;15;15;0;14015;19.841;29.260;38.120;6.305
5G;FDD;15;MIMO;1;anecoica;1;172;144;2033;15;15;0;14013;18.313;26.145;37.006;5.699
5G;FDD;15;MIMO;1;anecoica;1;172;144;1639;15;15;0;14014;19.633;27.412;37.984;5.742
5G;FDD;15;MIMO;1;anecoica;1;172;145;2386;15;15;0;14009;18.892;23.885;29.102;3.406
5G;FDD;15;MIMO;1;anecoica;1;172;144;1660;15;15;0;14015;18.934;27.380;37.562;6.004
5G;FDD;15;MIMO;1;anecoica;1;172;144;1271;15;15;0;14043;22.957;97.010;1.062.091;257.948
5G;FDD;15;MIMO;1;anecoica;1;172;144;1315;15;15;0;14018;19.040;28.496;38.168;6.114
5G;FDD;15;MIMO;1;anecoica;1;171;144;1271;15;15;0;14013;18.476;26.825;36.982;6.067
5G;FDD;15;MIMO;1;anecoica;1;172;144;1742;15;15;0;14013;18.999;27.570;37.992;6.817
5G;FDD;15;MIMO;1;anecoica;1;172;144;1651;15;15;0;14015;19.842;28.775;37.993;5.969
5G;FDD;15;MIMO;1;anecoica;1;172;144;1857;15;15;0;14014;18.858;26.166;37.839;6.382
5G;FDD;15;MIMO;1;anecoica;1;172;144;1309;15;15;0;14013;18.513;26.104;37.417;5.844
5G;FDD;15;MIMO;1;anecoica;1;172;144;2034;15;15;0;14014;19.005;28.244;37.955;6.091
5G;FDD;15;MIMO;1;anecoica;1;173;145;2700;15;15;0;14014;18.833;26.527;36.959;5.946
5G;FDD;15;MIMO;1;anecoica;2;172;144;1336;15;15;0;14008;19.942;23.533;27.883;2.272
5G;FDD;15;MIMO;1;anecoica;2;169;142;652;15;15;0;14012;18.583;26.047;36.988;5.172
5G;FDD;15;MIMO;1;anecoica;2;171;144;928;15;15;0;14015;19.042;26.834;37.592;5.104
5G;FDD;15;MIMO;1;anecoica;2;171;143;1198;15;15;0;14012;19.070;27.594;38.107;6.291
5G;FDD;15;MIMO;1;anecoica;2;170;143;1046;15;15;0;13999;27.928;28.909;29.901;0.463
5G;FDD;15;MIMO;1;anecoica;2;169;142;831;15;15;0;14011;18.971;26.036;38.007;6.339
5G;FDD;15;MIMO;1;anecoica;2;169;142;1302;15;15;0;14011;18.749;25.883;37.951;6.332
5G;FDD;15;MIMO;1;anecoica;2;169;142;1166;15;15;0;14015;19.356;28.281;38.194;5.748
5G;FDD;15;MIMO;1;anecoica;2;171;143;724;15;15;0;14015;18.833;26.640;37.222;6.123
5G;FDD;15;MIMO;1;anecoica;2;170;143;1417;15;15;0;14014;19.803;27.720;37.940;6.088
5G;FDD;15;MIMO;1;anecoica;2;169;142;958;15;15;0;14016;19.524;30.378;36.067;5.128
5G;FDD;15;MIMO;1;anecoica;2;172;144;1038;15;15;0;14014;19.630;29.347;38.019;6.581
5G;FDD;15;MIMO;1;anecoica;2;171;144;1319;15;15;0;14015;19.535;26.838;37.877;5.652
5G;FDD;15;MIMO;1;anecoica;2;171;143;984;15;15;0;14010;18.758;24.782;37.674;4.358
5G;FDD;15;MIMO;1;anecoica;2;170;143;1088;15;15;0;14014;18.962;27.244;37.001;5.648
5G;FDD;15;MIMO;1;anecoica;2;170;143;1446;15;15;0;14011;19.929;25.478;37.990;5.361
5G;FDD;15;MIMO;1;anecoica;2;169;142;904;15;15;0;14012;19.037;26.247;37.591;5.750
5G;FDD;15;MIMO;1;anecoica;2;169;142;783;15;15;0;14013;18.976;28.776;38.031;6.760
5G;FDD;15;MIMO;1;anecoica;2;170;143;1182;15;15;0;14002;25.981;27.184;28.961;0.946
5G;FDD;15;MIMO;1;anecoica;2;169;142;1084;15;15;0;14011;18.961;24.436;37.033;4.251
5G;FDD;15;MIMO;1;anecoica;3;171;143;1105;15;15;0;14010;19.180;69.979;697.883;167.867
5G;FDD;15;MIMO;1;anecoica;3;170;142;586;15;15;0;14012;18.948;26.039;37.889;7.228
5G;FDD;15;MIMO;1;anecoica;3;172;144;893;15;15;0;14014;18.997;29.276;38.021;7.022
5G;FDD;15;MIMO;1;anecoica;3;170;143;1307;15;15;0;14018;18.996;28.501;37.926;5.852
5G;FDD;15;MIMO;1;anecoica;3;170;143;1248;15;15;0;14012;18.984;92.295;1.021.045;248.291
5G;FDD;15;MIMO;1;anecoica;3;169;141;952;15;15;0;14035;20.225;97.200;1.059.086;257.135
5G;FDD;15;MIMO;1;anecoica;3;171;144;1172;15;15;0;14016;18.801;28.311;37.699;6.143
5G;FDD;15;MIMO;1;anecoica;3;170;143;977;15;15;0;14017;19.885;29.763;38.013;5.747
5G;FDD;15;MIMO;1;anecoica;3;170;142;1126;15;15;0;14017;12.916;27.581;37.990;7.203
5G;FDD;15;MIMO;1;anecoica;3;172;144;1413;15;15;0;14015;18.544;27.221;37.884;6.097
5G;FDD;15;MIMO;1;anecoica;3;171;144;1129;15;15;0;14011;18.678;25.285;37.920;5.514
5G;FDD;15;MIMO;1;anecoica;3;170;143;706;15;15;0;14013;19.550;28.660;38.104;6.768
5G;FDD;15;MIMO;1;anecoica;3;169;142;1224;15;15;0;14011;18.678;25.506;37.447;5.335
5G;FDD;15;MIMO;1;anecoica;3;169;142;1196;15;15;0;14014;18.961;26.268;36.999;6.193
5G;FDD;15;MIMO;1;anecoica;3;169;142;1122;15;15;0;14040;19.359;98.262;1.046.655;253.507
5G;FDD;15;MIMO;1;anecoica;3;171;143;893;15;15;0;14011;18.946;24.379;37.010;4.312
5G;FDD;15;MIMO;1;anecoica;3;169;142;1002;15;15;0;14012;19.274;27.598;38.018;7.013
5G;FDD;15;MIMO;1;anecoica;3;168;141;763;15;15;0;14046;19.094;95.896;1.051.333;255.422
5G;FDD;15;MIMO;1;anecoica;3;171;144;917;15;15;0;14018;19.097;28.671;37.856;6.045
5G;FDD;15;MIMO;1;anecoica;3;171;144;842;15;15;0;14016;18.924;26.844;37.012;5.965
5G;FDD;15;MIMO;1;rever;1;171;143;1213;15;15;0;14012;19.067;27.649;38.202;7.013
5G;FDD;15;MIMO;1;rever;1;169;142;1040;15;15;0;14012;16.127;27.404;38.042;7.213
5G;FDD;15;MIMO;1;rever;1;168;141;1381;15;15;0;14009;18.925;23.714;28.167;2.481
5G;FDD;15;MIMO;1;rever;1;171;143;1914;15;15;0;14007;20.009;24.411;27.664;2.428
5G;FDD;15;MIMO;1;rever;1;171;143;1333;15;15;0;14007;21.252;24.195;27.984;1.954
5G;FDD;15;MIMO;1;rever;1;171;143;1549;15;15;0;14012;18.445;25.394;37.976;6.343
5G;FDD;15;MIMO;1;rever;1;169;142;1063;15;15;0;14015;18.769;29.712;45.126;7.712
5G;FDD;15;MIMO;1;rever;1;169;142;1276;15;15;0;14015;18.656;26.690;36.959;6.079
5G;FDD;15;MIMO;1;rever;1;169;142;1186;15;15;0;14008;20.487;24.510;28.124;2.298
5G;FDD;15;MIMO;1;rever;1;171;143;1538;15;15;0;14011;19.026;24.927;37.965;5.575
5G;FDD;15;MIMO;1;rever;1;171;143;1542;15;15;0;14011;19.005;26.390;38.038;6.146
5G;FDD;15;MIMO;1;rever;1;171;143;1395;15;15;0;14013;18.945;29.026;37.011;6.875
5G;FDD;15;MIMO;1;rever;1;170;143;1339;15;15;0;14016;19.576;28.720;37.989;6.574
5G;FDD;15;MIMO;1;rever;1;170;142;1373;15;15;0;14015;18.270;27.163;37.083;6.349
5G;FDD;15;MIMO;1;rever;1;170;142;1471;15;15;0;14009;19.037;23.374;28.117;2.557
5G;FDD;15;MIMO;1;rever;1;169;142;1074;15;15;0;14012;18.920;26.557;37.041;6.365
5G;FDD;15;MIMO;1;rever;1;168;141;1391;15;15;0;14015;18.786;27.616;36.978;5.975
5G;FDD;15;MIMO;1;rever;1;171;143;1280;15;15;0;14016;18.423;27.463;37.942;6.635
5G;FDD;15;MIMO;1;rever;1;171;143;1407;15;15;0;14015;18.864;27.827;37.333;5.959
5G;FDD;15;MIMO;1;rever;1;171;143;1226;15;15;0;14016;19.046;28.875;38.087;6.642
5G;FDD;15;MIMO;1;rever;2;171;144;1323;15;15;0;14017;19.146;28.098;37.683;5.762
5G;FDD;15;MIMO;1;rever;2;171;143;1072;15;15;0;14011;19.871;26.752;38.030;5.829
5G;FDD;15;MIMO;1;rever;2;172;144;1112;15;15;0;14011;18.472;26.655;38.058;6.838
5G;FDD;15;MIMO;1;rever;2;171;143;1252;15;15;0;14011;18.521;23.942;36.997;4.553
5G;FDD;15;MIMO;1;rever;2;172;144;1141;15;15;0;14012;18.537;24.787;36.933;5.345
5G;FDD;15;MIMO;1;rever;2;170;143;1162;15;15;0;14039;28.022;101.428;1.068.009;258.345
5G;FDD;15;MIMO;1;rever;2;171;144;863;15;15;0;14007;20.865;24.535;28.543;2.694
5G;FDD;15;MIMO;1;rever;2;170;143;1298;15;15;0;14010;19.974;25.868;38.108;5.281
5G;FDD;15;MIMO;1;rever;2;171;144;1096;15;15;0;14011;19.021;25.662;38.016;5.273
5G;FDD;15;MIMO;1;rever;2;169;142;833;15;15;0;14016;19.939;29.240;38.038;5.708
5G;FDD;15;MIMO;1;rever;2;170;143;731;15;15;0;14017;18.651;27.579;36.924;5.568
5G;FDD;15;MIMO;1;rever;2;169;142;998;15;15;0;14011;18.978;29.290;37.994;7.147
5G;FDD;15;MIMO;1;rever;2;170;143;763;15;15;0;14014;18.569;27.236;37.474;6.695
5G;FDD;15;MIMO;1;rever;2;169;142;1178;15;15;0;14012;18.990;27.878;37.988;6.596
5G;FDD;15;MIMO;1;rever;2;170;143;1281;15;15;0;14014;18.998;28.406;37.973;6.366
5G;FDD;15;MIMO;1;rever;2;170;143;799;15;15;0;14017;18.507;27.718;37.013;6.043
5G;FDD;15;MIMO;1;rever;2;172;144;1261;15;15;0;14016;18.993;27.837;37.625;6.184
5G;FDD;15;MIMO;1;rever;2;170;143;1033;15;15;0;14013;18.658;25.527;36.874;5.731
5G;FDD;15;MIMO;1;rever;2;172;144;1341;15;15;0;14015;18.978;27.703;37.902;6.301
5G;FDD;15;MIMO;1;rever;2;171;144;795;15;15;0;14014;19.015;28.152;38.061;6.235
5G;FDD;15;MIMO;1;rever;3;170;143;1872;15;15;0;14012;19.025;27.211;37.974;6.115
5G;FDD;15;MIMO;1;rever;3;168;141;1557;15;15;0;14009;18.927;31.012;37.302;6.121
5G;FDD;15;MIMO;1;rever;3;168;141;1986;15;15;0;14014;18.899;29.522;36.939;5.021
5G;FDD;15;MIMO;1;rever;3;170;143;1901;15;15;0;14014;18.834;30.676;45.292;8.479
5G;FDD;15;MIMO;1;rever;3;169;142;1765;15;15;0;14009;18.847;30.432;38.124;6.824
5G;FDD;15;MIMO;1;rever;3;170;142;2169;15;15;0;14011;18.772;24.215;37.023;4.457
5G;FDD;15;MIMO;1;rever;3;170;143;1382;15;15;0;14009;18.988;23.727;28.238;2.985
5G;FDD;15;MIMO;1;rever;3;170;142;1798;15;15;0;14013;18.979;28.618;38.064;6.841
5G;FDD;15;MIMO;1;rever;3;168;141;1603;15;15;0;14016;18.907;28.320;37.773;6.290
5G;FDD;15;MIMO;1;rever;3;169;142;2231;15;15;0;14015;19.187;27.951;38.066;6.362
5G;FDD;15;MIMO;1;rever;3;169;141;1332;15;15;0;13999;26.937;27.721;28.942;0.648
5G;FDD;15;MIMO;1;rever;3;168;141;1387;15;15;0;14011;18.451;24.047;36.869;4.402
5G;FDD;15;MIMO;1;rever;3;168;141;1923;15;15;0;14013;19.790;29.883;38.011;6.545
5G;FDD;15;MIMO;1;rever;3;170;143;2189;15;15;0;14017;18.982;28.231;37.488;5.777
5G;FDD;15;MIMO;1;rever;3;171;143;1511;15;15;0;14019;18.399;27.633;36.955;5.375
5G;FDD;15;MIMO;1;rever;3;169;142;1719;15;15;0;14012;18.801;29.900;37.928;5.937
5G;FDD;15;MIMO;1;rever;3;169;142;2151;15;15;0;14016;18.872;29.002;38.063;6.097
5G;FDD;15;MIMO;1;rever;3;169;142;1468;15;15;0;14013;19.730;30.808;37.998;4.724
5G;FDD;15;MIMO;1;rever;3;169;142;1678;15;15;0;14012;18.937;31.886;38.104;5.682
5G;FDD;15;MIMO;1;rever;3;169;142;2476;15;15;0;14013;19.968;27.612;38.071;6.294
5G;FDD;15;SISO;1;anecoica;1;89.2;74.8;913;15;15;0;14010;19.052;24.699;38.037;4.607
5G;FDD;15;SISO;1;anecoica;1;89.0;74.7;1311;15;15;0;14011;18.973;25.179;37.953;5.546
5G;FDD;15;SISO;1;anecoica;1;89.2;74.9;1655;15;15;0;14011;18.870;27.036;37.991;6.557
5G;FDD;15;SISO;1;anecoica;1;89.2;74.8;889;15;15;0;14009;19.032;24.906;29.186;3.301
5G;FDD;15;SISO;1;anecoica;1;89.3;74.9;924;15;14;6;14006;22.059;25.752;28.931;2.117
5G;FDD;15;SISO;1;anecoica;1;89.1;74.8;1376;15;15;0;14010;18.986;24.680;37.966;4.388
5G;FDD;15;SISO;1;anecoica;1;89.6;75.1;1143;15;15;0;14012;19.008;25.832;37.941;5.272
5G;FDD;15;SISO;1;anecoica;1;89.7;75.2;1644;15;15;0;14012;18.914;24.909;38.134;5.789
5G;FDD;15;SISO;1;anecoica;1;89.2;74.9;1174;15;15;0;14008;19.789;23.792;28.057;2.605
5G;FDD;15;SISO;1;anecoica;1;89.3;74.9;971;15;15;0;14009;18.800;25.340;29.043;3.152
5G;FDD;15;SISO;1;anecoica;1;89.4;75.0;1029;15;15;0;14010;19.022;24.374;37.994;4.695
5G;FDD;15;SISO;1;anecoica;1;89.4;75.0;1066;15;15;0;14009;19.036;24.105;28.242;2.461
5G;FDD;15;SISO;1;anecoica;1;89.3;74.9;1199;15;15;0;14015;19.910;28.599;37.988;6.265
5G;FDD;15;SISO;1;anecoica;1;89.6;75.1;1256;15;15;0;14011;18.914;25.144;37.055;4.341
5G;FDD;15;SISO;1;anecoica;1;89.6;75.1;1538;15;15;0;14007;21.003;24.566;28.430;1.955
5G;FDD;15;SISO;1;anecoica;1;89.2;74.8;1068;15;15;0;14009;18.641;24.614;29.147;3.015
5G;FDD;15;SISO;1;anecoica;1;89.5;75.1;1685;15;15;0;14010;18.972;24.143;38.161;4.656
5G;FDD;15;SISO;1;anecoica;1;89.0;74.7;1178;15;15;0;14014;18.948;27.384;37.937;6.469
5G;FDD;15;SISO;1;anecoica;1;89.4;75.0;869;15;15;0;14010;18.646;24.695;28.478;2.948
5G;FDD;15;SISO;1;anecoica;1;89.3;74.9;985;15;15;0;14009;18.859;24.444;28.099;2.855
5G;FDD;15;SISO;1;anecoica;2;89.3;74.9;874;15;15;0;14015;18.492;27.390;37.019;6.552
5G;FDD;15;SISO;1;anecoica;2;89.6;75.1;787;15;15;0;14016;18.632;27.171;37.787;6.289
5G;FDD;15;SISO;1;anecoica;2;89.3;74.9;1146;15;15;0;14012;19.191;28.520;38.033;6.385
5G;FDD;15;SISO;1;anecoica;2;89.2;74.8;1274;15;15;0;14017;18.795;27.652;37.061;6.112
5G;FDD;15;SISO;1;anecoica;2;89.4;75.0;1056;15;15;0;14014;18.669;26.726;36.980;6.052
5G;FDD;15;SISO;1;anecoica;2;89.4;75.0;1006;15;15;0;14012;18.961;27.525;38.113;6.300
5G;FDD;15;SISO;1;anecoica;2;89.0;74.7;968;15;15;0;14011;18.920;25.481;36.971;5.188
5G;FDD;15;SISO;1;anecoica;2;89.1;74.8;1378;15;15;0;14011;18.857;25.164;37.631;4.585
5G;FDD;15;SISO;1;anecoica;2;89.5;75.1;1369;15;15;0;14013;19.043;26.905;37.866;6.427
5G;FDD;15;SISO;1;anecoica;2;89.5;75.1;1828;15;15;0;14040;18.992;95.982;1.054.138;256.136
5G;FDD;15;SISO;1;anecoica;2;89.6;75.1;997;15;15;0;14016;19.759;29.117;38.022;5.900
5G;FDD;15;SISO;1;anecoica;2;89.6;75.2;1353;15;15;0;14017;19.072;28.537;38.186;5.921
5G;FDD;15;SISO;1;anecoica;2;89.5;75.0;895;15;15;0;14015;18.998;29.630;38.161;6.462
5G;FDD;15;SISO;1;anecoica;2;89.7;75.3;2100;15;15;0;14011;18.977;25.007;37.960;5.560
5G;FDD;15;SISO;1;anecoica;2;89.6;75.2;2252;15;15;0;14016;18.995;27.877;37.949;5.996
5G;FDD;15;SISO;1;anecoica;2;89.3;74.9;1040;15;15;0;14016;19.601;29.973;38.056;6.057
5G;FDD;15;SISO;1;anecoica;2;89.6;75.1;880;15;15;0;14013;19.492;27.095;38.019;5.517
5G;FDD;15;SISO;1;anecoica;2;89.2;74.8;1059;15;15;0;14014;18.910;27.004;36.984;5.677
5G;FDD;15;SISO;1;anecoica;2;90.0;75.5;1542;15;15;0;14011;19.007;25.010;37.983;5.556
5G;FDD;15;SISO;1;anecoica;2;89.5;75.1;1042;15;15;0;14012;18.939;26.836;36.982;5.437
5G;FDD;15;SISO;1;anecoica;3;89.3;74.9;966;15;15;0;14020;18.425;28.159;37.019;5.758
5G;FDD;15;SISO;1;anecoica;3;89.3;74.9;995;15;15;0;14016;19.413;28.673;37.989;5.802
5G;FDD;15;SISO;1;anecoica;3;89.3;74.9;1967;15;15;0;14001;26.060;26.997;28.412;0.572
5G;FDD;15;SISO;1;anecoica;3;89.4;75.0;853;15;15;0;14010;18.976;24.710;38.030;4.584
5G;FDD;15;SISO;1;anecoica;3;89.6;75.1;804;15;15;0;14007;20.824;24.383;28.513;2.164
5G;FDD;15;SISO;1;anecoica;3;89.1;74.8;1140;15;15;0;14012;19.257;26.166;38.252;6.511
5G;FDD;15;SISO;1;anecoica;3;89.3;74.9;1137;15;15;0;14015;19.282;28.752;38.258;6.281
5G;FDD;15;SISO;1;anecoica;3;89.1;74.7;1421;15;15;0;14030;18.863;95.371;1.048.599;254.810
5G;FDD;15;SISO;1;anecoica;3;89.4;75.0;1324;15;15;0;14016;19.957;28.541;38.046;6.037
5G;FDD;15;SISO;1;anecoica;3;89.6;75.2;904;15;15;0;14002;26.039;27.168;28.623;0.564
5G;FDD;15;SISO;1;anecoica;3;89.4;75.0;1120;15;15;0;14012;19.015;27.133;37.916;6.814
5G;FDD;15;SISO;1;anecoica;3;89.3;74.9;1289;15;15;0;14014;19.634;29.599;37.965;6.284
5G;FDD;15;SISO;1;anecoica;3;89.5;75.0;1151;15;15;0;14018;19.910;28.808;37.956;5.444
5G;FDD;15;SISO;1;anecoica;3;89.2;74.8;967;15;15;0;14014;19.233;28.065;38.132;6.017
5G;FDD;15;SISO;1;anecoica;3;89.5;75.1;1564;15;15;0;14016;18.824;27.694;36.992;6.287
5G;FDD;15;SISO;1;anecoica;3;89.5;75.1;1078;15;15;0;14011;18.984;26.273;38.129;6.305
5G;FDD;15;SISO;1;anecoica;3;89.8;75.4;1755;15;15;0;14017;18.963;28.283;37.827;5.851
5G;FDD;15;SISO;1;anecoica;3;89.4;75.0;816;15;15;0;14018;19.050;28.582;37.508;5.539
5G;FDD;15;SISO;1;anecoica;3;88.8;74.5;1479;15;15;0;14016;18.816;27.289;37.270;5.909
5G;FDD;15;SISO;1;anecoica;3;89.8;75.3;788;15;15;0;14016;19.053;28.410;38.224;5.927
5G;FDD;15;SISO;1;rever;1;89.1;74.7;981;15;15;0;14012;18.791;26.779;38.224;6.960
5G;FDD;15;SISO;1;rever;1;89.8;75.3;1763;15;15;0;14016;19.028;28.754;37.970;6.205
5G;FDD;15;SISO;1;rever;1;89.4;75.0;1920;15;15;0;14019;19.003;28.399;37.792;5.767
5G;FDD;15;SISO;1;rever;1;89.5;75.1;1006;15;15;0;14013;19.013;26.851;38.005;5.563
5G;FDD;15;SISO;1;rever;1;89.4;75.0;1486;15;15;0;14009;18.976;26.179;37.988;6.132
5G;FDD;15;SISO;1;rever;1;89.3;74.9;2170;15;15;0;14011;18.444;24.019;37.444;4.862
5G;FDD;15;SISO;1;rever;1;87.5;73.4;1864;15;15;0;14016;19.914;29.723;38.033;6.128
5G;FDD;15;SISO;1;rever;1;89.8;75.3;1213;15;15;0;14020;24.000;97.272;1.042.684;252.691
5G;FDD;15;SISO;1;rever;1;89.8;75.3;1629;15;15;0;14015;18.872;27.127;37.660;6.216
5G;FDD;15;SISO;1;rever;1;89.5;75.0;1209;15;15;0;14012;19.040;26.872;37.890;6.759
5G;FDD;15;SISO;1;rever;1;89.6;75.2;1013;15;15;0;14011;18.374;24.647;37.095;4.562
5G;FDD;15;SISO;1;rever;1;89.6;75.1;1254;15;15;0;14015;19.069;27.546;37.915;5.316
5G;FDD;15;SISO;1;rever;1;89.8;75.3;1116;15;15;0;14012;18.961;27.016;38.432;6.760
5G;FDD;15;SISO;1;rever;1;89.2;74.8;1287;15;15;0;14008;19.941;23.029;28.489;2.816
5G;FDD;15;SISO;1;rever;1;89.4;75.0;1049;15;15;0;14014;18.425;26.560;37.398;6.290
5G;FDD;15;SISO;1;rever;1;89.5;75.1;1546;15;15;0;14014;19.003;28.609;38.081;6.660
5G;FDD;15;SISO;1;rever;1;89.7;75.3;974;15;15;0;14041;18.840;97.261;1.043.734;253.001
5G;FDD;15;SISO;1;rever;1;89.1;74.7;1584;15;15;0;14017;19.884;29.189;38.043;5.487
5G;FDD;15;SISO;1;rever;1;89.4;75.0;1362;15;15;0;14015;18.986;27.819;37.503;5.753
5G;FDD;15;SISO;1;rever;1;89.6;75.2;2044;15;15;0;14007;20.973;25.434;28.993;2.457
5G;FDD;15;SISO;1;rever;2;89.5;75.1;1592;15;15;0;14012;19.085;28.027;37.956;6.706
5G;FDD;15;SISO;1;rever;2;89.3;74.9;845;15;15;0;14008;18.981;23.520;28.268;2.822
5G;FDD;15;SISO;1;rever;2;89.4;75.0;1927;15;15;0;14010;18.974;24.455;38.203;4.807
5G;FDD;15;SISO;1;rever;2;89.6;75.2;1077;15;15;0;14011;18.775;24.766;36.978;4.296
5G;FDD;15;SISO;1;rever;2;89.5;75.1;1170;15;15;0;14015;18.354;28.010;36.978;6.093
5G;FDD;15;SISO;1;rever;2;89.5;75.1;789;15;15;0;14014;19.070;29.304;37.988;6.640
5G;FDD;15;SISO;1;rever;2;89.4;75.0;1073;15;15;0;14018;19.843;29.402;38.010;5.929
5G;FDD;15;SISO;1;rever;2;89.0;74.7;873;15;15;0;14016;18.996;28.563;37.849;6.011
5G;FDD;15;SISO;1;rever;2;90.0;75.5;1512;15;15;0;14012;18.991;25.706;37.986;5.256
5G;FDD;15;SISO;1;rever;2;89.4;75.0;2126;15;15;0;14000;27.947;28.316;29.062;0.405
5G;FDD;15;SISO;1;rever;2;89.5;75.1;1510;15;15;0;14013;18.955;26.735;37.290;5.370
5G;FDD;15;SISO;1;rever;2;89.3;74.9;854;15;15;0;14012;18.988;26.011;37.971;5.142
5G;FDD;15;SISO;1;rever;2;89.4;75.0;1357;15;15;0;14013;19.353;26.508;37.957;5.645
5G;FDD;15;SISO;1;rever;2;89.5;75.1;1302;15;15;0;14011;18.952;24.600;37.039;4.355
5G;FDD;15;SISO;1;rever;2;89.4;75.0;879;15;15;0;14014;19.155;27.834;37.995;6.381
5G;FDD;15;SISO;1;rever;2;89.7;75.2;1623;15;15;0;14012;18.795;25.566;37.600;5.333
5G;FDD;15;SISO;1;rever;2;89.2;74.8;904;15;15;0;14009;18.843;23.423;28.011;2.767
5G;FDD;15;SISO;1;rever;2;89.5;75.1;1110;15;15;0;14009;19.062;23.969;28.207;2.591
5G;FDD;15;SISO;1;rever;2;89.9;75.4;949;15;15;0;14010;19.056;25.336;37.792;4.133
5G;FDD;15;SISO;1;rever;2;89.5;75.0;1582;15;15;0;14014;18.779;26.195;37.974;6.656
5G;FDD;15;SISO;1;rever;3;89.4;75.0;1384;15;15;0;14017;19.347;30.108;42.944;6.235
5G;FDD;15;SISO;1;rever;3;89.5;75.1;1609;15;15;0;14012;18.294;27.675;38.003;7.537
5G;FDD;15;SISO;1;rever;3;89.5;75.1;1203;15;15;0;14016;19.960;29.891;37.981;6.072
5G;FDD;15;SISO;1;rever;3;89.7;75.2;2603;15;15;0;14008;18.873;23.172;33.036;3.815
5G;FDD;15;SISO;1;rever;3;89.0;74.6;1539;15;15;0;14009;18.935;23.403;28.344;3.063
5G;FDD;15;SISO;1;rever;3;89.5;75.0;1311;15;15;0;14013;19.403;28.013;42.979;7.080
5G;FDD;15;SISO;1;rever;3;89.4;75.0;1619;15;15;0;14010;18.942;82.490;860.959;208.190
5G;FDD;15;SISO;1;rever;3;89.5;75.1;1325;15;15;0;14014;18.970;27.981;45.780;6.863
5G;FDD;15;SISO;1;rever;3;89.3;74.9;1632;15;15;0;14011;19.250;33.058;37.996;4.686
5G;FDD;15;SISO;1;rever;3;89.2;74.9;1416;15;15;0;14008;18.437;23.401;38.003;4.512
5G;FDD;15;SISO;1;rever;3;88.2;74.0;1221;15;15;0;14013;19.314;30.155;38.039;5.221
5G;FDD;15;SISO;1;rever;3;89.6;75.1;2189;15;15;0;14017;18.820;27.943;37.946;5.910
5G;FDD;15;SISO;1;rever;3;89.2;74.8;842;15;15;0;14014;19.740;28.186;37.974;6.506
5G;FDD;15;SISO;1;rever;3;89.6;75.2;1315;15;15;0;14016;19.747;29.109;37.970;5.396
5G;FDD;15;SISO;1;rever;3;89.5;75.1;1158;15;15;0;14016;19.013;27.870;37.899;5.834
5G;FDD;15;SISO;1;rever;3;89.7;75.2;1303;15;15;0;14016;18.995;28.224;37.499;6.069
5G;FDD;15;SISO;1;rever;3;89.6;75.2;1673;15;15;0;14016;18.569;28.834;39.925;6.309
5G;FDD;15;SISO;1;rever;3;89.7;75.2;1602;15;15;0;14012;19.769;32.735;37.960;4.742
5G;FDD;15;SISO;1;rever;3;89.1;74.8;1529;15;15;0;14011;19.957;27.251;38.342;5.354
5G;FDD;15;SISO;1;rever;3;89.5;75.1;1359;15;15;0;14010;18.542;25.214;37.943;5.553
5G;FDD;20;MIMO;1;anecoica;1;227;190;1160;15;15;0;14008;20.055;91.855;366.690;135.534
5G;FDD;20;MIMO;1;anecoica;1;226;190;1435;15;15;0;14011;19.687;27.369;37.993;6.706
5G;FDD;20;MIMO;1;anecoica;1;227;190;1113;15;15;0;14015;18.658;93.594;1.022.109;248.234
5G;FDD;20;MIMO;1;anecoica;1;226;190;1285;15;15;0;14013;18.612;92.165;1.025.013;249.390
5G;FDD;20;MIMO;1;anecoica;1;226;190;1371;15;15;0;14027;20.636;92.114;1.041.360;253.705
5G;FDD;20;MIMO;1;anecoica;1;226;189;1226;15;15;0;14013;19.004;27.482;38.005;6.887
5G;FDD;20;MIMO;1;anecoica;1;227;190;1346;15;15;0;14011;18.944;29.589;38.272;7.009
5G;FDD;20;MIMO;1;anecoica;1;226;190;875;15;15;0;14014;19.912;84.901;874.083;211.004
5G;FDD;20;MIMO;1;anecoica;1;227;191;1450;15;15;0;14013;19.942;27.561;38.032;5.886
5G;FDD;20;MIMO;1;anecoica;1;227;190;1230;15;15;0;14050;18.871;161.495;1.059.688;346.020
5G;FDD;20;MIMO;1;anecoica;1;226;189;1534;15;15;0;14014;18.979;28.912;38.440;6.541
5G;FDD;20;MIMO;1;anecoica;1;227;190;959;15;15;0;14015;20.075;29.707;38.392;5.985
5G;FDD;20;MIMO;1;anecoica;1;226;190;702;15;15;0;14012;18.975;26.323;37.712;5.740
5G;FDD;20;MIMO;1;anecoica;1;226;189;1282;15;15;0;14013;18.917;28.165;37.920;6.277
5G;FDD;20;MIMO;1;anecoica;1;227;190;1822;15;15;0;14009;18.987;23.269;27.833;2.927
5G;FDD;20;MIMO;1;anecoica;1;226;190;1464;15;15;0;14009;18.941;22.589;27.771;2.419
5G;FDD;20;MIMO;1;anecoica;1;227;190;1243;15;15;0;14012;18.958;94.654;1.036.053;251.686
5G;FDD;20;MIMO;1;anecoica;1;226;190;1176;15;15;0;14029;19.222;93.236;1.040.039;253.079
5G;FDD;20;MIMO;1;anecoica;1;227;190;1450;15;15;0;14015;19.880;28.818;37.951;5.858
5G;FDD;20;MIMO;1;anecoica;1;227;190;972;15;15;0;14014;19.935;28.082;37.900;5.826
5G;FDD;20;MIMO;1;anecoica;2;226;190;1585;15;15;0;14016;19.673;28.138;37.943;5.632
5G;FDD;20;MIMO;1;anecoica;2;225;189;1067;15;15;0;14013;19.570;27.493;38.112;5.655
5G;FDD;20;MIMO;1;anecoica;2;226;190;2450;15;15;0;14014;20.368;29.825;39.278;6.521
5G;FDD;20;MIMO;1;anecoica;2;227;190;1166;15;15;0;14008;19.694;25.127;39.676;4.464
5G;FDD;20;MIMO;1;anecoica;2;226;189;2864;15;15;0;14012;18.956;27.950;40.293;7.065
5G;FDD;20;MIMO;1;anecoica;2;226;189;1729;15;15;0;14016;18.975;96.631;1.024.699;248.098
5G;FDD;20;MIMO;1;anecoica;2;227;190;1375;15;15;0;14008;20.332;24.739;28.671;2.595
5G;FDD;20;MIMO;1;anecoica;2;227;191;995;15;15;0;14010;19.319;93.432;1.026.028;249.324
5G;FDD;20;MIMO;1;anecoica;2;225;189;957;15;15;0;14011;18.913;26.826;41.915;6.570
5G;FDD;20;MIMO;1;anecoica;2;227;190;1315;15;15;0;14011;18.847;24.842;36.994;5.540
5G;FDD;20;MIMO;1;anecoica;2;227;190;1120;15;15;0;14015;18.975;27.879;37.989;6.056
5G;FDD;20;MIMO;1;anecoica;2;226;190;1298;15;15;0;14017;19.610;28.880;38.001;6.051
5G;FDD;20;MIMO;1;anecoica;2;228;191;1005;15;15;0;14015;19.619;28.646;38.151;6.109
5G;FDD;20;MIMO;1;anecoica;2;226;190;886;15;15;0;14012;19.936;27.374;38.016;6.147
5G;FDD;20;MIMO;1;anecoica;2;226;190;1294;15;15;0;14011;19.239;26.186;37.974;6.031
5G;FDD;20;MIMO;1;anecoica;2;226;190;1428;15;15;0;14036;22.125;97.988;1.061.044;257.428
5G;FDD;20;MIMO;1;anecoica;2;227;190;1008;15;15;0;14016;19.301;29.220;38.013;6.256
5G;FDD;20;MIMO;1;anecoica;2;226;190;1564;15;15;0;14026;22.035;92.491;1.043.228;254.101
5G;FDD;20;MIMO;1;anecoica;2;227;190;876;15;15;0;14008;19.116;22.851;27.654;2.670
5G;FDD;20;MIMO;1;anecoica;2;227;190;1015;15;15;0;14007;20.856;24.010;28.018;2.055
5G;FDD;20;MIMO;1;anecoica;3;226;190;1349;15;15;0;14015;19.336;29.907;38.271;6.551
5G;FDD;20;MIMO;1;anecoica;3;226;189;936;15;15;0;14012;18.878;27.637;37.967;6.842
5G;FDD;20;MIMO;1;anecoica;3;224;188;1089;15;15;0;14008;21.005;26.444;30.917;2.681
5G;FDD;20;MIMO;1;anecoica;3;225;189;1270;15;15;0;14012;18.534;48.385;360.039;83.519
5G;FDD;20;MIMO;1;anecoica;3;227;190;1444;15;15;0;14010;19.008;25.879;38.019;5.390
5G;FDD;20;MIMO;1;anecoica;3;225;189;924;15;15;0;14012;18.907;28.470;37.912;6.645
5G;FDD;20;MIMO;1;anecoica;3;226;190;862;15;15;0;14010;19.029;25.044;37.905;4.303
5G;FDD;20;MIMO;1;anecoica;3;224;188;683;15;15;0;14016;18.779;27.354;37.567;5.953
5G;FDD;20;MIMO;1;anecoica;3;225;188;1370;15;15;0;14034;19.044;97.431;1.052.149;255.233
5G;FDD;20;MIMO;1;anecoica;3;224;188;539;15;15;0;14010;18.878;24.485;37.966;4.728
5G;FDD;20;MIMO;1;anecoica;3;225;189;584;15;15;0;14013;19.562;27.484;38.092;6.920
5G;FDD;20;MIMO;1;anecoica;3;226;190;1148;15;15;0;14023;23.984;97.248;1.045.946;253.572
5G;FDD;20;MIMO;1;anecoica;3;224;188;492;15;15;0;14008;19.030;22.769;27.647;2.281
5G;FDD;20;MIMO;1;anecoica;3;223;187;851;15;15;0;14012;18.936;26.620;38.072;6.789
5G;FDD;20;MIMO;1;anecoica;3;226;189;930;15;15;0;14018;18.493;27.950;37.492;6.294
5G;FDD;20;MIMO;1;anecoica;3;227;190;669;15;15;0;14018;19.029;94.317;1.036.224;251.783
5G;FDD;20;MIMO;1;anecoica;3;227;190;986;15;15;0;14015;18.913;26.883;37.735;5.731
5G;FDD;20;MIMO;1;anecoica;3;225;189;744;15;15;0;14010;18.907;23.854;38.068;4.721
5G;FDD;20;MIMO;1;anecoica;3;226;190;1000;15;15;0;14013;18.697;95.705;1.037.013;251.658
5G;FDD;20;MIMO;1;anecoica;3;224;188;740;15;15;0;14041;23.965;231.150;1.062.798;406.503
5G;FDD;20;MIMO;1;rever;1;226;190;1303;15;15;0;14016;19.001;27.800;38.001;6.066
5G;FDD;20;MIMO;1;rever;1;224;188;822;15;15;0;14012;18.849;91.921;1.024.001;249.163
5G;FDD;20;MIMO;1;rever;1;224;188;738;15;15;0;14017;23.008;230.336;1.042.175;343.033
5G;FDD;20;MIMO;1;rever;1;225;189;1294;15;15;0;14010;19.142;34.860;188.013;41.169
5G;FDD;20;MIMO;1;rever;1;226;190;936;15;15;0;14011;18.575;27.121;37.971;6.431
5G;FDD;20;MIMO;1;rever;1;224;188;768;15;15;0;14015;19.045;29.235;37.901;5.930
5G;FDD;20;MIMO;1;rever;1;225;189;552;15;15;0;14014;18.890;107.584;1.026.626;249.201
5G;FDD;20;MIMO;1;rever;1;227;190;1267;15;15;0;14010;19.604;24.811;37.871;4.202
5G;FDD;20;MIMO;1;rever;1;225;188;571;15;15;0;14066;22.039;166.763;1.068.452;350.090
5G;FDD;20;MIMO;1;rever;1;224;188;765;15;15;0;14010;19.012;23.545;37.991;4.668
5G;FDD;20;MIMO;1;rever;1;224;188;612;15;15;0;14012;18.982;27.674;38.071;7.042
5G;FDD;20;MIMO;1;rever;1;226;190;562;15;15;0;14020;23.885;97.196;1.042.666;252.710
5G;FDD;20;MIMO;1;rever;1;224;188;995;15;15;0;14035;22.030;97.435;1.061.858;257.794
5G;FDD;20;MIMO;1;rever;1;225;189;1322;15;15;0;14014;18.897;26.951;38.028;6.249
5G;FDD;20;MIMO;1;rever;1;227;191;775;15;15;0;14029;18.839;93.369;1.043.089;253.859
5G;FDD;20;MIMO;1;rever;1;223;187;1352;15;15;0;14017;18.694;28.463;36.901;6.000
5G;FDD;20;MIMO;1;rever;1;225;188;863;15;15;0;14013;18.855;26.877;36.998;6.092
5G;FDD;20;MIMO;1;rever;1;226;190;915;15;15;0;14010;19.825;25.640;37.980;5.325
5G;FDD;20;MIMO;1;rever;1;223;187;669;15;15;0;14016;19.095;27.836;37.853;6.032
5G;FDD;20;MIMO;1;rever;1;224;188;1171;15;15;0;14008;19.967;24.348;28.228;2.220
5G;FDD;20;MIMO;1;rever;2;226;190;1506;15;15;0;14015;19.958;28.505;37.875;5.655
5G;FDD;20;MIMO;1;rever;2;226;189;797;15;15;0;14010;18.900;24.846;37.968;4.586
5G;FDD;20;MIMO;1;rever;2;226;190;1713;15;15;0;14012;18.790;133.577;1.020.996;284.889
5G;FDD;20;MIMO;1;rever;2;224;188;775;15;15;0;14008;19.835;80.218;881.318;214.113
5G;FDD;20;MIMO;1;rever;2;223;187;871;15;15;0;14042;24.793;96.604;1.063.095;258.313
5G;FDD;20;MIMO;1;rever;2;225;189;791;15;14;6;14015;19.025;28.207;38.041;6.559
5G;FDD;20;MIMO;1;rever;2;227;190;1113;15;15;0;14010;19.204;24.610;38.085;4.198
5G;FDD;20;MIMO;1;rever;2;225;189;835;15;15;0;14015;18.907;27.772;37.419;5.748
5G;FDD;20;MIMO;1;rever;2;226;189;881;15;15;0;14014;18.959;26.637;37.847;6.074
5G;FDD;20;MIMO;1;rever;2;225;189;906;15;15;0;14014;16.615;25.966;36.984;6.500
5G;FDD;20;MIMO;1;rever;2;226;190;1022;15;15;0;14011;18.613;26.093;37.030;5.081
5G;FDD;20;MIMO;1;rever;2;224;188;925;15;15;0;14022;24.967;96.446;1.047.784;254.266
5G;FDD;20;MIMO;1;rever;2;225;188;962;15;15;0;14009;18.992;23.768;28.025;2.699
5G;FDD;20;MIMO;1;rever;2;225;189;1034;15;15;0;14012;18.871;93.477;1.020.819;247.923
5G;FDD;20;MIMO;1;rever;2;226;190;913;15;15;0;14040;21.605;95.788;1.060.489;257.846
5G;FDD;20;MIMO;1;rever;2;224;188;966;15;15;0;14009;19.021;23.466;28.262;2.503
5G;FDD;20;MIMO;1;rever;2;225;189;666;15;15;0;14046;21.893;99.676;1.068.173;258.884
5G;FDD;20;MIMO;1;rever;2;224;188;927;15;14;6;14042;18.744;106.386;1.068.228;266.814
5G;FDD;20;MIMO;1;rever;2;225;189;744;15;15;0;14017;19.947;28.823;38.005;5.560
5G;FDD;20;MIMO;1;rever;2;227;190;1536;15;15;0;14011;18.971;27.506;38.186;7.393
5G;FDD;20;MIMO;1;rever;3;227;190;1816;15;15;0;14011;18.569;24.458;38.003;5.604
5G;FDD;20;MIMO;1;rever;3;224;188;1391;15;15;0;14015;19.038;29.262;37.960;6.294
5G;FDD;20;MIMO;1;rever;3;227;190;1131;15;15;0;14015;18.975;29.382;37.858;6.180
5G;FDD;20;MIMO;1;rever;3;225;188;1345;15;15;0;14015;19.552;27.422;37.977;6.322
5G;FDD;20;MIMO;1;rever;3;224;188;1377;15;15;0;14012;19.003;26.123;37.927;5.751
5G;FDD;20;MIMO;1;rever;3;224;188;1449;15;15;0;14008;19.918;23.508;27.835;2.560
5G;FDD;20;MIMO;1;rever;3;221;186;1954;15;15;0;14012;19.634;24.217;36.040;4.127
5G;FDD;20;MIMO;1;rever;3;224;188;1874;15;15;0;14010;18.580;93.545;1.022.936;248.478
5G;FDD;20;MIMO;1;rever;3;225;189;1404;15;15;0;14017;18.560;28.516;36.992;6.040
5G;FDD;20;MIMO;1;rever;3;223;187;2143;15;15;0;14016;19.644;28.375;37.977;5.944
5G;FDD;20;MIMO;1;rever;3;225;188;1995;15;15;0;14015;19.494;28.721;38.106;6.210
5G;FDD;20;MIMO;1;rever;3;224;188;1661;15;15;0;14013;19.022;27.777;38.258;6.375
5G;FDD;20;MIMO;1;rever;3;224;188;2174;15;15;0;14002;24.875;25.935;27.906;0.923
5G;FDD;20;MIMO;1;rever;3;223;187;1738;15;15;0;14015;19.931;30.191;37.984;5.114
5G;FDD;20;MIMO;1;rever;3;220;184;2088;15;15;0;14015;19.429;28.657;37.916;5.910
5G;FDD;20;MIMO;1;rever;3;226;190;1718;15;15;0;14016;19.102;28.690;37.826;6.179
5G;FDD;20;MIMO;1;rever;3;223;187;2043;15;15;0;14021;19.014;93.471;1.032.910;251.170
5G;FDD;20;MIMO;1;rever;3;223;187;1077;15;15;0;14015;18.389;27.756;37.608;6.186
5G;FDD;20;MIMO;1;rever;3;225;189;1645;15;15;0;14011;18.958;24.889;38.002;5.619
5G;FDD;20;MIMO;1;rever;3;226;189;1495;15;15;0;14009;18.996;91.626;1.039.079;253.251
5G;FDD;20;SISO;1;anecoica;1;115;96.9;798;15;15;0;14013;13.368;30.787;37.943;6.725
5G;FDD;20;SISO;1;anecoica;1;115;96.9;1216;15;15;0;14013;18.895;26.831;37.345;5.435
5G;FDD;20;SISO;1;anecoica;1;116;97.0;881;15;15;0;14016;14.032;25.602;43.161;8.165
5G;FDD;20;SISO;1;anecoica;1;115;96.9;1435;15;15;0;14014;18.991;28.225;38.039;6.204
5G;FDD;20;SISO;1;anecoica;1;115;96.8;1062;15;15;0;14014;19.049;29.470;38.022;6.527
5G;FDD;20;SISO;1;anecoica;1;115;96.7;1791;15;15;0;14017;19.006;28.099;37.642;5.972
5G;FDD;20;SISO;1;anecoica;1;115;96.8;1050;15;15;0;14017;19.490;28.046;37.961;5.568
5G;FDD;20;SISO;1;anecoica;1;116;97.3;918;15;15;0;14016;19.534;29.147;38.048;6.133
5G;FDD;20;SISO;1;anecoica;1;116;97.1;904;15;15;0;14010;19.235;24.660;37.863;4.253
5G;FDD;20;SISO;1;anecoica;1;115;96.7;1418;15;15;0;14015;19.721;30.013;38.016;6.168
5G;FDD;20;SISO;1;anecoica;1;116;97.2;1029;15;15;0;14014;19.969;28.819;37.979;6.010
5G;FDD;20;SISO;1;anecoica;1;116;97.0;1023;15;15;0;14018;19.560;28.715;37.964;5.828
5G;FDD;20;SISO;1;anecoica;1;115;96.7;876;15;15;0;14013;18.791;24.982;37.243;5.510
5G;FDD;20;SISO;1;anecoica;1;116;96.9;1219;15;15;0;14011;18.924;24.915;36.949;5.331
5G;FDD;20;SISO;1;anecoica;1;115;96.5;1219;15;15;0;14021;21.600;93.483;1.040.716;253.168
5G;FDD;20;SISO;1;anecoica;1;115;96.7;684;15;15;0;14014;19.065;28.574;38.155;6.713
5G;FDD;20;SISO;1;anecoica;1;115;96.6;1338;15;15;0;14010;19.004;26.072;38.092;6.251
5G;FDD;20;SISO;1;anecoica;1;116;97.0;817;15;15;0;14009;19.028;23.630;28.467;2.935
5G;FDD;20;SISO;1;anecoica;1;116;97.1;1089;15;15;0;14011;18.788;23.654;36.994;4.630
5G;FDD;20;SISO;1;anecoica;1;116;97.3;1027;15;15;0;14015;18.497;27.361;37.023;6.134
5G;FDD;20;SISO;1;anecoica;2;116;96.9;934;15;15;0;14017;18.996;28.337;38.027;5.822
5G;FDD;20;SISO;1;anecoica;2;116;97.0;703;15;15;0;14014;19.372;27.971;38.004;6.425
5G;FDD;20;SISO;1;anecoica;2;115;96.8;1490;15;15;0;14016;19.923;28.419;38.070;5.273
5G;FDD;20;SISO;1;anecoica;2;116;97.4;1157;15;15;0;14014;19.095;27.898;37.948;5.882
5G;FDD;20;SISO;1;anecoica;2;116;97.0;820;15;15;0;14011;19.060;25.955;38.005;6.081
5G;FDD;20;SISO;1;anecoica;2;116;97.1;882;15;15;0;14009;18.974;23.331;28.119;2.654
5G;FDD;20;SISO;1;anecoica;2;116;96.9;879;15;15;0;14015;19.564;28.949;37.993;6.527
5G;FDD;20;SISO;1;anecoica;2;116;97.3;902;15;15;0;14013;18.989;26.215;37.691;5.695
5G;FDD;20;SISO;1;anecoica;2;116;96.9;541;15;15;0;14017;19.027;29.063;38.309;6.197
5G;FDD;20;SISO;1;anecoica;2;116;97.2;2103;15;15;0;14014;18.798;26.755;37.655;6.139
5G;FDD;20;SISO;1;anecoica;2;115;96.6;896;15;15;0;14014;18.804;29.459;37.923;6.731
5G;FDD;20;SISO;1;anecoica;2;115;96.7;957;15;15;0;14011;19.055;26.436;37.980;6.172
5G;FDD;20;SISO;1;anecoica;2;116;97.0;1586;15;15;0;14015;18.701;26.384;36.909;5.894
5G;FDD;20;SISO;1;anecoica;2;115;96.5;740;15;15;0;14013;18.946;25.700;37.454;5.932
5G;FDD;20;SISO;1;anecoica;2;116;96.9;1077;15;15;0;14015;19.114;28.548;37.977;6.284
5G;FDD;20;SISO;1;anecoica;2;115;96.5;899;15;15;0;14016;18.384;27.565;36.902;6.219
5G;FDD;20;SISO;1;anecoica;2;116;97.0;968;15;15;0;14017;19.854;29.820;37.994;6.134
5G;FDD;20;SISO;1;anecoica;2;116;97.0;1172;15;15;0;14011;18.919;25.472;37.973;5.637
5G;FDD;20;SISO;1;anecoica;2;115;96.4;717;15;15;0;14009;19.288;24.807;28.542;2.790
5G;FDD;20;SISO;1;anecoica;2;115;96.8;808;15;15;0;14009;19.014;22.700;27.928;2.266
5G;FDD;20;SISO;1;anecoica;3;115;96.8;1015;15;15;0;14011;19.952;26.930;38.266;6.011
5G;FDD;20;SISO;1;anecoica;3;116;97.0;1177;15;15;0;14015;18.874;93.464;1.036.009;251.993
5G;FDD;20;SISO;1;anecoica;3;116;97.0;1245;15;15;0;14015;19.934;27.667;38.064;6.021
5G;FDD;20;SISO;1;anecoica;3;116;97.0;1203;15;15;0;14016;18.914;28.099;37.086;5.864
5G;FDD;20;SISO;1;anecoica;3;115;96.8;750;15;15;0;14010;19.904;24.856;38.054;4.157
5G;FDD;20;SISO;1;anecoica;3;116;97.1;992;15;15;0;14011;18.931;25.885;37.946;6.128
5G;FDD;20;SISO;1;anecoica;3;116;96.9;665;15;15;0;14010;19.056;24.471;38.324;4.793
5G;FDD;20;SISO;1;anecoica;3;116;97.0;1008;15;15;0;14012;18.959;26.734;38.111;7.026
5G;FDD;20;SISO;1;anecoica;3;115;96.8;822;15;15;0;14017;19.885;28.260;37.899;5.991
5G;FDD;20;SISO;1;anecoica;3;115;96.8;1122;15;15;0;14013;19.512;27.090;37.982;6.179
5G;FDD;20;SISO;1;anecoica;3;115;96.7;1388;15;15;0;14011;18.545;24.485;37.014;4.465
5G;FDD;20;SISO;1;anecoica;3;115;96.8;1252;15;15;0;14013;18.987;26.087;37.484;5.602
5G;FDD;20;SISO;1;anecoica;3;115;96.9;1027;15;15;0;14012;19.081;26.428;37.972;5.029
5G;FDD;20;SISO;1;anecoica;3;115;96.9;933;15;15;0;14015;19.025;27.264;37.115;5.986
5G;FDD;20;SISO;1;anecoica;3;115;96.8;951;15;15;0;14014;18.873;26.683;37.437;5.984
5G;FDD;20;SISO;1;anecoica;3;115;96.6;1042;15;15;0;14011;19.766;27.144;38.002;5.557
5G;FDD;20;SISO;1;anecoica;3;115;96.8;846;15;15;0;14011;18.615;25.846;37.057;4.975
5G;FDD;20;SISO;1;anecoica;3;116;97.1;1261;15;15;0;14008;19.941;24.245;28.300;2.252
5G;FDD;20;SISO;1;anecoica;3;116;97.0;1261;15;15;0;14010;19.906;25.948;37.997;5.378
5G;FDD;20;SISO;1;anecoica;3;116;96.9;1326;15;15;0;14012;19.012;27.052;37.983;6.670
5G;FDD;20;SISO;1;rever;1;116;97.0;1089;15;15;0;14011;18.825;26.252;38.030;6.305
5G;FDD;20;SISO;1;rever;1;116;97.0;1125;15;15;0;14011;18.972;27.143;38.185;6.007
5G;FDD;20;SISO;1;rever;1;116;97.0;2545;15;15;0;14015;18.561;26.929;36.967;6.400
5G;FDD;20;SISO;1;rever;1;115;96.9;1051;15;15;0;14015;18.833;29.097;36.948;5.681
5G;FDD;20;SISO;1;rever;1;115;96.7;979;15;15;0;14015;19.747;28.760;37.842;6.316
5G;FDD;20;SISO;1;rever;1;116;97.1;865;15;15;0;14017;19.021;28.709;37.961;5.754
5G;FDD;20;SISO;1;rever;1;113;95.0;978;15;15;0;14012;18.566;25.955;37.025;5.039
5G;FDD;20;SISO;1;rever;1;115;96.7;961;15;15;0;14011;19.950;26.257;37.982;5.373
5G;FDD;20;SISO;1;rever;1;115;96.7;854;15;15;0;14014;19.957;27.747;38.102;6.296
5G;FDD;20;SISO;1;rever;1;115;96.7;1053;15;15;0;14013;19.057;27.565;37.981;5.934
5G;FDD;20;SISO;1;rever;1;115;96.9;882;15;15;0;14010;18.996;25.167;37.865;4.407
5G;FDD;20;SISO;1;rever;1;116;97.0;713;15;15;0;14011;18.458;24.596;37.954;5.684
5G;FDD;20;SISO;1;rever;1;116;97.1;1353;15;15;0;14014;19.145;28.647;37.986;6.413
5G;FDD;20;SISO;1;rever;1;116;97.0;1058;15;15;0;14016;19.012;29.421;38.016;6.204
5G;FDD;20;SISO;1;rever;1;116;96.9;1457;15;15;0;14000;27.956;28.243;28.895;0.311
5G;FDD;20;SISO;1;rever;1;116;97.0;1104;15;15;0;14007;20.018;23.793;28.205;2.483
5G;FDD;20;SISO;1;rever;1;116;97.1;822;15;15;0;14036;21.987;97.452;1.061.041;257.570
5G;FDD;20;SISO;1;rever;1;116;97.0;1296;15;15;0;14014;19.911;27.843;38.005;6.372
5G;FDD;20;SISO;1;rever;1;116;97.1;984;15;15;0;14017;19.069;28.079;37.467;5.650
5G;FDD;20;SISO;1;rever;1;116;96.9;1596;15;15;0;14017;19.350;28.293;37.951;5.631
5G;FDD;20;SISO;1;rever;2;116;97.0;831;15;15;0;14012;18.970;26.440;38.012;5.940
5G;FDD;20;SISO;1;rever;2;116;97.0;1004;15;15;0;14012;19.925;27.188;37.997;5.379
5G;FDD;20;SISO;1;rever;2;116;97.2;1015;15;15;0;14013;18.726;26.410;37.098;5.564
5G;FDD;20;SISO;1;rever;2;116;97.3;1090;15;15;0;14012;19.415;26.131;37.397;4.809
5G;FDD;20;SISO;1;rever;2;116;97.0;980;15;15;0;14010;19.929;26.823;38.134;6.135
5G;FDD;20;SISO;1;rever;2;116;96.9;640;15;15;0;14012;18.969;26.536;37.958;5.882
5G;FDD;20;SISO;1;rever;2;116;96.9;808;15;15;0;14013;18.370;26.908;37.891;6.623
5G;FDD;20;SISO;1;rever;2;115;96.9;1095;15;15;0;14006;20.991;24.606;28.483;2.130
5G;FDD;20;SISO;1;rever;2;115;96.8;975;15;15;0;14008;19.715;24.588;28.957;2.773
5G;FDD;20;SISO;1;rever;2;116;97.1;862;15;15;0;14011;18.897;25.636;38.028;5.450
5G;FDD;20;SISO;1;rever;2;115;96.8;1179;15;15;0;14012;19.594;27.068;37.981;5.423
5G;FDD;20;SISO;1;rever;2;115;96.6;1458;15;15;0;14013;19.059;26.631;38.115;5.668
5G;FDD;20;SISO;1;rever;2;116;97.0;924;15;15;0;14014;18.947;27.748;37.849;5.808
5G;FDD;20;SISO;1;rever;2;116;96.9;747;15;15;0;14014;18.967;27.464;37.734;6.266
5G;FDD;20;SISO;1;rever;2;116;96.9;861;15;15;0;14015;18.889;27.791;37.936;6.033
5G;FDD;20;SISO;1;rever;2;116;97.1;1378;15;15;0;14013;18.531;25.851;36.995;5.842
5G;FDD;20;SISO;1;rever;2;116;97.0;1268;15;15;0;14014;19.043;28.426;38.074;6.506
5G;FDD;20;SISO;1;rever;2;116;96.9;1034;15;15;0;14014;19.005;28.718;38.048;6.343
5G;FDD;20;SISO;1;rever;2;115;96.6;862;15;15;0;14019;18.392;97.111;1.028.948;249.123
5G;FDD;20;SISO;1;rever;2;116;97.0;885;15;15;0;14010;19.015;24.702;38.041;4.664
5G;FDD;20;SISO;1;rever;3;116;97.5;1823;15;15;0;14015;16.052;27.250;36.998;6.966
5G;FDD;20;SISO;1;rever;3;116;97.0;1240;15;15;0;14015;18.929;27.755;37.916;5.868
5G;FDD;20;SISO;1;rever;3;113;94.5;1260;15;15;0;14009;19.014;23.597;28.077;2.506
5G;FDD;20;SISO;1;rever;3;115;96.6;1298;15;15;0;14010;18.413;24.072;37.899;4.722
5G;FDD;20;SISO;1;rever;3;116;97.0;1444;15;15;0;14013;19.406;29.147;38.016;6.646
5G;FDD;20;SISO;1;rever;3;115;96.6;1418;15;15;0;14017;19.097;28.957;40.803;6.568
5G;FDD;20;SISO;1;rever;3;115;96.8;1244;15;15;0;14015;19.162;28.064;37.940;6.052
5G;FDD;20;SISO;1;rever;3;116;97.1;1164;15;15;0;14002;18.437;33.884;38.236;7.281
5G;FDD;20;SISO;1;rever;3;116;97.2;1218;15;15;0;14012;19.935;27.055;37.980;5.802
5G;FDD;20;SISO;1;rever;3;116;97.0;2084;15;15;0;14013;18.560;28.193;43.967;6.884
5G;FDD;20;SISO;1;rever;3;114;95.9;1580;15;15;0;14009;21.666;30.462;36.282;4.203
5G;FDD;20;SISO;1;rever;3;116;97.3;1387;15;15;0;14009;18.679;29.542;37.983;7.152
5G;FDD;20;SISO;1;rever;3;115;96.7;1566;15;15;0;14006;21.629;25.524;28.425;2.308
5G;FDD;20;SISO;1;rever;3;116;97.0;1530;15;15;0;14017;18.704;158.813;1.038.644;341.658
5G;FDD;20;SISO;1;rever;3;116;97.0;1877;15;15;0;14012;19.110;29.984;45.244;7.186
5G;FDD;20;SISO;1;rever;3;116;97.1;1320;15;15;0;14017;18.559;28.119;37.024;5.934
5G;FDD;20;SISO;1;rever;3;116;97.0;1406;15;15;0;14018;18.773;28.660;37.662;5.792
5G;FDD;20;SISO;1;rever;3;115;96.8;1005;15;15;0;14014;19.843;28.514;38.034;6.235
5G;FDD;20;SISO;1;rever;3;115;96.8;1814;15;15;0;14014;19.014;27.479;37.875;5.686
5G;FDD;20;SISO;1;rever;3;116;96.9;1007;15;15;0;14010;19.957;27.531;38.070;5.894
5G;FDD;5;MIMO;1;anecoica;1;51.2;43.0;874;15;15;0;14015;18.941;28.314;38.163;6.519
5G;FDD;5;MIMO;1;anecoica;1;51.0;42.8;614;15;15;0;14008;20.028;24.129;28.350;2.716
5G;FDD;5;MIMO;1;anecoica;1;51.0;42.8;444;15;15;0;14011;18.627;80.335;840.936;203.368
5G;FDD;5;MIMO;1;anecoica;1;50.5;42.3;1182;15;15;0;14005;22.903;69.064;667.995;160.081
5G;FDD;5;MIMO;1;anecoica;1;51.0;42.8;830;15;15;0;14010;19.064;25.992;37.970;5.267
5G;FDD;5;MIMO;1;anecoica;1;50.7;42.6;709;15;15;0;13999;26.974;28.000;29.022;0.631
5G;FDD;5;MIMO;1;anecoica;1;50.9;42.7;781;15;15;0;14016;19.000;29.127;38.147;6.288
5G;FDD;5;MIMO;1;anecoica;1;50.8;42.6;199;15;15;0;14015;19.048;28.199;38.011;6.388
5G;FDD;5;MIMO;1;anecoica;1;51.0;42.8;916;15;15;0;14010;18.993;24.271;38.020;4.702
5G;FDD;5;MIMO;1;anecoica;1;50.8;42.6;911;15;15;0;14014;19.038;28.863;38.174;6.437
5G;FDD;5;MIMO;1;anecoica;1;51.3;43.0;762;15;15;0;14016;18.789;27.513;36.995;5.701
5G;FDD;5;MIMO;1;anecoica;1;50.9;42.7;650;15;15;0;14016;19.883;29.011;38.226;6.026
5G;FDD;5;MIMO;1;anecoica;1;50.9;42.7;746;15;15;0;14011;18.915;24.766;37.017;4.048
5G;FDD;5;MIMO;1;anecoica;1;50.6;42.5;489;15;15;0;14008;19.891;24.434;28.282;2.726
5G;FDD;5;MIMO;1;anecoica;1;50.5;42.4;979;15;15;0;14013;16.006;25.020;37.002;5.440
5G;FDD;5;MIMO;1;anecoica;1;50.6;42.4;739;15;15;0;14012;19.031;27.411;38.058;6.391
5G;FDD;5;MIMO;1;anecoica;1;50.5;42.3;495;15;15;0;14010;19.084;25.361;37.963;5.610
5G;FDD;5;MIMO;1;anecoica;1;51.1;42.9;642;15;15;0;14012;18.990;26.718;38.016;6.713
5G;FDD;5;MIMO;1;anecoica;1;50.7;42.5;807;15;15;0;14011;18.425;24.818;37.014;4.388
5G;FDD;5;MIMO;1;anecoica;1;50.7;42.6;750;15;15;0;14013;19.210;27.356;38.103;6.201
5G;FDD;5;MIMO;1;anecoica;2;51.1;42.9;1316;15;15;0;14012;18.882;25.621;36.944;5.991
5G;FDD;5;MIMO;1;anecoica;2;50.1;42.0;578;15;15;0;14012;19.070;27.624;37.975;6.062
5G;FDD;5;MIMO;1;anecoica;2;51.0;42.8;687;15;15;0;14004;24.026;26.080;27.895;1.258
5G;FDD;5;MIMO;1;anecoica;2;50.1;42.0;1231;15;15;0;14008;19.968;25.238;28.569;2.821
5G;FDD;5;MIMO;1;anecoica;2;50.4;42.3;1132;15;15;0;14025;22.995;95.416;1.047.212;254.389
5G;FDD;5;MIMO;1;anecoica;2;51.6;43.3;598;15;15;0;14010;19.023;25.155;38.015;4.529
5G;FDD;5;MIMO;1;anecoica;2;50.9;42.7;1071;15;15;0;13999;27.004;71.896;688.043;164.673
5G;FDD;5;MIMO;1;anecoica;2;50.7;42.5;1377;15;15;0;14010;19.055;25.518;38.203;5.686
5G;FDD;5;MIMO;1;anecoica;2;50.4;42.3;975;15;15;0;14010;19.772;25.204;38.009;4.380
5G;FDD;5;MIMO;1;anecoica;2;50.9;42.7;676;15;15;0;14011;18.464;24.962;37.035;5.663
5G;FDD;5;MIMO;1;anecoica;2;51.2;43.0;451;15;15;0;14012;16.051;24.588;37.943;5.834
5G;FDD;5;MIMO;1;anecoica;2;50.8;42.6;994;15;15;0;14015;19.455;27.715;37.995;6.026
5G;FDD;5;MIMO;1;anecoica;2;50.5;42.4;930;15;15;0;14001;26.978;27.871;28.959;0.594
5G;FDD;5;MIMO;1;anecoica;2;50.1;42.0;975;15;15;0;14006;21.944;25.825;28.480;1.895
5G;FDD;5;MIMO;1;anecoica;2;50.6;42.4;693;15;15;0;14016;18.909;95.197;1.020.072;247.264
5G;FDD;5;MIMO;1;anecoica;2;50.8;42.6;647;15;15;0;14013;19.922;28.621;38.079;6.242
5G;FDD;5;MIMO;1;anecoica;2;51.3;43.0;802;15;15;0;14014;19.069;27.217;38.041;6.639
5G;FDD;5;MIMO;1;anecoica;2;50.7;42.6;620;15;15;0;14013;18.952;27.247;37.462;6.912
5G;FDD;5;MIMO;1;anecoica;2;50.9;42.7;619;15;15;0;14014;18.870;26.957;37.015;5.915
5G;FDD;5;MIMO;1;anecoica;2;51.5;43.2;1013;15;15;0;14016;19.045;28.214;37.998;6.108
5G;FDD;5;MIMO;1;anecoica;3;51.2;43.0;1158;15;15;0;14016;14.889;29.184;73.103;13.379
5G;FDD;5;MIMO;1;anecoica;3;51.1;42.8;1016;15;15;0;14016;14.186;33.131;104.557;20.316
5G;FDD;5;MIMO;1;anecoica;3;50.9;42.7;590;15;15;0;14013;18.575;27.380;37.961;6.973
5G;FDD;5;MIMO;1;anecoica;3;51.0;42.7;807;15;15;0;14016;13.480;26.580;37.165;6.940
5G;FDD;5;MIMO;1;anecoica;3;51.3;43.0;1237;15;15;0;14016;18.992;28.662;37.526;6.152
5G;FDD;5;MIMO;1;anecoica;3;51.2;42.9;306;15;15;0;14011;18.975;26.980;38.088;6.563
5G;FDD;5;MIMO;1;anecoica;3;51.4;43.1;1067;15;15;0;14010;19.022;24.526;38.050;4.445
5G;FDD;5;MIMO;1;anecoica;3;50.8;42.6;457;15;15;0;14009;19.057;23.546;28.506;2.991
5G;FDD;5;MIMO;1;anecoica;3;51.5;43.2;470;15;15;0;14010;18.972;26.540;37.955;5.149
5G;FDD;5;MIMO;1;anecoica;3;50.5;42.4;896;15;15;0;14013;18.364;25.424;36.974;6.033
5G;FDD;5;MIMO;1;anecoica;3;51.3;43.0;1259;15;15;0;14016;19.008;28.469;37.897;5.860
5G;FDD;5;MIMO;1;anecoica;3;50.4;42.3;864;15;15;0;14002;25.951;93.966;1.027.996;249.631
5G;FDD;5;MIMO;1;anecoica;3;51.3;43.1;981;15;15;0;14011;19.937;26.305;38.046;5.865
5G;FDD;5;MIMO;1;anecoica;3;50.9;42.7;446;15;15;0;14014;14.607;25.271;37.032;6.506
5G;FDD;5;MIMO;1;anecoica;3;50.3;42.2;713;15;15;0;14014;14.988;27.866;37.915;7.504
5G;FDD;5;MIMO;1;anecoica;3;51.2;43.0;1660;15;15;0;14016;19.754;28.066;37.992;6.260
5G;FDD;5;MIMO;1;anecoica;3;51.1;42.9;958;15;15;0;14018;19.142;28.562;38.055;5.916
5G;FDD;5;MIMO;1;anecoica;3;51.0;42.8;415;15;15;0;14007;20.964;24.751;28.418;2.527
5G;FDD;5;MIMO;1;anecoica;3;50.5;42.4;617;15;15;0;14013;14.448;25.731;36.992;6.740
5G;FDD;5;MIMO;1;anecoica;3;51.2;42.9;392;15;15;0;14014;18.895;27.306;37.909;6.344
5G;FDD;5;MIMO;1;rever;1;51.5;43.2;749;15;15;0;14008;18.987;28.073;35.288;5.854
5G;FDD;5;MIMO;1;rever;1;50.9;42.7;863;15;15;0;14010;18.013;24.197;28.467;3.154
5G;FDD;5;MIMO;1;rever;1;51.2;42.9;1112;15;15;0;14035;13.986;96.324;1.042.874;253.075
5G;FDD;5;MIMO;1;rever;1;50.5;42.4;952;15;15;0;14010;19.001;25.387;37.977;4.284
5G;FDD;5;MIMO;1;rever;1;50.8;42.6;523;15;15;0;14008;19.977;24.446;28.295;2.479
5G;FDD;5;MIMO;1;rever;1;50.8;42.6;582;15;14;6;14011;18.537;25.837;38.085;6.874
5G;FDD;5;MIMO;1;rever;1;51.1;42.8;866;15;15;0;14010;18.346;25.334;38.056;5.605
5G;FDD;5;MIMO;1;rever;1;50.7;42.5;302;15;15;0;14015;18.301;27.202;36.997;6.277
5G;FDD;5;MIMO;1;rever;1;50.6;42.4;356;15;15;0;14009;19.293;25.241;28.552;2.691
5G;FDD;5;MIMO;1;rever;1;51.1;42.9;567;15;15;0;14011;18.957;26.680;37.999;6.945
5G;FDD;5;MIMO;1;rever;1;50.5;42.4;504;15;15;0;14009;18.983;32.619;163.797;35.170
5G;FDD;5;MIMO;1;rever;1;50.7;42.5;952;15;15;0;14011;18.544;26.070;37.396;5.508
5G;FDD;5;MIMO;1;rever;1;51.4;43.1;700;15;15;0;14013;14.980;25.340;38.002;6.657
5G;FDD;5;MIMO;1;rever;1;50.7;42.5;601;15;15;0;14008;20.146;24.519;28.765;2.839
5G;FDD;5;MIMO;1;rever;1;50.8;42.6;553;15;15;0;14012;19.335;26.877;38.078;6.652
5G;FDD;5;MIMO;1;rever;1;51.3;43.1;798;15;15;0;14010;18.986;25.786;38.023;5.246
5G;FDD;5;MIMO;1;rever;1;50.6;42.5;597;15;15;0;14010;18.959;24.773;37.588;5.422
5G;FDD;5;MIMO;1;rever;1;51.3;43.0;592;15;15;0;14013;18.843;29.273;38.021;6.840
5G;FDD;5;MIMO;1;rever;1;50.5;42.4;982;15;15;0;14016;15.930;26.556;37.404;6.646
5G;FDD;5;MIMO;1;rever;1;50.7;42.5;407;15;15;0;14012;18.858;26.231;37.955;5.613
5G;FDD;5;MIMO;1;rever;2;51.4;43.1;1035;15;15;0;14007;20.652;29.249;35.604;5.253
5G;FDD;5;MIMO;1;rever;2;51.1;42.9;707;15;15;0;14011;18.968;25.102;38.319;5.614
5G;FDD;5;MIMO;1;rever;2;50.5;42.3;453;15;15;0;14012;18.033;24.924;36.951;5.422
5G;FDD;5;MIMO;1;rever;2;50.8;42.6;923;15;15;0;14010;22.102;28.230;32.433;2.915
5G;FDD;5;MIMO;1;rever;2;51.3;43.0;995;15;15;0;14014;18.909;26.965;37.818;5.920
5G;FDD;5;MIMO;1;rever;2;51.2;43.0;1156;15;15;0;14017;18.984;28.335;37.961;6.183
5G;FDD;5;MIMO;1;rever;2;50.8;42.6;359;15;15;0;14016;18.983;28.236;38.003;6.165
5G;FDD;5;MIMO;1;rever;2;50.3;42.2;465;15;15;0;14010;18.332;24.088;37.992;4.785
5G;FDD;5;MIMO;1;rever;2;50.9;42.7;537;15;15;0;14015;17.985;27.040;36.629;5.989
5G;FDD;5;MIMO;1;rever;2;50.7;42.5;495;15;15;0;14016;13.459;27.409;37.016;7.191
5G;FDD;5;MIMO;1;rever;2;50.8;42.6;694;15;15;0;14014;18.891;27.982;37.977;6.369
5G;FDD;5;MIMO;1;rever;2;50.9;42.7;1032;15;15;0;14012;19.854;26.820;38.076;5.652
5G;FDD;5;MIMO;1;rever;2;50.5;42.4;1236;15;15;0;14008;19.991;23.952;27.982;2.802
5G;FDD;5;MIMO;1;rever;2;50.6;42.4;973;15;15;0;14010;19.744;25.315;38.018;4.577
5G;FDD;5;MIMO;1;rever;2;50.6;42.4;411;15;15;0;14017;18.961;27.808;36.994;6.306
5G;FDD;5;MIMO;1;rever;2;51.2;42.9;674;15;15;0;14013;18.958;26.288;37.695;5.587
5G;FDD;5;MIMO;1;rever;2;50.7;42.5;587;15;15;0;14014;18.977;27.703;38.029;6.830
5G;FDD;5;MIMO;1;rever;2;50.8;42.6;1004;15;15;0;14014;14.142;24.691;37.639;6.930
5G;FDD;5;MIMO;1;rever;2;51.4;43.1;751;15;15;0;14015;18.989;28.591;38.226;6.092
5G;FDD;5;MIMO;1;rever;2;51.0;42.8;967;15;15;0;14009;18.718;23.265;28.068;3.162
5G;FDD;5;MIMO;1;rever;3;51.5;43.2;1401;15;15;0;14014;19.128;28.548;37.951;6.504
5G;FDD;5;MIMO;1;rever;3;50.7;42.5;639;15;15;0;14017;15.014;28.052;38.017;6.761
5G;FDD;5;MIMO;1;rever;3;50.6;42.5;512;15;15;0;14010;19.941;25.392;38.080;4.030
5G;FDD;5;MIMO;1;rever;3;51.1;42.9;1565;15;15;0;14009;18.316;23.561;37.972;4.916
5G;FDD;5;MIMO;1;rever;3;50.8;42.6;489;15;15;0;14013;19.005;25.422;32.294;4.221
5G;FDD;5;MIMO;1;rever;3;50.4;42.2;714;15;15;0;14015;14.850;25.508;36.451;6.855
5G;FDD;5;MIMO;1;rever;3;51.3;43.1;1495;15;15;0;14009;18.940;24.181;38.082;4.602
5G;FDD;5;MIMO;1;rever;3;50.6;42.5;1232;15;15;0;14001;25.971;26.734;27.938;0.645
5G;FDD;5;MIMO;1;rever;3;51.1;42.9;1017;15;15;0;14008;19.970;25.063;28.407;2.571
5G;FDD;5;MIMO;1;rever;3;50.8;42.6;681;15;15;0;14014;18.632;27.700;37.938;6.176
5G;FDD;5;MIMO;1;rever;3;51.0;42.8;758;15;15;0;14013;19.369;27.335;38.019;6.863
5G;FDD;5;MIMO;1;rever;3;50.7;42.5;748;15;15;0;14014;18.904;27.584;37.520;6.056
5G;FDD;5;MIMO;1;rever;3;50.5;42.4;572;15;15;0;14014;15.998;26.431;38.364;6.669
5G;FDD;5;MIMO;1;rever;3;51.3;43.0;868;15;15;0;14011;18.997;26.784;37.944;5.872
5G;FDD;5;MIMO;1;rever;3;50.7;42.5;829;15;15;0;14011;17.344;89.958;1.017.042;247.819
5G;FDD;5;MIMO;1;rever;3;51.0;42.8;962;15;15;0;14018;18.514;28.197;37.031;5.882
5G;FDD;5;MIMO;1;rever;3;51.1;42.9;784;15;15;0;14010;18.962;26.492;37.971;6.179
5G;FDD;5;MIMO;1;rever;3;50.6;42.5;747;15;15;0;14014;17.586;25.512;36.629;6.136
5G;FDD;5;MIMO;1;rever;3;50.3;42.2;1265;15;15;0;14013;15.107;27.405;38.248;7.052
5G;FDD;5;MIMO;1;rever;3;51.1;42.9;909;15;15;0;14008;19.991;25.438;28.417;2.736
5G;FDD;5;SISO;1;anecoica;1;29.9;25.1;345;15;15;0;14015;18.574;28.003;37.394;6.392
5G;FDD;5;SISO;1;anecoica;1;29.7;24.9;671;15;15;0;14012;18.720;24.048;37.009;4.671
5G;FDD;5;SISO;1;anecoica;1;29.6;24.8;489;15;15;0;14012;18.971;25.778;37.878;5.147
5G;FDD;5;SISO;1;anecoica;1;30.0;25.1;358;15;15;0;14013;19.036;28.066;38.261;6.658
5G;FDD;5;SISO;1;anecoica;1;29.9;25.1;347;15;15;0;14015;18.832;27.697;37.126;5.886
5G;FDD;5;SISO;1;anecoica;1;29.9;25.1;329;15;15;0;14009;19.975;24.384;28.905;2.833
5G;FDD;5;SISO;1;anecoica;1;29.7;25.0;383;15;15;0;14003;25.000;27.351;29.022;1.384
5G;FDD;5;SISO;1;anecoica;1;29.9;25.0;464;15;15;0;14011;18.776;66.238;642.643;154.153
5G;FDD;5;SISO;1;anecoica;1;29.7;25.0;456;15;15;0;14015;16.076;25.670;37.011;6.439
5G;FDD;5;SISO;1;anecoica;1;29.9;25.1;249;15;15;0;14016;19.058;30.206;38.087;6.255
5G;FDD;5;SISO;1;anecoica;1;30.2;25.3;521;15;15;0;14028;19.893;95.167;1.048.066;254.701
5G;FDD;5;SISO;1;anecoica;1;29.9;25.1;298;15;15;0;14011;19.899;27.080;38.027;5.779
5G;FDD;5;SISO;1;anecoica;1;29.9;25.1;487;15;15;0;14012;18.892;25.279;37.469;6.429
5G;FDD;5;SISO;1;anecoica;1;29.8;25.0;280;15;15;0;14012;15.777;26.618;37.610;6.757
5G;FDD;5;SISO;1;anecoica;1;29.6;24.8;477;15;15;0;14016;19.885;29.486;38.265;6.101
5G;FDD;5;SISO;1;anecoica;1;29.7;24.9;397;15;15;0;14009;18.872;23.716;28.267;2.761
5G;FDD;5;SISO;1;anecoica;1;29.8;25.0;540;15;15;0;14018;19.606;28.866;38.015;5.800
5G;FDD;5;SISO;1;anecoica;1;29.9;25.1;466;15;15;0;14011;19.032;24.899;38.027;4.581
5G;FDD;5;SISO;1;anecoica;1;30.0;25.2;495;15;15;0;14013;18.953;27.388;37.922;6.808
5G;FDD;5;SISO;1;anecoica;1;29.8;25.0;450;15;15;0;14013;18.898;26.422;37.909;5.740
5G;FDD;5;SISO;1;anecoica;2;29.6;24.9;444;15;15;0;14010;19.065;25.303;36.976;4.139
5G;FDD;5;SISO;1;anecoica;2;30.1;25.3;440;15;15;0;14017;19.982;29.240;38.185;5.733
5G;FDD;5;SISO;1;anecoica;2;29.7;25.0;321;15;15;0;14029;18.899;91.992;1.047.885;255.491
5G;FDD;5;SISO;1;anecoica;2;29.9;25.1;640;15;15;0;14017;19.782;28.593;37.986;6.179
5G;FDD;5;SISO;1;anecoica;2;30.0;25.2;426;15;15;0;14013;18.848;29.028;37.930;6.838
5G;FDD;5;SISO;1;anecoica;2;29.9;25.1;556;15;15;0;14012;18.293;26.189;37.006;6.694
5G;FDD;5;SISO;1;anecoica;2;29.7;24.9;517;15;15;0;14015;12.993;27.368;38.009;7.378
5G;FDD;5;SISO;1;anecoica;2;30.0;25.2;491;15;15;0;14009;18.948;25.066;39.051;5.993
5G;FDD;5;SISO;1;anecoica;2;30.1;25.2;597;15;15;0;14016;19.010;28.519;37.998;6.350
5G;FDD;5;SISO;1;anecoica;2;29.6;24.8;370;15;15;0;14010;19.024;26.740;38.095;6.853
5G;FDD;5;SISO;1;anecoica;2;30.1;25.2;622;15;15;0;14013;19.637;26.804;38.212;6.253
5G;FDD;5;SISO;1;anecoica;2;29.7;24.9;358;15;15;0;14015;14.056;25.686;37.901;6.808
5G;FDD;5;SISO;1;anecoica;2;29.8;25.0;591;15;15;0;14015;14.987;26.011;36.998;6.052
5G;FDD;5;SISO;1;anecoica;2;29.9;25.1;530;15;15;0;14009;19.356;25.413;37.980;5.405
5G;FDD;5;SISO;1;anecoica;2;30.1;25.3;596;15;15;0;14013;19.946;27.578;39.077;6.831
5G;FDD;5;SISO;1;anecoica;2;30.0;25.2;464;15;15;0;14013;19.482;28.004;38.041;6.815
5G;FDD;5;SISO;1;anecoica;2;29.9;25.0;481;15;15;0;14013;19.032;27.656;37.602;6.262
5G;FDD;5;SISO;1;anecoica;2;29.8;25.0;663;15;15;0;14011;18.991;24.690;37.957;5.447
5G;FDD;5;SISO;1;anecoica;2;29.5;24.8;653;15;15;0;14019;13.986;27.563;38.060;6.595
5G;FDD;5;SISO;1;anecoica;2;29.7;24.9;440;15;15;0;14010;18.066;23.361;37.017;4.611
5G;FDD;5;SISO;1;anecoica;3;30.1;25.2;438;15;15;0;14010;18.982;83.402;908.378;220.529
5G;FDD;5;SISO;1;anecoica;3;30.2;25.3;658;15;15;0;14011;18.502;26.135;37.378;6.037
5G;FDD;5;SISO;1;anecoica;3;30.1;25.2;497;15;15;0;14013;18.923;28.992;37.977;6.692
5G;FDD;5;SISO;1;anecoica;3;30.0;25.2;369;15;15;0;14018;13.738;26.542;37.825;6.603
5G;FDD;5;SISO;1;anecoica;3;29.8;25.0;767;15;15;0;14009;18.884;23.491;28.424;2.794
5G;FDD;5;SISO;1;anecoica;3;29.6;24.8;525;15;15;0;14011;18.905;25.117;37.594;5.444
5G;FDD;5;SISO;1;anecoica;3;29.5;24.8;491;15;15;0;14015;13.943;26.830;37.937;7.075
5G;FDD;5;SISO;1;anecoica;3;29.7;24.9;413;15;15;0;14014;19.037;27.758;38.037;6.571
5G;FDD;5;SISO;1;anecoica;3;29.7;24.9;482;15;15;0;14017;19.002;28.342;38.018;5.814
5G;FDD;5;SISO;1;anecoica;3;29.9;25.1;398;15;15;0;14010;18.981;25.368;38.142;5.778
5G;FDD;5;SISO;1;anecoica;3;29.5;24.7;599;15;15;0;14009;19.011;29.521;38.001;7.248
5G;FDD;5;SISO;1;anecoica;3;29.7;24.9;483;15;15;0;14016;18.248;27.463;37.091;6.229
5G;FDD;5;SISO;1;anecoica;3;29.7;24.9;638;15;15;0;14015;17.739;26.408;35.946;5.328
5G;FDD;5;SISO;1;anecoica;3;29.5;24.7;365;15;15;0;14009;19.005;24.101;28.556;2.510
5G;FDD;5;SISO;1;anecoica;3;30.1;25.3;650;15;15;0;14011;19.666;26.474;38.002;5.982
5G;FDD;5;SISO;1;anecoica;3;29.8;25.0;480;15;15;0;14015;20.081;27.992;38.108;5.860
5G;FDD;5;SISO;1;anecoica;3;29.8;25.0;451;15;15;0;14011;19.019;26.030;37.980;6.345
5G;FDD;5;SISO;1;anecoica;3;29.6;24.8;391;15;15;0;14014;13.837;24.531;37.905;7.124
5G;FDD;5;SISO;1;anecoica;3;29.9;25.1;532;15;15;0;14010;18.517;23.660;37.896;4.942
5G;FDD;5;SISO;1;anecoica;3;30.2;25.3;711;15;15;0;14017;18.506;28.235;37.473;6.154
5G;FDD;5;SISO;1;rever;1;30.0;25.1;607;15;15;0;14011;19.504;26.885;38.002;5.931
5G;FDD;5;SISO;1;rever;1;29.9;25.1;649;15;15;0;14012;18.663;25.360;36.991;5.271
5G;FDD;5;SISO;1;rever;1;29.4;24.6;477;15;15;0;14021;22.918;98.028;1.048.920;254.161
5G;FDD;5;SISO;1;rever;1;30.1;25.2;428;15;15;0;14016;18.685;27.458;37.072;5.827
5G;FDD;5;SISO;1;rever;1;30.0;25.2;574;15;15;0;14014;18.830;26.613;37.009;5.467
5G;FDD;5;SISO;1;rever;1;29.7;24.9;438;15;15;0;14011;19.756;25.118;37.988;5.408
5G;FDD;5;SISO;1;rever;1;29.9;25.1;572;15;15;0;14014;13.697;27.919;37.991;7.434
5G;FDD;5;SISO;1;rever;1;29.5;24.7;480;15;15;0;14015;15.008;26.839;37.980;7.091
5G;FDD;5;SISO;1;rever;1;30.0;25.2;475;15;15;0;14012;19.651;26.185;37.914;5.040
5G;FDD;5;SISO;1;rever;1;29.8;25.0;514;15;15;0;14013;19.027;28.867;38.095;6.803
5G;FDD;5;SISO;1;rever;1;29.7;24.9;351;15;15;0;14015;19.162;28.122;38.031;5.842
5G;FDD;5;SISO;1;rever;1;29.5;24.7;312;15;15;0;14014;14.910;26.303;37.855;6.523
5G;FDD;5;SISO;1;rever;1;29.6;24.8;522;15;15;0;14018;19.596;28.937;37.987;5.952
5G;FDD;5;SISO;1;rever;1;30.0;25.1;318;15;15;0;14005;22.978;25.406;28.957;1.689
5G;FDD;5;SISO;1;rever;1;29.8;25.0;487;15;15;0;14017;15.731;27.396;37.973;6.460
5G;FDD;5;SISO;1;rever;1;29.7;24.9;560;15;15;0;14008;19.916;24.181;28.952;2.571
5G;FDD;5;SISO;1;rever;1;30.0;25.1;406;15;15;0;14016;19.828;30.087;37.999;6.129
5G;FDD;5;SISO;1;rever;1;29.8;25.0;435;15;15;0;14014;18.914;26.598;37.054;5.441
5G;FDD;5;SISO;1;rever;1;29.6;24.8;433;15;15;0;13999;27.465;28.608;29.927;0.749
5G;FDD;5;SISO;1;rever;1;29.7;24.9;346;15;15;0;14015;19.671;28.129;38.019;5.928
5G;FDD;5;SISO;1;rever;2;30.2;25.3;680;15;15;0;14014;19.035;29.743;38.132;6.875
5G;FDD;5;SISO;1;rever;2;29.9;25.1;810;15;15;0;14017;18.845;26.650;36.932;5.674
5G;FDD;5;SISO;1;rever;2;29.5;24.7;487;15;15;0;14014;14.962;26.188;38.035;6.948
5G;FDD;5;SISO;1;rever;2;30.1;25.3;466;15;15;0;14011;19.043;25.610;37.610;4.430
5G;FDD;5;SISO;1;rever;2;30.2;25.3;368;15;15;0;14012;19.030;94.245;1.024.043;248.578
5G;FDD;5;SISO;1;rever;2;29.7;24.9;555;15;15;0;14009;19.053;25.290;39.026;5.830
5G;FDD;5;SISO;1;rever;2;30.1;25.3;791;15;15;0;14017;19.888;27.927;37.979;6.044
5G;FDD;5;SISO;1;rever;2;29.8;25.0;343;15;15;0;14008;19.932;23.671;28.407;2.686
5G;FDD;5;SISO;1;rever;2;30.2;25.3;503;15;15;0;14013;19.037;28.168;38.132;6.578
5G;FDD;5;SISO;1;rever;2;29.6;24.8;457;15;15;0;14016;19.541;28.030;37.852;5.421
5G;FDD;5;SISO;1;rever;2;29.8;25.0;457;15;15;0;14011;16.008;29.223;37.931;6.743
5G;FDD;5;SISO;1;rever;2;29.6;24.8;581;15;15;0;14015;19.868;27.601;38.251;6.315
5G;FDD;5;SISO;1;rever;2;30.0;25.2;429;15;15;0;14012;16.065;24.330;38.010;6.119
5G;FDD;5;SISO;1;rever;2;29.9;25.1;463;15;15;0;14011;18.963;24.749;37.025;4.224
5G;FDD;5;SISO;1;rever;2;29.7;24.9;555;15;15;0;14023;25.018;96.012;1.047.523;254.307
5G;FDD;5;SISO;1;rever;2;29.9;25.1;358;15;15;0;14015;18.927;27.113;37.031;5.347
5G;FDD;5;SISO;1;rever;2;29.9;25.0;471;15;15;0;14014;18.949;28.543;37.016;6.357
5G;FDD;5;SISO;1;rever;2;29.9;25.1;420;15;15;0;14017;19.954;28.858;38.140;5.777
5G;FDD;5;SISO;1;rever;2;30.1;25.2;342;15;15;0;14003;25.768;27.089;28.583;0.860
5G;FDD;5;SISO;1;rever;2;29.9;25.0;398;15;15;0;14018;13.992;27.777;37.995;6.655
5G;FDD;5;SISO;1;rever;3;30.1;25.3;469;15;15;0;14011;18.936;25.803;37.876;5.355
5G;FDD;5;SISO;1;rever;3;30.0;25.2;362;15;15;0;14015;18.483;27.244;37.473;6.534
5G;FDD;5;SISO;1;rever;3;29.7;24.9;471;15;15;0;14011;18.722;25.738;37.623;5.838
5G;FDD;5;SISO;1;rever;3;30.0;25.1;462;15;15;0;14013;19.035;27.813;37.990;6.755
5G;FDD;5;SISO;1;rever;3;29.8;25.0;747;15;15;0;14011;18.917;26.627;37.486;6.445
5G;FDD;5;SISO;1;rever;3;30.0;25.1;453;15;15;0;14016;19.288;28.771;38.153;6.033
5G;FDD;5;SISO;1;rever;3;29.6;24.8;577;15;15;0;14013;19.224;27.893;37.971;6.525
5G;FDD;5;SISO;1;rever;3;29.8;25.0;398;15;15;0;14016;19.210;29.169;37.970;6.340
5G;FDD;5;SISO;1;rever;3;30.2;25.3;490;15;9;40;14135;19.386;1.481.414;4.661.915;1684.651pipe5
5G;FDD;5;SISO;1;rever;3;29.9;25.1;360;15;15;0;14012;18.930;26.037;37.030;5.535
5G;FDD;5;SISO;1;rever;3;29.6;24.8;727;15;15;0;14015;18.944;28.554;37.963;6.326
5G;FDD;5;SISO;1;rever;3;30.0;25.1;272;15;15;0;14018;19.513;28.841;38.026;5.790
5G;FDD;5;SISO;1;rever;3;29.8;25.0;476;15;15;0;14006;21.986;25.364;28.519;2.069
5G;FDD;5;SISO;1;rever;3;29.8;25.0;478;15;15;0;14012;18.936;25.562;37.519;5.417
5G;FDD;5;SISO;1;rever;3;30.0;25.2;549;15;15;0;14013;18.974;27.734;38.035;6.473
5G;FDD;5;SISO;1;rever;3;29.6;24.8;665;15;15;0;14015;18.600;93.604;1.036.513;252.072
5G;FDD;5;SISO;1;rever;3;29.5;24.7;469;15;15;0;14015;15.944;26.336;37.977;6.815
5G;FDD;5;SISO;1;rever;3;29.5;24.8;477;15;15;0;14008;18.963;23.329;27.669;2.761
5G;FDD;5;SISO;1;rever;3;30.1;25.2;394;15;15;0;14014;18.998;28.553;38.005;6.389
5G;FDD;5;SISO;1;rever;3;29.8;25.0;394;15;15;0;14010;18.506;25.585;37.952;6.341
5G;TDD;10;MIMO;38;anecoica;1;80.0;67.1;972;15;15;0;14008;21.128;33.388;48.014;6.973
5G;TDD;10;MIMO;38;anecoica;1;80.3;67.3;1902;15;15;0;14009;20.957;28.271;40.318;7.599
5G;TDD;10;MIMO;38;anecoica;1;78.8;66.1;703;15;15;0;14013;20.759;30.838;39.673;6.397
5G;TDD;10;MIMO;38;anecoica;1;80.5;67.5;1145;15;15;0;14014;21.252;30.344;40.066;6.756
5G;TDD;10;MIMO;38;anecoica;1;80.0;67.1;1275;15;15;0;14012;21.115;31.529;40.026;6.792
5G;TDD;10;MIMO;38;anecoica;1;78.2;65.6;853;15;15;0;14016;20.891;29.601;39.358;6.244
5G;TDD;10;MIMO;38;anecoica;1;79.8;67.0;1259;15;15;0;14016;20.971;31.297;39.994;6.302
5G;TDD;10;MIMO;38;anecoica;1;79.6;66.8;1027;15;15;0;14021;21.128;162.803;1.034.085;340.199
5G;TDD;10;MIMO;38;anecoica;1;80.2;67.2;1010;15;15;0;14010;21.947;33.408;40.308;6.950
5G;TDD;10;MIMO;38;anecoica;1;79.8;67.0;687;15;15;0;14010;21.000;31.487;39.994;7.035
5G;TDD;10;MIMO;38;anecoica;1;80.5;67.5;845;15;15;0;14002;23.983;25.453;26.910;0.862
5G;TDD;10;MIMO;38;anecoica;1;80.6;67.6;1205;15;15;0;14011;20.532;31.127;39.925;7.521
5G;TDD;10;MIMO;38;anecoica;1;79.5;66.7;1483;15;15;0;14014;20.943;31.141;39.998;6.615
5G;TDD;10;MIMO;38;anecoica;1;79.4;66.6;1058;15;15;0;14015;20.973;29.665;39.618;6.169
5G;TDD;10;MIMO;38;anecoica;1;79.9;67.0;1536;15;15;0;14011;20.958;29.433;39.355;7.037
5G;TDD;10;MIMO;38;anecoica;1;80.0;67.1;1495;15;15;0;14016;23.478;99.352;1.041.945;251.965
5G;TDD;10;MIMO;38;anecoica;1;79.7;66.9;973;15;15;0;14014;20.380;30.735;39.188;6.394
5G;TDD;10;MIMO;38;anecoica;1;79.9;67.0;1661;15;15;0;14009;26.890;31.291;36.545;3.017
5G;TDD;10;MIMO;38;anecoica;1;80.4;67.4;1189;15;15;0;14013;20.995;31.804;40.151;6.247
5G;TDD;10;MIMO;38;anecoica;1;79.6;66.8;1251;15;15;0;14015;20.532;30.987;39.995;6.528
5G;TDD;10;MIMO;38;anecoica;2;80.8;67.8;780;15;15;0;14008;20.618;26.363;39.961;6.423
5G;TDD;10;MIMO;38;anecoica;2;81.0;68.0;1448;15;15;0;14012;21.380;32.626;39.967;6.418
5G;TDD;10;MIMO;38;anecoica;2;79.9;67.0;877;15;15;0;14007;20.946;26.715;40.212;6.521
5G;TDD;10;MIMO;38;anecoica;2;81.1;68.0;1076;15;15;0;14016;21.036;30.199;40.073;6.595
5G;TDD;10;MIMO;38;anecoica;2;81.1;68.1;1109;15;15;0;14015;20.736;30.726;39.473;6.236
5G;TDD;10;MIMO;38;anecoica;2;79.8;67.0;1007;15;15;0;14007;21.784;25.162;39.973;4.265
5G;TDD;10;MIMO;38;anecoica;2;82.4;69.1;1231;15;15;0;14012;21.784;29.261;39.917;5.991
5G;TDD;10;MIMO;38;anecoica;2;81.3;68.2;937;15;15;0;14014;20.940;28.848;39.024;6.457
5G;TDD;10;MIMO;38;anecoica;2;81.5;68.3;754;15;15;0;14007;21.014;26.757;40.017;6.665
5G;TDD;10;MIMO;38;anecoica;2;81.7;68.5;1143;15;15;0;14014;21.026;32.234;40.035;6.333
5G;TDD;10;MIMO;38;anecoica;2;80.4;67.4;1586;15;15;0;14012;20.789;27.805;39.002;6.545
5G;TDD;10;MIMO;38;anecoica;2;80.2;67.3;1070;15;15;0;14012;21.954;32.795;39.993;6.311
5G;TDD;10;MIMO;38;anecoica;2;80.6;67.6;1089;15;15;0;14017;21.298;31.025;40.002;5.904
5G;TDD;10;MIMO;38;anecoica;2;80.2;67.2;1136;15;15;0;14014;20.859;29.383;39.170;6.312
5G;TDD;10;MIMO;38;anecoica;2;81.3;68.2;971;15;15;0;14007;20.993;26.955;40.162;6.584
5G;TDD;10;MIMO;38;anecoica;2;81.3;68.2;844;15;15;0;14011;20.965;30.832;39.269;6.962
5G;TDD;10;MIMO;38;anecoica;2;80.9;67.9;1333;15;15;0;14015;20.961;29.833;38.960;5.869
5G;TDD;10;MIMO;38;anecoica;2;80.6;67.6;856;15;15;0;14013;21.022;30.594;40.010;6.656
5G;TDD;10;MIMO;38;anecoica;2;79.8;66.9;863;15;15;0;14014;20.965;29.963;40.049;6.526
5G;TDD;10;MIMO;38;anecoica;2;80.8;67.8;1196;15;15;0;14010;21.306;28.762;40.178;6.792
5G;TDD;10;MIMO;38;anecoica;3;80.6;67.6;1284;15;15;0;14017;20.920;30.099;39.376;5.607
5G;TDD;10;MIMO;38;anecoica;3;80.7;67.7;777;15;15;0;14012;21.005;31.861;44.928;8.088
5G;TDD;10;MIMO;38;anecoica;3;80.5;67.5;1185;15;15;0;14012;24.001;30.375;36.477;4.066
5G;TDD;10;MIMO;38;anecoica;3;80.6;67.6;828;15;15;0;14012;20.254;30.528;39.025;7.106
5G;TDD;10;MIMO;38;anecoica;3;81.1;68.1;772;15;15;0;14013;21.879;30.033;39.910;6.362
5G;TDD;10;MIMO;38;anecoica;3;80.9;67.9;681;15;15;0;14009;21.057;28.765;40.077;7.348
5G;TDD;10;MIMO;38;anecoica;3;80.9;67.9;1389;15;15;0;14017;20.658;29.891;39.060;5.984
5G;TDD;10;MIMO;38;anecoica;3;80.5;67.5;953;15;15;0;14015;20.350;29.092;39.013;6.132
5G;TDD;10;MIMO;38;anecoica;3;80.2;67.3;1532;15;15;0;14011;20.917;31.148;39.965;7.345
5G;TDD;10;MIMO;38;anecoica;3;81.0;67.9;1264;15;15;0;14014;21.867;31.485;40.069;6.143
5G;TDD;10;MIMO;38;anecoica;3;80.7;67.7;880;15;15;0;14008;20.768;27.489;40.049;7.271
5G;TDD;10;MIMO;38;anecoica;3;80.4;67.4;963;15;15;0;14007;20.727;30.803;39.983;8.122
5G;TDD;10;MIMO;38;anecoica;3;81.2;68.1;1224;15;15;0;14040;24.836;100.341;1.063.003;257.323
5G;TDD;10;MIMO;38;anecoica;3;80.8;67.8;988;15;15;0;14010;21.904;32.334;39.986;7.063
5G;TDD;10;MIMO;38;anecoica;3;81.1;68.1;1148;15;15;0;14013;20.506;30.001;39.465;6.698
5G;TDD;10;MIMO;38;anecoica;3;80.7;67.7;1403;15;15;0;14015;20.972;30.541;39.948;6.167
5G;TDD;10;MIMO;38;anecoica;3;80.8;67.8;806;15;15;0;14007;21.029;28.165;40.037;6.995
5G;TDD;10;MIMO;38;anecoica;3;79.9;67.0;1084;15;15;0;14012;20.929;30.355;39.860;7.109
5G;TDD;10;MIMO;38;anecoica;3;79.6;66.8;912;15;15;0;14013;20.442;97.207;1.021.012;246.967
5G;TDD;10;MIMO;38;anecoica;3;80.2;67.3;1004;15;15;0;14015;21.003;30.046;40.005;6.789
5G;TDD;10;MIMO;38;rever;1;80.5;67.5;1479;15;15;0;14017;27.059;33.935;45.848;5.555
5G;TDD;10;MIMO;38;rever;1;80.3;67.3;1782;15;15;0;14012;20.412;29.048;39.041;6.256
5G;TDD;10;MIMO;38;rever;1;80.1;67.2;1093;15;15;0;14009;20.841;30.740;40.043;7.694
5G;TDD;10;MIMO;38;rever;1;81.1;68.0;1041;15;15;0;14013;20.935;30.305;39.661;6.963
5G;TDD;10;MIMO;38;rever;1;80.7;67.7;554;15;15;0;14014;20.989;30.170;39.915;6.289
5G;TDD;10;MIMO;38;rever;1;79.8;66.9;1242;15;15;0;14008;21.005;29.610;39.984;7.451
5G;TDD;10;MIMO;38;rever;1;79.3;66.5;1096;15;15;0;14014;20.967;32.240;40.004;6.469
5G;TDD;10;MIMO;38;rever;1;80.8;67.8;1489;15;15;0;14015;21.940;31.463;40.032;5.747
5G;TDD;10;MIMO;38;rever;1;81.0;67.9;961;15;15;0;14021;23.983;96.911;1.043.410;252.994
5G;TDD;10;MIMO;38;rever;1;80.6;67.6;1635;15;15;0;14011;20.772;29.134;38.980;7.127
5G;TDD;10;MIMO;38;rever;1;80.7;67.7;1345;15;15;0;14008;20.585;28.523;40.038;7.423
5G;TDD;10;MIMO;38;rever;1;79.4;66.6;1501;15;15;0;14011;21.022;96.896;1.022.043;247.353
5G;TDD;10;MIMO;38;rever;1;79.7;66.8;1143;15;15;0;14011;21.907;30.583;40.028;6.460
5G;TDD;10;MIMO;38;rever;1;79.8;66.9;1372;15;15;0;14013;21.049;31.519;40.010;6.612
5G;TDD;10;MIMO;38;rever;1;81.0;67.9;987;15;15;0;14019;20.742;29.097;38.956;5.937
5G;TDD;10;MIMO;38;rever;1;79.7;66.9;1111;15;15;0;14010;21.030;28.552;40.010;7.077
5G;TDD;10;MIMO;38;rever;1;80.0;67.1;774;15;15;0;14010;20.534;28.746;40.448;6.915
5G;TDD;10;MIMO;38;rever;1;79.5;66.7;626;15;15;0;14014;20.957;30.674;39.701;6.367
5G;TDD;10;MIMO;38;rever;1;80.4;67.5;1048;15;15;0;14010;20.927;27.774;39.521;6.187
5G;TDD;10;MIMO;38;rever;1;79.9;67.1;1468;15;15;0;14015;21.813;31.350;40.072;5.534
5G;TDD;10;MIMO;38;rever;2;81.7;68.5;1251;15;15;0;14012;21.949;30.961;39.939;6.461
5G;TDD;10;MIMO;38;rever;2;81.7;68.5;1173;15;15;0;14001;24.785;25.965;26.957;0.616
5G;TDD;10;MIMO;38;rever;2;81.2;68.1;881;15;15;0;14012;20.962;29.476;40.123;7.126
5G;TDD;10;MIMO;38;rever;2;80.9;67.9;794;15;15;0;14009;20.868;29.525;39.934;7.789
5G;TDD;10;MIMO;38;rever;2;80.8;67.8;1087;15;15;0;14015;20.941;29.562;39.790;6.412
5G;TDD;10;MIMO;38;rever;2;82.0;68.8;751;15;15;0;14007;20.941;29.344;40.068;7.930
5G;TDD;10;MIMO;38;rever;2;80.9;67.9;1469;15;15;0;14003;23.671;25.327;26.954;0.976
5G;TDD;10;MIMO;38;rever;2;81.1;68.0;1010;15;15;0;14014;21.002;30.913;39.877;6.266
5G;TDD;10;MIMO;38;rever;2;81.1;68.1;1181;15;15;0;14016;20.574;29.991;38.960;5.793
5G;TDD;10;MIMO;38;rever;2;80.8;67.8;649;15;15;0;14014;21.046;30.072;39.841;6.337
5G;TDD;10;MIMO;38;rever;2;81.8;68.6;1124;15;15;0;14008;20.669;28.246;39.570;7.304
5G;TDD;10;MIMO;38;rever;2;81.7;68.5;1197;15;15;0;14011;20.846;29.686;38.976;7.083
5G;TDD;10;MIMO;38;rever;2;81.5;68.3;1716;15;15;0;14015;20.980;30.828;39.327;5.964
5G;TDD;10;MIMO;38;rever;2;81.1;68.0;800;15;15;0;13999;25.987;26.779;27.880;0.505
5G;TDD;10;MIMO;38;rever;2;80.6;67.6;645;15;15;0;14013;20.978;31.423;39.999;6.675
5G;TDD;10;MIMO;38;rever;2;80.8;67.8;1030;15;15;0;14044;20.979;98.115;1.052.294;255.098
5G;TDD;10;MIMO;38;rever;2;80.2;67.3;641;15;15;0;14012;21.405;29.216;40.090;6.539
5G;TDD;10;MIMO;38;rever;2;81.4;68.3;1451;15;15;0;14020;26.001;97.167;1.046.241;253.656
5G;TDD;10;MIMO;38;rever;2;80.8;67.8;1122;15;15;0;14010;20.594;29.252;39.971;7.182
5G;TDD;10;MIMO;38;rever;2;80.8;67.7;1115;15;15;0;14012;21.623;30.244;40.024;7.097
5G;TDD;10;MIMO;38;rever;3;81.1;68.0;1376;15;15;0;14008;20.973;37.140;178.033;38.201
5G;TDD;10;MIMO;38;rever;3;79.5;66.7;1941;15;15;0;14011;21.025;31.387;40.242;6.915
5G;TDD;10;MIMO;38;rever;3;79.1;66.4;1097;15;15;0;14017;20.964;30.962;40.018;5.999
5G;TDD;10;MIMO;38;rever;3;79.8;67.0;1176;15;15;0;14015;21.541;44.047;206.463;43.816
5G;TDD;10;MIMO;38;rever;3;81.3;68.2;985;15;15;0;14016;20.918;30.608;40.014;6.345
5G;TDD;10;MIMO;38;rever;3;81.0;68.0;1153;15;15;0;14006;20.851;27.721;39.851;7.336
5G;TDD;10;MIMO;38;rever;3;80.8;67.8;901;15;15;0;14015;20.884;30.391;38.951;5.603
5G;TDD;10;MIMO;38;rever;3;79.7;66.8;1002;15;15;0;14013;20.358;30.210;39.032;6.468
5G;TDD;10;MIMO;38;rever;3;80.2;67.3;928;15;15;0;14023;20.934;91.680;1.039.448;253.306
5G;TDD;10;MIMO;38;rever;3;80.7;67.7;1522;15;15;0;14010;20.468;27.945;39.007;6.799
5G;TDD;10;MIMO;38;rever;3;80.2;67.2;1018;15;15;0;14017;20.966;31.078;39.952;5.969
5G;TDD;10;MIMO;38;rever;3;80.1;67.2;1040;15;15;0;14010;25.010;30.350;36.655;3.488
5G;TDD;10;MIMO;38;rever;3;81.2;68.1;1127;15;15;0;14016;20.825;31.505;39.885;6.089
5G;TDD;10;MIMO;38;rever;3;80.1;67.2;1578;15;15;0;14016;21.349;31.998;40.160;5.932
5G;TDD;10;MIMO;38;rever;3;79.5;66.7;1427;15;15;0;14010;20.971;29.371;40.194;7.454
5G;TDD;10;MIMO;38;rever;3;81.4;68.3;1169;15;15;0;14012;21.039;29.027;40.024;6.860
5G;TDD;10;MIMO;38;rever;3;80.5;67.5;1016;15;15;0;14011;21.076;30.136;40.045;7.501
5G;TDD;10;MIMO;38;rever;3;80.9;67.9;1061;15;15;0;14015;21.508;30.891;40.062;6.011
5G;TDD;10;MIMO;38;rever;3;80.8;67.8;989;15;15;0;14010;26.045;31.390;36.444;3.057
5G;TDD;10;MIMO;38;rever;3;80.2;67.3;936;15;15;0;14011;20.903;29.935;39.052;6.880
5G;TDD;10;SISO;38;anecoica;1;44.9;37.7;1231;15;15;0;14002;23.955;25.654;26.467;0.694
5G;TDD;10;SISO;38;anecoica;1;44.1;37.0;1325;15;15;0;14015;21.027;31.660;39.898;6.058
5G;TDD;10;SISO;38;anecoica;1;44.7;37.5;1367;15;15;0;14015;20.998;31.802;40.022;6.162
5G;TDD;10;SISO;38;anecoica;1;44.5;37.3;1244;15;15;0;14015;20.883;30.754;39.922;6.146
5G;TDD;10;SISO;38;anecoica;1;44.6;37.4;1344;15;15;0;14012;21.921;30.959;40.362;6.613
5G;TDD;10;SISO;38;anecoica;1;44.6;37.4;985;15;15;0;14010;20.895;27.984;39.021;6.902
5G;TDD;10;SISO;38;anecoica;1;44.8;37.6;1296;15;15;0;14016;20.847;30.112;39.595;6.063
5G;TDD;10;SISO;38;anecoica;1;44.7;37.5;1081;15;15;0;14008;20.970;29.584;40.002;7.615
5G;TDD;10;SISO;38;anecoica;1;44.8;37.6;1000;15;14;6;14015;21.454;31.425;40.040;6.066
5G;TDD;10;SISO;38;anecoica;1;44.4;37.3;1119;15;15;0;14008;20.411;28.702;40.012;7.444
5G;TDD;10;SISO;38;anecoica;1;44.8;37.6;1179;15;15;0;14017;20.993;30.752;40.028;5.870
5G;TDD;10;SISO;38;anecoica;1;44.8;37.6;1225;15;15;0;14011;21.941;31.650;40.047;7.265
5G;TDD;10;SISO;38;anecoica;1;44.6;37.4;636;15;15;0;14012;20.932;29.975;40.324;6.914
5G;TDD;10;SISO;38;anecoica;1;44.8;37.6;683;15;15;0;14014;21.142;31.212;40.025;6.554
5G;TDD;10;SISO;38;anecoica;1;44.4;37.2;731;15;15;0;14015;20.953;30.573;39.933;6.089
5G;TDD;10;SISO;38;anecoica;1;44.6;37.4;1158;15;15;0;14007;20.964;26.074;40.020;5.533
5G;TDD;10;SISO;38;anecoica;1;44.5;37.3;1575;15;15;0;14011;20.697;28.183;39.627;6.941
5G;TDD;10;SISO;38;anecoica;1;44.2;37.1;893;15;15;0;14016;21.897;28.739;39.898;4.996
5G;TDD;10;SISO;38;anecoica;1;44.8;37.6;741;15;15;0;14013;21.954;32.403;39.974;6.229
5G;TDD;10;SISO;38;anecoica;1;44.8;37.6;978;15;15;0;14012;21.862;29.837;40.059;6.445
5G;TDD;10;SISO;38;anecoica;2;44.8;37.6;1008;15;15;0;14013;21.922;35.145;48.076;7.731
5G;TDD;10;SISO;38;anecoica;2;44.7;37.5;1006;15;15;0;14013;21.779;33.147;39.950;4.708
5G;TDD;10;SISO;38;anecoica;2;44.7;37.5;1355;15;15;0;14017;20.919;30.658;39.724;5.831
5G;TDD;10;SISO;38;anecoica;2;44.7;37.5;401;15;15;0;14013;20.975;27.955;39.273;6.459
5G;TDD;10;SISO;38;anecoica;2;44.5;37.3;1423;15;15;0;14010;21.676;34.866;40.204;4.510
5G;TDD;10;SISO;38;anecoica;2;44.6;37.4;1486;15;15;0;14017;21.560;31.346;40.010;5.929
5G;TDD;10;SISO;38;anecoica;2;44.3;37.2;1261;15;15;0;14014;20.500;30.897;38.938;5.143
5G;TDD;10;SISO;38;anecoica;2;44.9;37.6;934;15;15;0;14013;20.488;29.023;39.363;6.102
5G;TDD;10;SISO;38;anecoica;2;44.4;37.3;1084;15;15;0;14008;20.579;30.393;38.961;7.484
5G;TDD;10;SISO;38;anecoica;2;44.8;37.6;1428;15;15;0;14017;20.969;30.851;39.051;5.839
5G;TDD;10;SISO;38;anecoica;2;44.8;37.6;958;15;15;0;14011;20.868;30.067;39.638;7.161
5G;TDD;10;SISO;38;anecoica;2;44.6;37.4;1077;15;15;0;14014;21.383;31.398;39.792;5.861
5G;TDD;10;SISO;38;anecoica;2;44.7;37.5;946;15;15;0;14015;20.940;32.043;40.288;5.147
5G;TDD;10;SISO;38;anecoica;2;44.7;37.5;760;15;15;0;14038;20.978;99.487;1.060.020;256.763
5G;TDD;10;SISO;38;anecoica;2;44.8;37.6;1057;15;15;0;14011;20.831;29.860;39.010;6.569
5G;TDD;10;SISO;38;anecoica;2;44.8;37.6;1532;15;15;0;14002;20.953;36.675;40.010;6.104
5G;TDD;10;SISO;38;anecoica;2;44.9;37.7;1943;15;15;0;14011;20.506;30.970;39.999;7.461
5G;TDD;10;SISO;38;anecoica;2;44.6;37.4;1101;15;15;0;14016;20.997;31.217;39.963;6.029
5G;TDD;10;SISO;38;anecoica;2;44.8;37.6;931;15;15;0;14010;20.616;28.944;39.527;7.484
5G;TDD;10;SISO;38;anecoica;2;45.2;37.9;1304;15;15;0;14014;20.943;31.099;39.869;6.280
5G;TDD;10;SISO;38;anecoica;3;44.6;37.4;1079;15;15;0;14008;20.990;28.700;40.133;7.497
5G;TDD;10;SISO;38;anecoica;3;44.8;37.5;1209;15;15;0;14005;21.913;24.439;26.637;1.441
5G;TDD;10;SISO;38;anecoica;3;45.0;37.7;1221;15;15;0;14011;20.667;31.418;39.471;6.764
5G;TDD;10;SISO;38;anecoica;3;44.9;37.7;1322;15;15;0;14015;21.006;31.708;40.009;6.119
5G;TDD;10;SISO;38;anecoica;3;44.6;37.4;733;15;15;0;14009;20.735;27.680;40.008;6.741
5G;TDD;10;SISO;38;anecoica;3;44.9;37.7;967;15;15;0;14007;20.972;26.687;40.185;5.279
5G;TDD;10;SISO;38;anecoica;3;44.8;37.6;1490;15;15;0;14010;20.913;27.100;38.987;6.622
5G;TDD;10;SISO;38;anecoica;3;44.6;37.4;1086;15;15;0;14013;20.640;29.195;39.139;6.681
5G;TDD;10;SISO;38;anecoica;3;44.6;37.4;983;15;15;0;14024;21.924;91.902;1.040.965;253.653
5G;TDD;10;SISO;38;anecoica;3;45.0;37.7;1161;15;15;0;14027;20.614;93.114;1.046.505;254.840
5G;TDD;10;SISO;38;anecoica;3;44.9;37.7;1101;15;15;0;14012;21.940;32.927;39.980;6.173
5G;TDD;10;SISO;38;anecoica;3;44.7;37.5;779;15;15;0;14033;21.159;98.657;1.046.234;253.335
5G;TDD;10;SISO;38;anecoica;3;45.0;37.7;890;15;15;0;14018;21.684;30.575;39.984;5.716
5G;TDD;10;SISO;38;anecoica;3;44.5;37.3;1090;15;15;0;14016;21.018;30.368;39.168;5.887
5G;TDD;10;SISO;38;anecoica;3;44.4;37.3;859;15;15;0;14009;20.740;28.580;40.052;7.102
5G;TDD;10;SISO;38;anecoica;3;44.7;37.5;1544;15;15;0;14003;23.027;24.429;26.407;0.960
5G;TDD;10;SISO;38;anecoica;3;44.8;37.6;1159;15;15;0;14011;21.128;31.452;39.946;6.654
5G;TDD;10;SISO;38;anecoica;3;44.7;37.5;608;15;15;0;14017;20.944;29.810;39.005;5.776
5G;TDD;10;SISO;38;anecoica;3;44.6;37.4;960;15;15;0;14009;21.858;32.313;40.106;7.162
5G;TDD;10;SISO;38;anecoica;3;44.8;37.6;1434;15;15;0;14015;20.987;30.664;39.679;6.231
5G;TDD;10;SISO;38;rever;1;44.8;37.6;592;15;15;0;14016;21.896;31.719;39.972;6.163
5G;TDD;10;SISO;38;rever;1;44.9;37.6;1254;15;15;0;14009;20.898;28.627;40.087;7.286
5G;TDD;10;SISO;38;rever;1;44.9;37.7;1228;15;15;0;14017;20.933;30.426;38.980;5.509
5G;TDD;10;SISO;38;rever;1;44.7;37.5;815;15;15;0;13999;24.982;26.354;27.606;0.702
5G;TDD;10;SISO;38;rever;1;45.0;37.7;1167;15;15;0;14017;20.910;30.198;39.733;6.166
5G;TDD;10;SISO;38;rever;1;44.9;37.6;1018;15;15;0;14007;20.944;28.850;39.210;7.287
5G;TDD;10;SISO;38;rever;1;44.8;37.6;995;15;15;0;14009;20.936;30.409;40.080;7.688
5G;TDD;10;SISO;38;rever;1;44.9;37.7;898;15;15;0;14012;21.628;32.034;39.951;6.978
5G;TDD;10;SISO;38;rever;1;44.7;37.5;1181;15;15;0;14014;20.847;31.767;39.753;6.114
5G;TDD;10;SISO;38;rever;1;45.0;37.8;923;15;15;0;14019;21.355;31.325;40.311;5.562
5G;TDD;10;SISO;38;rever;1;45.0;37.7;1334;15;15;0;14013;21.007;32.351;40.258;6.407
5G;TDD;10;SISO;38;rever;1;44.9;37.6;1137;15;15;0;14016;21.953;31.515;39.975;5.926
5G;TDD;10;SISO;38;rever;1;45.0;37.7;883;15;15;0;14009;20.906;28.498;40.023;7.400
5G;TDD;10;SISO;38;rever;1;44.8;37.6;612;15;15;0;14009;20.601;28.617;39.996;7.239
5G;TDD;10;SISO;38;rever;1;45.0;37.7;1034;15;15;0;14015;20.944;30.814;39.858;6.458
5G;TDD;10;SISO;38;rever;1;44.8;37.6;749;15;15;0;14010;20.904;29.453;39.317;7.050
5G;TDD;10;SISO;38;rever;1;44.9;37.6;758;15;15;0;14014;20.777;31.097;39.540;6.417
5G;TDD;10;SISO;38;rever;1;45.3;38.0;911;15;15;0;14016;21.776;31.250;40.016;5.770
5G;TDD;10;SISO;38;rever;1;44.8;37.6;1159;15;15;0;14014;21.316;30.355;40.020;6.716
5G;TDD;10;SISO;38;rever;1;44.9;37.7;971;15;15;0;14008;20.729;27.970;39.986;6.899
5G;TDD;10;SISO;38;rever;2;44.2;37.1;873;15;15;0;14016;20.954;30.225;39.031;5.896
5G;TDD;10;SISO;38;rever;2;44.8;37.6;1362;15;15;0;14010;20.831;29.222;40.031;7.469
5G;TDD;10;SISO;38;rever;2;44.1;37.0;1356;15;15;0;14013;20.778;30.893;39.318;6.253
5G;TDD;10;SISO;38;rever;2;44.6;37.4;977;15;15;0;14011;20.432;29.200;39.974;7.551
5G;TDD;10;SISO;38;rever;2;45.3;38.0;1014;15;15;0;14017;21.963;31.185;40.043;5.306
5G;TDD;10;SISO;38;rever;2;44.7;37.5;1462;15;15;0;14018;21.161;30.782;39.979;5.833
5G;TDD;10;SISO;38;rever;2;44.7;37.5;941;15;15;0;14010;20.528;65.206;580.742;137.944
5G;TDD;10;SISO;38;rever;2;44.6;37.4;1446;15;15;0;14014;20.993;30.400;40.132;6.264
5G;TDD;10;SISO;38;rever;2;44.5;37.3;781;15;15;0;14010;20.886;29.413;40.134;7.403
5G;TDD;10;SISO;38;rever;2;44.4;37.3;1186;15;15;0;14013;20.999;29.884;39.933;6.697
5G;TDD;10;SISO;38;rever;2;44.7;37.5;1014;15;15;0;14014;21.013;29.410;40.011;6.478
5G;TDD;10;SISO;38;rever;2;44.3;37.2;1064;15;15;0;14015;21.300;30.535;40.195;6.233
5G;TDD;10;SISO;38;rever;2;45.0;37.8;1211;15;15;0;14012;20.939;30.936;39.982;7.443
5G;TDD;10;SISO;38;rever;2;44.5;37.3;1258;15;15;0;14011;21.007;31.983;39.994;7.055
5G;TDD;10;SISO;38;rever;2;44.8;37.6;1494;15;15;0;14014;20.939;29.164;39.156;6.854
5G;TDD;10;SISO;38;rever;2;45.0;37.7;944;15;15;0;14016;21.024;30.791;39.895;5.791
5G;TDD;10;SISO;38;rever;2;44.8;37.6;1111;15;15;0;14019;20.946;29.975;39.089;5.659
5G;TDD;10;SISO;38;rever;2;44.8;37.6;1291;15;15;0;14010;21.460;28.388;40.053;7.176
5G;TDD;10;SISO;38;rever;2;44.5;37.4;713;15;15;0;14017;20.871;30.199;39.300;5.967
5G;TDD;10;SISO;38;rever;2;44.4;37.2;1333;15;15;0;14013;20.378;31.265;40.005;7.113
5G;TDD;10;SISO;38;rever;3;44.6;37.4;1116;15;15;0;14011;20.945;30.735;40.104;7.238
5G;TDD;10;SISO;38;rever;3;44.9;37.6;1427;15;15;0;14014;21.900;96.553;1.023.190;247.727
5G;TDD;10;SISO;38;rever;3;44.7;37.5;1283;15;15;0;14012;21.675;31.506;39.970;6.620
5G;TDD;10;SISO;38;rever;3;44.6;37.4;944;15;15;0;14013;21.039;29.914;40.104;7.036
5G;TDD;10;SISO;38;rever;3;44.8;37.6;927;15;15;0;14012;21.249;31.617;39.982;6.789
5G;TDD;10;SISO;38;rever;3;44.8;37.6;988;15;15;0;14015;20.989;163.122;1.037.042;340.350
5G;TDD;10;SISO;38;rever;3;44.8;37.6;1293;15;15;0;14002;23.976;24.581;26.759;0.872
5G;TDD;10;SISO;38;rever;3;44.4;37.2;1010;15;15;0;14038;21.844;98.608;1.060.462;257.113
5G;TDD;10;SISO;38;rever;3;44.4;37.3;995;15;15;0;14011;21.671;31.128;40.028;6.950
5G;TDD;10;SISO;38;rever;3;44.7;37.5;461;15;15;0;14011;21.038;31.325;39.948;6.863
5G;TDD;10;SISO;38;rever;3;45.0;37.7;864;15;15;0;14014;20.385;30.586;39.452;6.493
5G;TDD;10;SISO;38;rever;3;44.7;37.5;1030;15;15;0;14016;20.965;30.969;39.727;5.844
5G;TDD;10;SISO;38;rever;3;44.6;37.4;1361;15;15;0;14009;20.985;28.582;40.019;7.310
5G;TDD;10;SISO;38;rever;3;44.9;37.7;730;15;15;0;14017;20.508;29.775;39.010;5.856
5G;TDD;10;SISO;38;rever;3;45.1;37.8;1170;15;15;0;14011;21.445;30.093;39.958;7.197
5G;TDD;10;SISO;38;rever;3;44.4;37.3;1177;15;15;0;14012;20.957;31.579;40.122;6.751
5G;TDD;10;SISO;38;rever;3;45.3;38.0;1069;15;15;0;14010;21.022;27.725;39.907;6.460
5G;TDD;10;SISO;38;rever;3;44.5;37.3;1058;15;15;0;14017;21.551;30.315;39.964;6.028
5G;TDD;10;SISO;38;rever;3;44.9;37.7;1278;15;15;0;14011;20.993;28.654;40.022;6.774
5G;TDD;10;SISO;38;rever;3;44.7;37.5;1118;15;15;0;14013;20.782;30.001;38.919;6.672
5G;TDD;15;MIMO;38;anecoica;1;124;104;1141;15;15;0;14012;20.855;31.475;39.685;6.545
5G;TDD;15;MIMO;38;anecoica;1;124;104;674;15;15;0;14012;20.647;26.995;38.989;6.423
5G;TDD;15;MIMO;38;anecoica;1;123;103;955;15;15;0;14013;21.063;31.044;39.989;6.604
5G;TDD;15;MIMO;38;anecoica;1;123;103;1470;15;15;0;14014;21.181;30.732;39.896;6.221
5G;TDD;15;MIMO;38;anecoica;1;123;103;1112;15;15;0;14015;20.983;30.509;39.106;5.753
5G;TDD;15;MIMO;38;anecoica;1;124;104;992;15;15;0;14009;20.946;27.490;39.981;6.856
5G;TDD;15;MIMO;38;anecoica;1;124;104;1190;15;15;0;14000;25.922;26.156;26.590;0.295
5G;TDD;15;MIMO;38;anecoica;1;123;104;977;15;15;0;14014;20.596;29.828;39.022;6.452
5G;TDD;15;MIMO;38;anecoica;1;124;104;1901;15;15;0;14016;20.949;30.627;39.785;6.523
5G;TDD;15;MIMO;38;anecoica;1;123;103;1014;15;15;0;14015;20.988;31.581;40.017;5.847
5G;TDD;15;MIMO;38;anecoica;1;124;104;1311;15;15;0;14015;20.509;30.010;39.462;6.430
5G;TDD;15;MIMO;38;anecoica;1;123;103;1153;15;15;0;14015;20.928;30.732;38.966;6.699
5G;TDD;15;MIMO;38;anecoica;1;124;104;1983;15;15;0;14013;20.985;29.800;40.003;6.562
5G;TDD;15;MIMO;38;anecoica;1;123;103;1272;15;15;0;14010;20.941;29.185;39.232;7.250
5G;TDD;15;MIMO;38;anecoica;1;124;104;920;15;15;0;14014;21.002;30.955;39.659;6.253
5G;TDD;15;MIMO;38;anecoica;1;123;104;996;15;15;0;14017;21.048;30.703;39.264;5.517
5G;TDD;15;MIMO;38;anecoica;1;124;104;835;15;15;0;14010;20.969;29.104;39.886;7.415
5G;TDD;15;MIMO;38;anecoica;1;124;104;877;15;15;0;14036;22.977;99.560;1.061.982;257.254
5G;TDD;15;MIMO;38;anecoica;1;124;104;1346;15;15;0;14012;20.920;30.267;39.103;6.875
5G;TDD;15;MIMO;38;anecoica;1;123;103;1601;15;15;0;14001;25.410;26.404;27.324;0.601
5G;TDD;15;MIMO;38;anecoica;2;125;104;1711;15;15;0;14016;14.023;30.132;41.776;7.667
5G;TDD;15;MIMO;38;anecoica;2;124;104;721;15;15;0;14011;21.891;30.209;39.948;6.842
5G;TDD;15;MIMO;38;anecoica;2;123;103;731;15;15;0;14013;20.957;84.194;852.025;205.305
5G;TDD;15;MIMO;38;anecoica;2;122;103;976;15;15;0;14016;21.253;29.202;39.967;5.406
5G;TDD;15;MIMO;38;anecoica;2;124;104;940;15;15;0;14008;21.448;29.033;39.985;7.175
5G;TDD;15;MIMO;38;anecoica;2;125;105;1858;15;15;0;14008;21.321;94.044;1.020.571;247.724
5G;TDD;15;MIMO;38;anecoica;2;125;104;1272;15;15;0;14011;20.718;30.755;39.926;7.438
5G;TDD;15;MIMO;38;anecoica;2;124;104;1670;15;15;0;14011;20.971;33.219;40.332;6.753
5G;TDD;15;MIMO;38;anecoica;2;122;102;1463;15;15;0;14010;20.842;29.764;39.323;6.778
5G;TDD;15;MIMO;38;anecoica;2;124;104;1142;15;15;0;14007;20.673;28.504;39.995;7.684
5G;TDD;15;MIMO;38;anecoica;2;123;103;834;15;15;0;14015;21.841;31.802;40.013;5.955
5G;TDD;15;MIMO;38;anecoica;2;123;103;1136;15;15;0;14016;21.663;31.542;40.039;5.901
5G;TDD;15;MIMO;38;anecoica;2;123;103;898;15;15;0;14014;21.872;31.591;40.035;6.598
5G;TDD;15;MIMO;38;anecoica;2;124;104;939;15;15;0;14013;20.952;30.854;39.028;6.094
5G;TDD;15;MIMO;38;anecoica;2;124;104;1251;15;15;0;14013;20.901;31.632;40.150;6.824
5G;TDD;15;MIMO;38;anecoica;2;123;103;1250;15;15;0;14017;20.750;29.750;38.930;5.419
5G;TDD;15;MIMO;38;anecoica;2;124;104;1163;15;15;0;14013;20.984;29.837;39.974;6.740
5G;TDD;15;MIMO;38;anecoica;2;123;103;985;15;15;0;14009;21.090;29.830;39.910;7.124
5G;TDD;15;MIMO;38;anecoica;2;123;103;1729;15;15;0;14015;21.000;30.792;39.933;6.301
5G;TDD;15;MIMO;38;anecoica;2;123;103;1175;15;15;0;14011;20.943;29.568;39.838;6.639
5G;TDD;15;MIMO;38;anecoica;3;122;102;874;15;15;0;14006;21.003;30.075;40.186;8.255
5G;TDD;15;MIMO;38;anecoica;3;124;104;1744;15;15;0;14017;21.302;30.848;39.990;5.803
5G;TDD;15;MIMO;38;anecoica;3;123;103;1165;15;15;0;14010;21.736;29.785;39.969;7.438
5G;TDD;15;MIMO;38;anecoica;3;125;105;1462;15;15;0;14012;21.747;36.586;47.990;8.245
5G;TDD;15;MIMO;38;anecoica;3;124;104;1763;15;15;0;14013;20.846;30.026;38.994;6.623
5G;TDD;15;MIMO;38;anecoica;3;124;104;886;15;15;0;14010;21.525;30.569;40.013;7.258
5G;TDD;15;MIMO;38;anecoica;3;124;104;2441;15;15;0;14015;21.237;31.301;39.886;6.048
5G;TDD;15;MIMO;38;anecoica;3;123;104;1040;15;15;0;14012;20.944;28.224;39.396;6.580
5G;TDD;15;MIMO;38;anecoica;3;123;103;1142;15;15;0;14007;20.720;29.597;40.012;8.324
5G;TDD;15;MIMO;38;anecoica;3;125;105;1660;15;15;0;14014;21.024;31.295;40.030;6.495
5G;TDD;15;MIMO;38;anecoica;3;124;104;777;15;15;0;14013;21.454;31.346;39.994;6.393
5G;TDD;15;MIMO;38;anecoica;3;123;103;1201;15;15;0;14013;20.724;31.252;40.172;7.222
5G;TDD;15;MIMO;38;anecoica;3;123;104;1286;15;15;0;14012;20.954;29.261;38.937;6.746
5G;TDD;15;MIMO;38;anecoica;3;124;104;1005;15;15;0;14015;21.879;30.967;40.597;6.279
5G;TDD;15;MIMO;38;anecoica;3;123;103;1233;15;15;0;14016;21.956;32.143;40.017;5.557
5G;TDD;15;MIMO;38;anecoica;3;124;104;1237;15;15;0;14013;20.708;28.744;39.007;6.371
5G;TDD;15;MIMO;38;anecoica;3;122;103;1412;15;15;0;14009;20.627;27.120;39.890;6.977
5G;TDD;15;MIMO;38;anecoica;3;125;105;1097;15;15;0;14012;20.989;29.667;39.912;7.021
5G;TDD;15;MIMO;38;anecoica;3;122;103;1090;15;15;0;14010;21.024;28.881;39.526;5.716
5G;TDD;15;MIMO;38;anecoica;3;124;104;855;15;15;0;14012;20.991;31.488;40.385;6.877
5G;TDD;15;MIMO;38;rever;1;108;90.7;1433;15;15;0;14015;22.068;37.648;53.039;8.235
5G;TDD;15;MIMO;38;rever;1;108;90.7;832;15;15;0;14024;22.004;92.512;1.040.059;253.250
5G;TDD;15;MIMO;38;rever;1;108;90.4;1084;15;15;0;14006;20.947;25.798;39.951;5.747
5G;TDD;15;MIMO;38;rever;1;107;90.2;1153;15;15;0;14006;21.170;82.863;901.962;218.957
5G;TDD;15;MIMO;38;rever;1;107;89.8;850;15;15;0;14013;21.331;31.139;39.954;6.880
5G;TDD;15;MIMO;38;rever;1;108;90.2;795;15;15;0;14038;20.347;105.273;1.094.288;264.604
5G;TDD;15;MIMO;38;rever;1;108;90.9;1392;15;15;0;14014;20.893;30.571;39.678;6.575
5G;TDD;15;MIMO;38;rever;1;107;90.2;715;15;15;0;14014;20.894;29.357;39.002;6.510
5G;TDD;15;MIMO;38;rever;1;107;89.8;1139;15;15;0;14011;20.957;29.916;39.874;7.066
5G;TDD;15;MIMO;38;rever;1;108;90.5;876;15;15;0;14010;20.983;31.530;39.939;6.704
5G;TDD;15;MIMO;38;rever;1;107;89.8;1100;15;15;0;14016;20.938;29.682;39.572;6.163
5G;TDD;15;MIMO;38;rever;1;107;89.5;780;15;15;0;14006;20.411;28.246;40.119;8.157
5G;TDD;15;MIMO;38;rever;1;108;90.5;827;15;15;0;14005;21.005;23.283;25.731;1.746
5G;TDD;15;MIMO;38;rever;1;107;90.1;1015;15;15;0;14016;21.016;36.629;61.977;9.020
5G;TDD;15;MIMO;38;rever;1;108;90.8;1179;15;15;0;14022;23.849;94.759;1.043.538;253.581
5G;TDD;15;MIMO;38;rever;1;108;90.6;1450;15;15;0;14014;21.028;31.234;40.250;6.481
5G;TDD;15;MIMO;38;rever;1;107;89.9;1149;15;15;0;14016;21.025;30.719;39.777;6.036
5G;TDD;15;MIMO;38;rever;1;107;89.5;857;15;15;0;14015;20.241;31.707;39.053;5.551
5G;TDD;15;MIMO;38;rever;1;107;89.5;1117;15;15;0;14009;21.271;28.836;40.213;7.254
5G;TDD;15;MIMO;38;rever;1;107;90.1;758;15;15;0;14011;21.037;31.105;40.630;7.013
5G;TDD;15;MIMO;38;rever;2;125;105;1694;15;15;0;14008;21.733;31.507;40.078;7.805
5G;TDD;15;MIMO;38;rever;2;124;104;903;15;15;0;14009;21.015;29.789;40.128;7.329
5G;TDD;15;MIMO;38;rever;2;123;103;1045;15;15;0;14009;20.517;29.201;39.980;7.593
5G;TDD;15;MIMO;38;rever;2;124;104;2019;15;15;0;14001;24.002;89.152;985.559;239.575
5G;TDD;15;MIMO;38;rever;2;125;105;1706;15;15;0;14017;20.892;30.744;39.001;5.832
5G;TDD;15;MIMO;38;rever;2;125;104;1301;15;15;0;14014;21.009;32.047;40.000;6.275
5G;TDD;15;MIMO;38;rever;2;124;104;821;15;15;0;14017;21.416;30.797;39.987;5.927
5G;TDD;15;MIMO;38;rever;2;122;102;1043;15;15;0;14015;20.973;29.830;39.985;6.582
5G;TDD;15;MIMO;38;rever;2;124;104;1048;15;15;0;14010;21.703;28.688;39.995;6.735
5G;TDD;15;MIMO;38;rever;2;122;102;1000;15;15;0;14010;20.941;30.517;40.260;7.507
5G;TDD;15;MIMO;38;rever;2;122;103;1245;15;15;0;14016;20.979;31.224;40.006;5.906
5G;TDD;15;MIMO;38;rever;2;123;103;1065;15;15;0;14019;21.042;30.305;39.396;5.800
5G;TDD;15;MIMO;38;rever;2;124;104;816;15;15;0;14015;21.300;30.873;40.121;6.589
5G;TDD;15;MIMO;38;rever;2;123;103;1198;15;15;0;14008;21.012;29.005;40.022;6.888
5G;TDD;15;MIMO;38;rever;2;123;103;1314;15;15;0;14020;23.900;96.201;1.042.764;252.995
5G;TDD;15;MIMO;38;rever;2;124;104;1058;15;15;0;14014;21.470;30.001;39.893;6.577
5G;TDD;15;MIMO;38;rever;2;123;103;1384;15;15;0;14009;20.539;27.511;39.998;6.775
5G;TDD;15;MIMO;38;rever;2;124;104;1485;15;15;0;14010;20.343;28.893;39.230;7.168
5G;TDD;15;MIMO;38;rever;2;123;103;950;15;15;0;14001;24.967;25.450;26.511;0.529
5G;TDD;15;MIMO;38;rever;2;124;104;1403;15;15;0;14000;24.978;27.144;46.184;5.114
5G;TDD;15;MIMO;38;rever;3;124;104;1907;15;15;0;14012;20.461;30.855;40.112;7.186
5G;TDD;15;MIMO;38;rever;3;125;104;1185;15;15;0;14012;21.961;31.113;40.061;6.854
5G;TDD;15;MIMO;38;rever;3;123;103;1436;15;15;0;14013;20.891;30.364;39.817;6.376
5G;TDD;15;MIMO;38;rever;3;122;103;1906;15;15;0;14016;20.968;30.461;40.060;6.634
5G;TDD;15;MIMO;38;rever;3;123;104;1407;15;15;0;14015;21.607;29.759;39.911;6.467
5G;TDD;15;MIMO;38;rever;3;124;104;1057;15;15;0;14007;21.135;27.984;40.685;7.344
5G;TDD;15;MIMO;38;rever;3;123;103;1133;15;15;0;14013;22.016;33.433;40.080;4.770
5G;TDD;15;MIMO;38;rever;3;121;102;1133;15;15;0;14014;21.495;30.409;39.982;6.042
5G;TDD;15;MIMO;38;rever;3;123;103;1751;15;15;0;14010;21.006;27.617;40.069;6.665
5G;TDD;15;MIMO;38;rever;3;124;104;825;15;15;0;14014;21.023;31.144;40.244;6.580
5G;TDD;15;MIMO;38;rever;3;123;103;1220;15;15;0;14015;20.960;31.184;39.782;5.767
5G;TDD;15;MIMO;38;rever;3;124;104;1938;15;15;0;14038;21.305;95.915;1.060.973;257.956
5G;TDD;15;MIMO;38;rever;3;122;102;1377;15;15;0;14014;20.414;30.319;38.848;6.241
5G;TDD;15;MIMO;38;rever;3;124;104;1685;15;15;0;14026;20.347;92.749;1.037.986;252.666
5G;TDD;15;MIMO;38;rever;3;123;103;1750;15;15;0;14015;20.989;97.537;1.034.065;250.374
5G;TDD;15;MIMO;38;rever;3;122;102;1125;15;15;0;14013;21.879;30.952;40.144;6.573
5G;TDD;15;MIMO;38;rever;3;123;104;939;15;15;0;14007;20.975;28.043;40.017;7.038
5G;TDD;15;MIMO;38;rever;3;124;104;1487;15;15;0;14011;21.716;32.980;40.000;6.626
5G;TDD;15;MIMO;38;rever;3;123;103;818;15;15;0;14015;21.180;30.565;40.070;6.198
5G;TDD;15;MIMO;38;rever;3;122;102;1496;15;15;0;14014;21.005;30.396;40.011;6.783
5G;TDD;15;SISO;38;anecoica;1;67.3;56.5;1112;15;15;0;14011;20.954;89.768;935.142;226.026
5G;TDD;15;SISO;38;anecoica;1;67.7;56.8;1025;15;15;0;14012;20.428;29.606;39.829;6.812
5G;TDD;15;SISO;38;anecoica;1;67.3;56.5;1274;15;15;0;14014;20.330;29.208;39.015;6.782
5G;TDD;15;SISO;38;anecoica;1;67.7;56.8;1846;15;15;0;14009;20.990;29.204;40.017;7.170
5G;TDD;15;SISO;38;anecoica;1;67.3;56.4;1479;15;15;0;14014;20.996;31.234;39.998;6.590
5G;TDD;15;SISO;38;anecoica;1;67.5;56.6;877;15;15;0;14014;21.516;32.092;40.051;6.159
5G;TDD;15;SISO;38;anecoica;1;67.2;56.4;1555;15;15;0;14007;24.974;94.573;1.005.989;243.641
5G;TDD;15;SISO;38;anecoica;1;67.8;56.8;2283;15;15;0;14016;20.651;29.779;39.825;6.654
5G;TDD;15;SISO;38;anecoica;1;67.4;56.5;1670;15;15;0;14015;20.984;30.975;40.025;6.392
5G;TDD;15;SISO;38;anecoica;1;67.3;56.5;1687;15;15;0;14008;20.254;27.334;40.025;7.171
5G;TDD;15;SISO;38;anecoica;1;67.7;56.8;792;15;15;0;14012;20.589;29.142;38.957;6.676
5G;TDD;15;SISO;38;anecoica;1;67.5;56.6;1115;15;15;0;14011;20.628;27.764;39.488;6.812
5G;TDD;15;SISO;38;anecoica;1;67.6;56.7;1049;15;15;0;14015;21.614;31.959;40.212;6.094
5G;TDD;15;SISO;38;anecoica;1;67.7;56.8;885;15;15;0;14015;20.914;29.625;39.859;6.473
5G;TDD;15;SISO;38;anecoica;1;67.0;56.2;1104;15;15;0;14011;20.941;30.913;39.307;6.980
5G;TDD;15;SISO;38;anecoica;1;67.0;56.2;1072;15;15;0;14013;21.684;29.935;40.032;7.201
5G;TDD;15;SISO;38;anecoica;1;68.0;57.0;1168;15;15;0;14016;21.008;30.450;39.079;5.669
5G;TDD;15;SISO;38;anecoica;1;67.6;56.7;1178;15;15;0;14013;20.950;97.401;1.023.049;247.470
5G;TDD;15;SISO;38;anecoica;1;67.3;56.4;1211;15;15;0;14016;21.956;30.900;40.085;5.830
5G;TDD;15;SISO;38;anecoica;1;67.7;56.7;1233;15;15;0;14011;20.986;29.586;39.972;7.515
5G;TDD;15;SISO;38;anecoica;2;66.7;55.9;1268;15;15;0;14014;21.280;33.775;40.006;5.110
5G;TDD;15;SISO;38;anecoica;2;67.0;56.2;1014;15;15;0;14011;29.049;33.962;40.192;3.509
5G;TDD;15;SISO;38;anecoica;2;67.1;56.2;987;15;15;0;14019;21.132;30.288;40.091;5.846
5G;TDD;15;SISO;38;anecoica;2;67.0;56.2;992;15;15;0;14013;21.452;32.964;39.972;4.838
5G;TDD;15;SISO;38;anecoica;2;67.1;56.3;1303;15;15;0;14013;20.968;30.513;40.000;6.839
5G;TDD;15;SISO;38;anecoica;2;66.0;55.4;1398;15;15;0;14014;21.436;33.892;39.989;5.105
5G;TDD;15;SISO;38;anecoica;2;66.7;55.9;784;15;15;0;14010;21.459;34.312;39.966;4.377
5G;TDD;15;SISO;38;anecoica;2;67.2;56.3;952;15;15;0;14005;20.829;103.809;1.037.085;249.469
5G;TDD;15;SISO;38;anecoica;2;67.6;56.7;1697;15;15;0;14014;21.098;32.767;39.897;4.674
5G;TDD;15;SISO;38;anecoica;2;67.6;56.7;1370;15;15;0;14014;21.581;32.845;39.997;4.998
5G;TDD;15;SISO;38;anecoica;2;67.0;56.2;1010;15;15;0;14009;20.897;34.494;39.743;4.162
5G;TDD;15;SISO;38;anecoica;2;67.0;56.2;940;15;15;0;14014;21.140;32.097;39.938;5.096
5G;TDD;15;SISO;38;anecoica;2;66.2;55.5;1614;15;15;0;14011;21.771;35.521;40.035;4.407
5G;TDD;15;SISO;38;anecoica;2;67.1;56.3;1080;15;15;0;14014;21.467;32.597;40.007;5.106
5G;TDD;15;SISO;38;anecoica;2;66.9;56.1;872;15;15;0;14016;21.107;31.476;40.011;6.249
5G;TDD;15;SISO;38;anecoica;2;67.4;56.6;1236;15;15;0;14010;20.612;34.462;39.938;5.980
5G;TDD;15;SISO;38;anecoica;2;66.3;55.6;816;15;15;0;14009;20.890;33.428;38.980;5.248
5G;TDD;15;SISO;38;anecoica;2;66.3;55.6;1110;15;15;0;14012;20.973;34.427;40.972;5.088
5G;TDD;15;SISO;38;anecoica;2;66.6;55.8;928;15;15;0;14000;25.944;26.420;27.123;0.471
5G;TDD;15;SISO;38;anecoica;2;66.8;56.0;1139;15;15;0;14018;20.486;30.502;39.040;5.843
5G;TDD;15;SISO;38;anecoica;3;68.0;57.1;1175;15;15;0;14003;22.993;24.715;26.099;0.878
5G;TDD;15;SISO;38;anecoica;3;67.2;56.4;1070;15;15;0;14013;21.528;28.971;40.058;6.456
5G;TDD;15;SISO;38;anecoica;3;67.3;56.4;1124;15;15;0;14011;20.963;31.572;40.553;7.110
5G;TDD;15;SISO;38;anecoica;3;67.5;56.6;1218;15;15;0;14016;21.084;31.175;39.895;5.907
5G;TDD;15;SISO;38;anecoica;3;67.6;56.7;1232;15;15;0;14009;20.546;28.562;39.902;7.224
5G;TDD;15;SISO;38;anecoica;3;67.6;56.7;1482;15;15;0;14010;21.768;31.743;39.959;7.211
5G;TDD;15;SISO;38;anecoica;3;67.1;56.3;1966;15;15;0;14014;20.896;30.080;39.662;6.700
5G;TDD;15;SISO;38;anecoica;3;67.6;56.7;1036;15;15;0;14008;20.324;27.400;39.844;6.891
5G;TDD;15;SISO;38;anecoica;3;66.7;56.0;1200;15;15;0;14014;20.906;31.824;39.003;5.971
5G;TDD;15;SISO;38;anecoica;3;67.5;56.6;1443;15;15;0;14014;21.567;29.876;39.720;6.019
5G;TDD;15;SISO;38;anecoica;3;67.5;56.6;1167;15;15;0;14010;20.969;31.418;40.188;7.788
5G;TDD;15;SISO;38;anecoica;3;67.8;56.9;1291;15;15;0;14018;20.433;29.845;38.980;5.818
5G;TDD;15;SISO;38;anecoica;3;67.5;56.6;1200;15;15;0;14031;20.986;97.205;1.061.117;257.689
5G;TDD;15;SISO;38;anecoica;3;67.7;56.8;1592;15;15;0;14014;21.960;32.176;40.155;6.144
5G;TDD;15;SISO;38;anecoica;3;67.6;56.7;1460;15;15;0;14010;20.985;28.033;39.912;6.111
5G;TDD;15;SISO;38;anecoica;3;67.2;56.4;1462;15;15;0;14015;20.968;31.328;39.923;6.129
5G;TDD;15;SISO;38;anecoica;3;67.4;56.5;1369;15;15;0;14013;21.918;29.895;40.068;6.063
5G;TDD;15;SISO;38;anecoica;3;67.6;56.7;1774;15;15;0;14011;21.683;31.049;40.097;7.002
5G;TDD;15;SISO;38;anecoica;3;67.3;56.4;2002;15;15;0;14012;21.023;30.499;40.009;6.949
5G;TDD;15;SISO;38;anecoica;3;67.7;56.8;1539;15;15;0;14013;20.673;29.160;38.978;6.945
5G;TDD;15;SISO;38;rever;1;67.4;56.5;1277;15;15;0;14015;18.859;33.154;42.014;6.885
5G;TDD;15;SISO;38;rever;1;66.9;56.1;1023;15;15;0;14016;20.890;30.115;39.522;5.955
5G;TDD;15;SISO;38;rever;1;67.8;56.9;1040;15;15;0;14009;20.925;34.302;39.003;5.320
5G;TDD;15;SISO;38;rever;1;66.9;56.1;1107;15;15;0;14007;20.763;26.251;39.582;6.710
5G;TDD;15;SISO;38;rever;1;67.2;56.3;1720;15;15;0;14015;21.029;29.996;40.009;6.306
5G;TDD;15;SISO;38;rever;1;67.2;56.3;973;15;15;0;14011;21.525;32.137;40.464;6.964
5G;TDD;15;SISO;38;rever;1;67.4;56.5;1239;15;15;0;14015;20.593;30.865;39.025;5.368
5G;TDD;15;SISO;38;rever;1;67.2;56.4;1319;15;15;0;14023;20.607;168.966;1.039.017;340.571
5G;TDD;15;SISO;38;rever;1;67.4;56.6;1323;15;15;0;14017;21.022;30.912;39.970;5.888
5G;TDD;15;SISO;38;rever;1;67.5;56.6;977;15;15;0;14015;20.739;32.192;39.965;6.106
5G;TDD;15;SISO;38;rever;1;67.5;56.6;971;15;15;0;14012;21.138;34.047;40.240;4.807
5G;TDD;15;SISO;38;rever;1;67.8;56.9;1142;15;15;0;14009;20.384;29.158;40.014;7.580
5G;TDD;15;SISO;38;rever;1;67.2;56.4;702;15;15;0;14015;21.961;30.415;40.003;5.925
5G;TDD;15;SISO;38;rever;1;67.5;56.6;1101;15;15;0;14012;21.803;100.041;1.030.818;248.797
5G;TDD;15;SISO;38;rever;1;67.6;56.7;1133;15;15;0;14016;20.929;30.588;38.966;4.957
5G;TDD;15;SISO;38;rever;1;67.7;56.8;1833;15;15;0;14013;20.335;33.134;39.888;5.903
5G;TDD;15;SISO;38;rever;1;67.5;56.6;988;15;15;0;14010;20.627;33.924;40.280;5.689
5G;TDD;15;SISO;38;rever;1;67.3;56.5;1893;15;15;0;14012;20.903;28.681;39.656;6.285
5G;TDD;15;SISO;38;rever;1;67.6;56.7;1530;15;15;0;14028;20.465;95.755;1.038.018;251.950
5G;TDD;15;SISO;38;rever;1;67.3;56.4;1362;15;15;0;14015;21.216;31.589;39.968;5.152
5G;TDD;15;SISO;38;rever;2;67.4;56.5;1288;15;15;0;14009;20.773;28.416;37.858;4.996
5G;TDD;15;SISO;38;rever;2;67.9;56.9;1129;15;15;0;14010;20.956;30.176;39.231;7.695
5G;TDD;15;SISO;38;rever;2;67.4;56.6;1319;15;15;0;14016;21.603;30.451;39.834;6.144
5G;TDD;15;SISO;38;rever;2;67.5;56.6;1257;15;15;0;14011;20.917;32.824;39.684;6.578
5G;TDD;15;SISO;38;rever;2;67.7;56.8;1637;15;15;0;14015;20.726;30.657;39.016;6.133
5G;TDD;15;SISO;38;rever;2;67.8;56.9;1070;15;15;0;14015;21.027;31.600;40.000;6.328
5G;TDD;15;SISO;38;rever;2;67.6;56.7;1384;15;15;0;14011;20.484;27.838;39.155;6.731
5G;TDD;15;SISO;38;rever;2;67.8;56.9;2219;15;15;0;14035;20.998;96.366;1.061.085;257.858
5G;TDD;15;SISO;38;rever;2;67.5;56.7;1560;15;15;0;14048;21.030;96.681;1.062.116;258.078
5G;TDD;15;SISO;38;rever;2;67.9;56.9;921;15;15;0;14014;22.071;30.304;40.294;6.158
5G;TDD;15;SISO;38;rever;2;67.4;56.5;1113;15;15;0;14011;21.149;30.234;39.944;7.207
5G;TDD;15;SISO;38;rever;2;67.4;56.5;1953;15;15;0;14010;20.980;31.057;40.173;7.783
5G;TDD;15;SISO;38;rever;2;67.2;56.3;1504;15;15;0;14009;20.284;27.612;38.930;6.906
5G;TDD;15;SISO;38;rever;2;67.3;56.5;1003;15;15;0;14012;21.031;32.585;39.881;6.589
5G;TDD;15;SISO;38;rever;2;67.7;56.7;1197;15;15;0;14014;21.007;30.205;40.030;7.000
5G;TDD;15;SISO;38;rever;2;67.3;56.5;1194;15;15;0;14014;20.655;30.524;39.043;6.816
5G;TDD;15;SISO;38;rever;2;67.7;56.8;1119;15;15;0;14012;20.982;31.701;39.983;7.142
5G;TDD;15;SISO;38;rever;2;67.3;56.5;1357;15;15;0;14014;20.413;30.063;39.025;6.663
5G;TDD;15;SISO;38;rever;2;67.6;56.7;1314;15;15;0;14015;21.863;30.894;40.010;6.152
5G;TDD;15;SISO;38;rever;2;67.4;56.5;1129;15;15;0;14012;20.360;28.894;40.010;7.270
5G;TDD;15;SISO;38;rever;3;67.4;56.5;986;15;15;0;14012;21.946;30.858;39.994;6.855
5G;TDD;15;SISO;38;rever;3;67.5;56.6;1103;15;15;0;14017;20.874;30.304;39.503;5.889
5G;TDD;15;SISO;38;rever;3;66.9;56.1;1827;15;15;0;14011;21.077;29.165;39.936;6.514
5G;TDD;15;SISO;38;rever;3;67.3;56.5;1081;15;15;0;14008;20.937;58.783;498.904;117.794
5G;TDD;15;SISO;38;rever;3;67.6;56.7;1235;15;15;0;14046;20.789;96.968;1.054.044;255.888
5G;TDD;15;SISO;38;rever;3;67.4;56.5;1580;15;15;0;14010;20.554;29.179;39.420;7.293
5G;TDD;15;SISO;38;rever;3;67.4;56.6;1020;15;15;0;14018;20.391;30.569;39.626;6.063
5G;TDD;15;SISO;38;rever;3;67.3;56.4;837;15;15;0;14011;20.929;95.696;1.026.859;248.961
5G;TDD;15;SISO;38;rever;3;67.4;56.5;888;15;15;0;14007;20.259;27.450;39.679;7.257
5G;TDD;15;SISO;38;rever;3;67.6;56.7;1155;15;15;0;14013;21.013;29.658;40.000;6.575
5G;TDD;15;SISO;38;rever;3;67.2;56.3;869;15;15;0;14013;21.701;32.383;38.978;4.959
5G;TDD;15;SISO;38;rever;3;67.7;56.8;1085;15;15;0;14012;20.975;28.714;39.967;6.751
5G;TDD;15;SISO;38;rever;3;67.2;56.4;1044;15;15;0;14015;20.940;30.332;38.982;5.638
5G;TDD;15;SISO;38;rever;3;67.3;56.5;1112;15;15;0;14035;25.965;168.882;1.046.475;343.949
5G;TDD;15;SISO;38;rever;3;67.8;56.8;1494;15;15;0;14010;20.847;29.210;40.085;7.375
5G;TDD;15;SISO;38;rever;3;67.6;56.7;1347;15;15;0;14011;21.015;33.809;39.991;7.103
5G;TDD;15;SISO;38;rever;3;67.2;56.3;1046;15;15;0;14007;20.983;27.515;39.987;6.280
5G;TDD;15;SISO;38;rever;3;67.2;56.4;1423;15;15;0;14014;20.956;31.141;39.901;6.420
5G;TDD;15;SISO;38;rever;3;67.4;56.5;1508;15;15;0;14017;21.006;31.080;39.105;5.759
5G;TDD;15;SISO;38;rever;3;67.8;56.8;991;15;15;0;14012;21.722;31.427;40.143;7.354
5G;TDD;20;MIMO;38;anecoica;1;165;139;2205;15;15;0;14015;21.491;30.696;39.953;6.156
5G;TDD;20;MIMO;38;anecoica;1;164;138;1090;15;15;0;14029;20.356;94.545;1.039.400;252.615
5G;TDD;20;MIMO;38;anecoica;1;166;139;1231;15;15;0;14020;20.878;133.157;1.037.446;253.904
5G;TDD;20;MIMO;38;anecoica;1;163;137;1541;15;15;0;14025;21.017;181.550;1.361.594;403.954
5G;TDD;20;MIMO;38;anecoica;1;165;139;1127;15;15;0;14010;20.926;28.716;39.960;7.003
5G;TDD;20;MIMO;38;anecoica;1;167;140;1560;15;15;0;14033;20.751;97.592;1.057.529;256.649
5G;TDD;20;MIMO;38;anecoica;1;166;139;1325;15;15;0;14029;21.000;100.870;1.053.096;254.562
5G;TDD;20;MIMO;38;anecoica;1;164;137;988;15;15;0;14008;20.997;24.899;39.925;5.845
5G;TDD;20;MIMO;38;anecoica;1;165;139;1614;15;15;0;14010;21.888;31.601;40.185;7.559
5G;TDD;20;MIMO;38;anecoica;1;166;139;1441;15;15;0;14030;20.932;163.754;1.058.780;346.709
5G;TDD;20;MIMO;38;anecoica;1;163;137;851;15;15;0;14008;21.263;29.469;41.012;7.857
5G;TDD;20;MIMO;38;anecoica;1;165;139;1173;15;15;0;14002;23.936;25.355;26.540;0.850
5G;TDD;20;MIMO;38;anecoica;1;164;137;1086;15;15;0;14005;20.850;26.932;40.110;6.749
5G;TDD;20;MIMO;38;anecoica;1;164;138;1673;15;15;0;14017;25.676;99.985;1.043.936;252.296
5G;TDD;20;MIMO;38;anecoica;1;166;139;1293;15;15;0;14015;20.557;97.199;1.021.996;247.228
5G;TDD;20;MIMO;38;anecoica;1;165;139;1239;15;15;0;14023;21.964;97.224;1.028.012;248.835
5G;TDD;20;MIMO;38;anecoica;1;166;139;1008;15;15;0;14009;21.014;99.637;1.038.018;250.890
5G;TDD;20;MIMO;38;anecoica;1;165;138;1165;15;15;0;14012;20.915;29.600;38.948;6.843
5G;TDD;20;MIMO;38;anecoica;1;166;139;1126;15;15;0;14014;20.842;31.047;39.929;6.650
5G;TDD;20;MIMO;38;anecoica;1;164;137;1077;15;15;0;14015;20.975;97.463;1.023.948;247.681
5G;TDD;20;MIMO;38;anecoica;2;163;136;1465;15;15;0;14010;21.944;185.571;619.505;253.829
5G;TDD;20;MIMO;38;anecoica;2;165;139;1125;15;15;0;14014;20.480;97.653;1.025.033;247.933
5G;TDD;20;MIMO;38;anecoica;2;166;139;1428;15;15;0;14013;23.815;340.386;1.041.044;443.608
5G;TDD;20;MIMO;38;anecoica;2;165;139;1118;15;15;0;14008;20.987;36.463;49.908;9.604
5G;TDD;20;MIMO;38;anecoica;2;166;139;1367;15;15;0;14020;23.994;163.031;1.043.126;342.441
5G;TDD;20;MIMO;38;anecoica;2;165;138;949;15;15;0;14009;21.055;31.466;40.049;7.673
5G;TDD;20;MIMO;38;anecoica;2;166;139;1216;15;15;0;14017;21.024;30.397;39.455;5.683
5G;TDD;20;MIMO;38;anecoica;2;162;136;879;15;15;0;14017;20.913;96.239;1.023.069;247.765
5G;TDD;20;MIMO;38;anecoica;2;165;139;863;15;15;0;14012;21.011;30.171;40.066;6.652
5G;TDD;20;MIMO;38;anecoica;2;166;139;2643;15;15;0;14008;21.079;29.318;39.951;7.278
5G;TDD;20;MIMO;38;anecoica;2;165;139;973;15;15;0;14010;20.891;31.931;39.906;7.580
5G;TDD;20;MIMO;38;anecoica;2;165;138;1104;15;15;0;14015;20.915;29.344;39.022;6.032
5G;TDD;20;MIMO;38;anecoica;2;165;139;813;15;15;0;14026;20.994;161.420;1.038.052;341.591
5G;TDD;20;MIMO;38;anecoica;2;166;139;1926;15;15;0;14010;20.995;163.876;1.041.898;343.882
5G;TDD;20;MIMO;38;anecoica;2;165;138;1294;15;15;0;14016;26.134;232.631;1.044.924;401.160
5G;TDD;20;MIMO;38;anecoica;2;166;139;685;15;15;0;14042;20.864;94.327;1.058.925;257.809
5G;TDD;20;MIMO;38;anecoica;2;164;137;973;15;15;0;14018;20.941;30.404;38.949;5.504
5G;TDD;20;MIMO;38;anecoica;2;165;139;836;15;15;0;14011;21.783;52.592;378.318;87.299
5G;TDD;20;MIMO;38;anecoica;2;163;137;1167;15;15;0;14011;20.997;30.496;40.070;7.573
5G;TDD;20;MIMO;38;anecoica;2;165;139;721;15;15;0;14009;20.728;27.098;39.910;7.129
5G;TDD;20;MIMO;38;anecoica;3;166;139;1635;15;15;0;14028;20.962;96.322;1.039.282;252.411
5G;TDD;20;MIMO;38;anecoica;3;165;139;1613;15;15;0;14011;20.873;29.609;39.685;7.421
5G;TDD;20;MIMO;38;anecoica;3;166;139;1314;15;15;0;14009;20.213;29.999;39.907;7.589
5G;TDD;20;MIMO;38;anecoica;3;164;138;1099;15;15;0;14032;23.725;190.651;1.063.102;338.415
5G;TDD;20;MIMO;38;anecoica;3;165;139;1873;15;15;0;14012;21.014;30.641;39.980;7.491
5G;TDD;20;MIMO;38;anecoica;3;165;138;1052;15;15;0;14007;21.006;29.852;39.909;7.790
5G;TDD;20;MIMO;38;anecoica;3;166;139;1293;15;15;0;14016;21.079;30.573;39.912;6.171
5G;TDD;20;MIMO;38;anecoica;3;164;138;1290;15;15;0;14024;20.978;227.123;1.039.095;401.980
5G;TDD;20;MIMO;38;anecoica;3;166;140;1328;15;15;0;14014;20.882;96.116;1.024.008;248.068
5G;TDD;20;MIMO;38;anecoica;3;165;138;876;15;15;0;14011;20.918;32.553;40.091;6.503
5G;TDD;20;MIMO;38;anecoica;3;165;138;1551;15;15;0;14013;21.212;164.581;1.039.038;339.694
5G;TDD;20;MIMO;38;anecoica;3;165;138;1053;15;15;0;14015;21.044;31.698;40.011;6.640
5G;TDD;20;MIMO;38;anecoica;3;166;140;1402;15;15;0;14012;21.946;30.229;39.943;6.645
5G;TDD;20;MIMO;38;anecoica;3;165;138;804;15;15;0;14030;20.931;97.125;1.056.901;256.615
5G;TDD;20;MIMO;38;anecoica;3;166;140;1963;15;15;0;14010;21.717;30.150;40.153;6.437
5G;TDD;20;MIMO;38;anecoica;3;164;138;1461;15;15;0;14016;21.946;99.722;1.037.645;250.768
5G;TDD;20;MIMO;38;anecoica;3;165;138;878;15;15;0;14016;21.909;95.796;1.042.056;252.930
5G;TDD;20;MIMO;38;anecoica;3;162;136;1550;15;15;0;14030;21.797;164.022;1.043.989;341.175
5G;TDD;20;MIMO;38;anecoica;3;165;139;1638;15;15;0;14021;20.978;227.433;1.039.103;400.565
5G;TDD;20;MIMO;38;anecoica;3;167;140;1988;15;15;0;14013;20.945;31.337;39.848;6.260
5G;TDD;20;MIMO;38;rever;1;129;108;1606;15;15;0;14017;21.856;31.447;39.953;5.969
5G;TDD;20;MIMO;38;rever;1;132;110;1111;15;15;0;14024;21.966;228.849;1.041.929;401.310
5G;TDD;20;MIMO;38;rever;1;128;108;789;15;15;0;14031;21.561;101.341;1.045.103;252.371
5G;TDD;20;MIMO;38;rever;1;133;112;681;15;15;0;14012;21.019;34.959;49.921;9.119
5G;TDD;20;MIMO;38;rever;1;134;112;960;15;15;0;14012;20.334;30.963;39.405;6.600
5G;TDD;20;MIMO;38;rever;1;132;110;944;15;15;0;14015;20.830;97.359;1.033.980;250.405
5G;TDD;20;MIMO;38;rever;1;130;109;980;15;15;0;14007;20.477;24.917;38.984;4.175
5G;TDD;20;MIMO;38;rever;1;133;111;1182;15;14;6;14040;23.039;175.422;1.063.036;356.613
5G;TDD;20;MIMO;38;rever;1;131;110;1271;15;15;0;14060;21.142;231.937;1.053.952;404.587
5G;TDD;20;MIMO;38;rever;1;132;111;1326;15;15;0;14008;20.271;69.000;641.915;153.270
5G;TDD;20;MIMO;38;rever;1;131;110;1031;15;15;0;14016;21.607;31.569;39.967;6.150
5G;TDD;20;MIMO;38;rever;1;131;110;1041;15;15;0;14016;21.047;30.584;39.967;6.237
5G;TDD;20;MIMO;38;rever;1;131;110;1122;15;15;0;14011;20.655;29.382;39.970;7.756
5G;TDD;20;MIMO;38;rever;1;131;110;915;15;15;0;14005;20.790;25.193;40.034;6.012
5G;TDD;20;MIMO;38;rever;1;132;110;918;15;14;6;14011;20.981;29.492;39.792;7.169
5G;TDD;20;MIMO;38;rever;1;131;110;1202;15;15;0;14014;20.977;31.635;39.620;6.111
5G;TDD;20;MIMO;38;rever;1;133;112;1630;15;15;0;14014;21.044;29.917;39.882;6.247
5G;TDD;20;MIMO;38;rever;1;133;111;1207;15;15;0;14011;20.932;26.840;39.023;6.406
5G;TDD;20;MIMO;38;rever;1;132;111;1073;15;15;0;14020;21.007;160.679;1.039.842;341.968
5G;TDD;20;MIMO;38;rever;1;132;111;802;15;15;0;14008;20.899;28.606;40.351;7.883
5G;TDD;20;MIMO;38;rever;2;165;138;992;15;15;0;14014;21.780;55.281;391.221;89.994
5G;TDD;20;MIMO;38;rever;2;165;138;1542;15;15;0;14010;21.419;83.977;825.361;198.277
5G;TDD;20;MIMO;38;rever;2;166;139;1439;15;15;0;14014;21.779;40.841;112.008;25.865
5G;TDD;20;MIMO;38;rever;2;164;138;710;15;15;0;14018;20.918;32.893;66.183;10.546
5G;TDD;20;MIMO;38;rever;2;165;139;760;15;15;0;14011;21.748;31.198;40.017;7.080
5G;TDD;20;MIMO;38;rever;2;165;138;885;15;15;0;14015;20.966;31.663;40.093;6.095
5G;TDD;20;MIMO;38;rever;2;164;137;550;15;15;0;14014;20.995;29.311;39.998;7.032
5G;TDD;20;MIMO;38;rever;2;165;138;768;15;15;0;14019;24.979;96.834;1.045.739;253.629
5G;TDD;20;MIMO;38;rever;2;166;139;661;15;15;0;14010;21.410;30.545;39.982;7.315
5G;TDD;20;MIMO;38;rever;2;164;138;1023;15;15;0;14018;21.506;31.155;40.052;5.736
5G;TDD;20;MIMO;38;rever;2;164;137;545;15;14;6;14013;20.852;30.531;38.985;6.524
5G;TDD;20;MIMO;38;rever;2;167;140;1730;15;15;0;14016;20.949;30.620;39.142;6.331
5G;TDD;20;MIMO;38;rever;2;166;139;1628;15;15;0;14031;20.945;97.198;1.043.842;253.097
5G;TDD;20;MIMO;38;rever;2;165;138;985;15;15;0;14013;20.331;29.151;38.979;6.840
5G;TDD;20;MIMO;38;rever;2;166;139;1153;15;15;0;14029;21.383;164.246;1.045.079;342.802
5G;TDD;20;MIMO;38;rever;2;164;138;1122;15;15;0;14015;20.746;30.599;39.436;5.858
5G;TDD;20;MIMO;38;rever;2;166;140;1518;15;15;0;14013;21.033;30.390;39.988;6.824
5G;TDD;20;MIMO;38;rever;2;167;140;1643;15;15;0;14009;20.961;27.667;40.177;7.075
5G;TDD;20;MIMO;38;rever;2;165;139;1312;15;15;0;14015;20.941;96.632;1.031.979;250.049
5G;TDD;20;MIMO;38;rever;2;164;138;859;15;15;0;14013;20.727;94.710;1.038.070;252.197
5G;TDD;20;MIMO;38;rever;3;166;139;1924;15;15;0;14010;21.214;31.475;40.162;7.891
5G;TDD;20;MIMO;38;rever;3;165;139;973;15;15;0;14027;20.991;120.877;1.043.900;264.089
5G;TDD;20;MIMO;38;rever;3;166;139;1928;15;15;0;14008;20.652;26.738;40.008;6.334
5G;TDD;20;MIMO;38;rever;3;165;138;1083;15;15;0;14058;23.707;591.449;1.328.221;478.623
5G;TDD;20;MIMO;38;rever;3;166;139;1677;15;15;0;14010;20.897;26.659;38.951;5.712
5G;TDD;20;MIMO;38;rever;3;165;138;1252;15;15;0;14012;21.004;31.791;40.056;6.726
5G;TDD;20;MIMO;38;rever;3;167;140;1261;15;15;0;14043;20.955;186.948;1.051.756;338.824
5G;TDD;20;MIMO;38;rever;3;167;140;2347;15;15;0;14018;21.183;97.535;1.035.538;250.770
5G;TDD;20;MIMO;38;rever;3;167;140;1788;15;15;0;14016;21.721;31.329;40.068;5.990
5G;TDD;20;MIMO;38;rever;3;166;140;2072;15;15;0;14010;18.745;28.032;40.048;7.506
5G;TDD;20;MIMO;38;rever;3;165;138;755;15;15;0;14009;20.908;28.233;39.435;7.224
5G;TDD;20;MIMO;38;rever;3;166;139;1082;15;14;6;14003;22.835;24.373;26.417;1.402
5G;TDD;20;MIMO;38;rever;3;166;140;1450;15;15;0;14010;20.625;29.034;39.268;6.846
5G;TDD;20;MIMO;38;rever;3;165;139;1512;15;14;6;14014;20.888;31.463;40.050;6.901
5G;TDD;20;MIMO;38;rever;3;167;140;1547;15;15;0;14015;21.092;30.978;40.028;6.349
5G;TDD;20;MIMO;38;rever;3;165;138;897;15;15;0;14014;21.595;31.255;39.989;6.524
5G;TDD;20;MIMO;38;rever;3;166;139;1553;15;15;0;14014;20.930;29.984;39.939;6.199
5G;TDD;20;MIMO;38;rever;3;166;140;1238;15;15;0;14007;23.034;361.096;1.024.850;462.138
5G;TDD;20;MIMO;38;rever;3;166;139;1767;15;15;0;14010;21.465;30.276;39.967;7.279
5G;TDD;20;MIMO;38;rever;3;164;137;914;15;15;0;14010;21.080;31.596;39.995;6.972
5G;TDD;20;SISO;38;anecoica;1;87.8;73.7;1386;15;15;0;14010;20.932;29.348;40.054;7.510
5G;TDD;20;SISO;38;anecoica;1;87.6;73.5;1655;15;15;0;14012;20.762;31.007;39.027;6.185
5G;TDD;20;SISO;38;anecoica;1;87.6;73.5;737;15;15;0;14013;19.454;29.331;39.967;7.111
5G;TDD;20;SISO;38;anecoica;1;87.2;73.2;999;15;15;0;14014;21.774;30.663;40.009;6.512
5G;TDD;20;SISO;38;anecoica;1;88.1;73.9;1774;15;15;0;14015;21.927;31.484;40.034;6.345
5G;TDD;20;SISO;38;anecoica;1;87.8;73.6;936;15;15;0;14009;20.560;28.634;39.844;7.167
5G;TDD;20;SISO;38;anecoica;1;87.9;73.7;1005;15;15;0;14013;21.028;31.037;39.936;6.247
5G;TDD;20;SISO;38;anecoica;1;88.1;73.9;1326;15;15;0;14016;20.943;29.829;39.924;6.151
5G;TDD;20;SISO;38;anecoica;1;87.7;73.6;816;15;15;0;14011;20.961;31.919;39.994;7.067
5G;TDD;20;SISO;38;anecoica;1;87.5;73.4;1349;15;15;0;14003;22.385;23.970;26.213;1.257
5G;TDD;20;SISO;38;anecoica;1;88.1;73.9;1005;15;15;0;14015;21.055;31.078;40.084;6.226
5G;TDD;20;SISO;38;anecoica;1;87.9;73.7;1770;15;15;0;14009;20.927;28.531;40.074;7.103
5G;TDD;20;SISO;38;anecoica;1;88.0;73.8;1029;15;15;0;14015;21.628;31.670;40.062;6.121
5G;TDD;20;SISO;38;anecoica;1;88.1;73.9;927;15;15;0;14045;22.022;98.943;1.066.805;258.708
5G;TDD;20;SISO;38;anecoica;1;87.9;73.7;1603;15;15;0;14008;20.939;96.658;1.038.977;251.952
5G;TDD;20;SISO;38;anecoica;1;87.9;73.7;1098;15;15;0;14012;21.591;31.213;40.235;7.117
5G;TDD;20;SISO;38;anecoica;1;87.6;73.5;696;15;15;0;14040;21.321;161.171;1.061.237;346.981
5G;TDD;20;SISO;38;anecoica;1;87.3;73.2;901;15;15;0;14012;20.729;30.361;39.025;6.965
5G;TDD;20;SISO;38;anecoica;1;87.9;73.7;1014;15;15;0;14016;20.438;30.305;39.045;6.312
5G;TDD;20;SISO;38;anecoica;1;87.5;73.4;554;15;15;0;14014;21.290;30.910;39.947;6.149
5G;TDD;20;SISO;38;anecoica;2;87.6;73.5;940;15;15;0;14014;21.582;30.937;39.983;6.213
5G;TDD;20;SISO;38;anecoica;2;87.8;73.7;921;15;15;0;14011;20.598;28.767;38.990;6.953
5G;TDD;20;SISO;38;anecoica;2;87.6;73.5;983;15;15;0;14012;20.918;35.610;48.991;11.208
5G;TDD;20;SISO;38;anecoica;2;87.7;73.6;1352;15;15;0;14005;21.984;24.625;26.711;1.419
5G;TDD;20;SISO;38;anecoica;2;87.9;73.7;1779;15;15;0;14013;21.777;30.798;39.961;5.927
5G;TDD;20;SISO;38;anecoica;2;87.8;73.7;961;15;15;0;14012;20.939;30.468;39.931;7.017
5G;TDD;20;SISO;38;anecoica;2;87.9;73.7;1767;15;15;0;14015;21.555;31.637;39.976;6.207
5G;TDD;20;SISO;38;anecoica;2;87.7;73.6;598;15;15;0;14015;20.972;30.143;40.072;6.266
5G;TDD;20;SISO;38;anecoica;2;87.9;73.7;873;15;15;0;14009;20.913;27.713;39.046;6.431
5G;TDD;20;SISO;38;anecoica;2;87.8;73.6;1056;15;15;0;14010;21.105;30.475;40.310;7.634
5G;TDD;20;SISO;38;anecoica;2;87.0;73.0;1242;15;15;0;14013;20.678;30.888;39.409;6.428
5G;TDD;20;SISO;38;anecoica;2;87.9;73.7;1151;15;15;0;14010;20.960;30.212;40.021;7.625
5G;TDD;20;SISO;38;anecoica;2;87.9;73.8;856;15;15;0;14018;22.055;97.668;1.024.997;247.904
5G;TDD;20;SISO;38;anecoica;2;87.7;73.5;1070;15;15;0;14013;21.000;32.160;40.018;6.587
5G;TDD;20;SISO;38;anecoica;2;87.7;73.6;728;15;15;0;14012;20.851;30.084;39.993;7.373
5G;TDD;20;SISO;38;anecoica;2;87.6;73.5;1217;15;15;0;14011;20.931;31.035;40.297;7.342
5G;TDD;20;SISO;38;anecoica;2;87.8;73.7;751;15;15;0;14014;20.477;29.856;40.025;6.909
5G;TDD;20;SISO;38;anecoica;2;87.9;73.7;1198;15;15;0;14008;20.976;27.975;40.021;6.755
5G;TDD;20;SISO;38;anecoica;2;87.3;73.2;1387;15;15;0;14004;22.305;24.488;26.759;1.342
5G;TDD;20;SISO;38;anecoica;2;87.8;73.6;1198;15;15;0;14015;20.998;30.093;39.950;6.322
5G;TDD;20;SISO;38;anecoica;3;87.9;73.8;989;15;15;0;14016;20.971;31.073;40.147;6.134
5G;TDD;20;SISO;38;anecoica;3;87.9;73.8;1284;15;15;0;14011;20.953;34.405;46.824;7.366
5G;TDD;20;SISO;38;anecoica;3;87.8;73.6;1028;15;15;0;14015;21.008;31.260;39.947;5.774
5G;TDD;20;SISO;38;anecoica;3;88.1;73.9;1038;15;15;0;14027;20.764;95.629;1.045.940;254.019
5G;TDD;20;SISO;38;anecoica;3;87.7;73.6;954;15;15;0;14013;20.920;29.872;39.972;6.755
5G;TDD;20;SISO;38;anecoica;3;88.0;73.8;1783;15;15;0;14009;21.907;30.352;40.080;7.009
5G;TDD;20;SISO;38;anecoica;3;87.9;73.7;1117;15;15;0;14015;20.294;29.806;39.052;6.299
5G;TDD;20;SISO;38;anecoica;3;87.4;73.3;1055;15;15;0;14015;20.836;29.758;39.098;5.969
5G;TDD;20;SISO;38;anecoica;3;87.4;73.3;2005;15;15;0;14014;20.942;29.316;39.002;6.404
5G;TDD;20;SISO;38;anecoica;3;87.9;73.7;830;15;15;0;14009;20.932;41.015;217.125;47.574
5G;TDD;20;SISO;38;anecoica;3;87.6;73.5;1002;15;15;0;14017;21.554;31.007;40.029;5.822
5G;TDD;20;SISO;38;anecoica;3;87.5;73.4;1206;15;15;0;14014;21.062;31.595;40.058;6.143
5G;TDD;20;SISO;38;anecoica;3;88.1;73.9;1502;15;15;0;14010;20.940;29.686;39.878;6.880
5G;TDD;20;SISO;38;anecoica;3;87.7;73.6;937;15;15;0;14012;21.942;32.950;40.720;6.685
5G;TDD;20;SISO;38;anecoica;3;87.9;73.7;1351;15;15;0;14008;21.815;31.851;39.999;7.338
5G;TDD;20;SISO;38;anecoica;3;88.4;74.2;1012;15;15;0;14011;21.570;31.969;40.142;6.855
5G;TDD;20;SISO;38;anecoica;3;87.6;73.5;1597;15;15;0;14018;21.701;30.732;39.998;5.681
5G;TDD;20;SISO;38;anecoica;3;87.9;73.7;786;15;15;0;14016;20.976;30.926;39.732;5.927
5G;TDD;20;SISO;38;anecoica;3;87.7;73.6;1094;15;15;0;14012;21.903;30.139;39.973;7.104
5G;TDD;20;SISO;38;anecoica;3;87.6;73.5;1290;15;15;0;14009;20.944;29.509;40.034;7.566
5G;TDD;20;SISO;38;rever;1;87.7;73.6;1005;15;15;0;14010;18.513;36.730;50.230;8.652
5G;TDD;20;SISO;38;rever;1;87.8;73.7;1297;15;15;0;14013;20.961;30.574;39.982;6.725
5G;TDD;20;SISO;38;rever;1;87.6;73.5;958;15;15;0;14011;21.760;31.135;40.011;6.997
5G;TDD;20;SISO;38;rever;1;87.8;73.6;1461;15;15;0;14009;21.048;29.424;39.988;7.426
5G;TDD;20;SISO;38;rever;1;87.7;73.6;965;15;15;0;14012;21.688;32.401;39.993;6.236
5G;TDD;20;SISO;38;rever;1;87.3;73.2;1319;15;15;0;14011;21.002;29.211;39.964;7.153
5G;TDD;20;SISO;38;rever;1;88.1;73.9;881;15;15;0;14014;21.749;63.345;517.324;121.479
5G;TDD;20;SISO;38;rever;1;87.9;73.8;930;15;15;0;14017;21.062;30.037;39.465;5.941
5G;TDD;20;SISO;38;rever;1;87.7;73.5;1357;15;15;0;14018;21.065;30.514;39.989;5.897
5G;TDD;20;SISO;38;rever;1;87.7;73.6;1145;15;15;0;14010;21.013;29.799;39.994;7.318
5G;TDD;20;SISO;38;rever;1;88.2;74.0;897;15;15;0;14012;20.517;28.780;40.050;7.175
5G;TDD;20;SISO;38;rever;1;88.0;73.8;1444;15;15;0;14015;20.932;30.870;39.647;5.720
5G;TDD;20;SISO;38;rever;1;87.4;73.3;914;15;15;0;14008;20.934;28.679;40.311;7.908
5G;TDD;20;SISO;38;rever;1;87.9;73.7;1814;15;15;0;14018;20.917;29.876;39.867;5.667
5G;TDD;20;SISO;38;rever;1;87.9;73.7;789;15;15;0;14016;21.032;30.733;40.038;6.643
5G;TDD;20;SISO;38;rever;1;87.7;73.5;948;15;15;0;14009;21.058;31.667;40.568;7.614
5G;TDD;20;SISO;38;rever;1;88.2;74.0;1549;15;15;0;14011;20.989;99.416;1.036.539;250.539
5G;TDD;20;SISO;38;rever;1;87.7;73.6;1353;15;15;0;14016;21.346;32.576;42.514;7.101
5G;TDD;20;SISO;38;rever;1;87.5;73.4;1389;15;15;0;14014;21.176;30.589;40.315;6.746
5G;TDD;20;SISO;38;rever;1;87.8;73.7;1235;15;15;0;14011;21.856;30.121;39.960;6.802
5G;TDD;20;SISO;38;rever;2;87.9;73.7;1170;15;15;0;14012;20.485;29.222;39.004;6.925
5G;TDD;20;SISO;38;rever;2;87.9;73.7;714;15;15;0;14017;20.971;30.836;39.954;5.843
5G;TDD;20;SISO;38;rever;2;87.9;73.7;1038;15;15;0;14017;22.054;31.538;40.254;5.949
5G;TDD;20;SISO;38;rever;2;88.1;73.9;1547;15;15;0;14011;21.873;30.458;40.145;7.250
5G;TDD;20;SISO;38;rever;2;88.1;73.9;905;15;15;0;14011;20.962;29.177;39.890;6.973
5G;TDD;20;SISO;38;rever;2;87.6;73.5;987;15;15;0;14015;20.867;31.023;39.847;5.953
5G;TDD;20;SISO;38;rever;2;88.0;73.8;826;15;15;0;14014;17.036;26.681;38.415;6.469
5G;TDD;20;SISO;38;rever;2;87.6;73.5;1295;15;15;0;14012;21.829;31.657;40.017;6.694
5G;TDD;20;SISO;38;rever;2;87.5;73.4;826;15;15;0;14011;20.955;29.572;39.677;6.886
5G;TDD;20;SISO;38;rever;2;87.9;73.7;977;15;15;0;14010;21.628;82.460;802.012;192.445
5G;TDD;20;SISO;38;rever;2;88.0;73.8;1204;15;15;0;14012;20.676;29.993;40.067;7.025
5G;TDD;20;SISO;38;rever;2;87.8;73.6;1444;15;15;0;14012;21.188;30.514;39.947;6.547
5G;TDD;20;SISO;38;rever;2;87.8;73.6;1659;15;15;0;14018;20.578;30.495;39.965;6.061
5G;TDD;20;SISO;38;rever;2;87.8;73.6;994;15;15;0;14007;21.039;27.797;39.968;7.125
5G;TDD;20;SISO;38;rever;2;87.8;73.6;1255;15;15;0;14010;21.096;31.632;40.057;7.438
5G;TDD;20;SISO;38;rever;2;87.9;73.7;790;15;15;0;14013;20.920;32.057;40.095;6.235
5G;TDD;20;SISO;38;rever;2;87.7;73.5;1159;15;15;0;14014;21.899;30.758;40.139;6.221
5G;TDD;20;SISO;38;rever;2;87.8;73.6;1139;15;15;0;14014;20.946;29.994;39.049;6.378
5G;TDD;20;SISO;38;rever;2;87.7;73.5;788;15;15;0;14018;21.431;31.068;39.927;5.822
5G;TDD;20;SISO;38;rever;2;87.5;73.4;1287;15;15;0;14011;20.976;30.940;39.998;7.359
5G;TDD;20;SISO;38;rever;3;87.5;73.4;1504;15;15;0;14010;21.045;28.487;39.984;6.916
5G;TDD;20;SISO;38;rever;3;87.9;73.7;1264;15;15;0;14010;20.918;29.558;40.014;7.466
5G;TDD;20;SISO;38;rever;3;87.9;73.7;1657;15;15;0;14016;20.961;31.040;39.005;5.713
5G;TDD;20;SISO;38;rever;3;87.9;73.7;1629;15;15;0;14013;21.981;34.668;49.869;7.923
5G;TDD;20;SISO;38;rever;3;88.2;74.0;1081;15;15;0;14011;20.979;29.225;40.052;7.494
5G;TDD;20;SISO;38;rever;3;88.2;74.0;911;15;15;0;14010;20.803;32.119;39.027;7.266
5G;TDD;20;SISO;38;rever;3;88.0;73.8;1048;15;15;0;14013;20.951;31.834;40.981;7.038
5G;TDD;20;SISO;38;rever;3;87.6;73.5;1024;15;15;0;14012;21.090;30.421;39.977;7.149
5G;TDD;20;SISO;38;rever;3;87.9;73.8;900;15;15;0;14014;20.985;31.255;40.040;6.586
5G;TDD;20;SISO;38;rever;3;88.2;74.0;1427;15;15;0;14017;21.804;33.984;48.054;7.328
5G;TDD;20;SISO;38;rever;3;87.6;73.5;1465;15;15;0;14009;21.014;29.694;40.016;7.368
5G;TDD;20;SISO;38;rever;3;88.2;74.0;1077;15;15;0;14013;21.412;33.473;40.244;4.741
5G;TDD;20;SISO;38;rever;3;88.1;73.9;992;15;15;0;14016;20.451;30.026;39.071;5.947
5G;TDD;20;SISO;38;rever;3;87.7;73.6;931;15;15;0;14008;20.909;26.170;39.992;5.524
5G;TDD;20;SISO;38;rever;3;88.1;73.9;1016;15;15;0;14014;20.941;30.989;40.212;6.717
5G;TDD;20;SISO;38;rever;3;87.4;73.4;1449;15;15;0;14017;20.921;30.658;39.663;5.795
5G;TDD;20;SISO;38;rever;3;87.6;73.5;950;15;15;0;14014;21.829;29.445;39.990;6.629
5G;TDD;20;SISO;38;rever;3;87.6;73.5;1273;15;15;0;14016;20.942;30.362;39.008;5.439
5G;TDD;20;SISO;38;rever;3;86.9;72.9;1132;15;15;0;14014;20.881;31.051;39.032;6.583
5G;TDD;20;SISO;38;rever;3;88.1;73.9;726;15;15;0;14013;21.002;30.595;40.032;7.390
5G;TDD;5;MIMO;38;anecoica;1;35.5;29.8;1418;15;15;0;14014;15.333;30.715;39.987;6.382
5G;TDD;5;MIMO;38;anecoica;1;34.5;28.9;1130;15;15;0;14008;23.014;34.850;151.107;31.137
5G;TDD;5;MIMO;38;anecoica;1;35.7;30.0;1337;15;15;0;14016;21.403;29.075;40.154;5.500
5G;TDD;5;MIMO;38;anecoica;1;34.9;29.3;1024;15;15;0;14011;21.280;28.343;40.008;4.271
5G;TDD;5;MIMO;38;anecoica;1;37.0;31.0;1022;15;15;0;14013;15.713;28.115;40.010;7.927
5G;TDD;5;MIMO;38;anecoica;1;36.7;30.8;1079;15;15;0;14014;21.916;29.063;36.438;4.559
5G;TDD;5;MIMO;38;anecoica;1;37.0;31.0;1158;15;15;0;14039;21.346;97.174;1.061.652;257.801
5G;TDD;5;MIMO;38;anecoica;1;36.1;30.3;1158;15;15;0;14013;20.538;27.334;39.187;5.419
5G;TDD;5;MIMO;38;anecoica;1;35.6;29.9;1248;15;15;0;14008;17.358;30.794;40.091;8.166
5G;TDD;5;MIMO;38;anecoica;1;35.5;29.8;1282;15;15;0;14013;21.432;32.925;39.905;4.591
5G;TDD;5;MIMO;38;anecoica;1;35.7;29.9;816;15;15;0;14011;20.930;32.492;39.089;6.371
5G;TDD;5;MIMO;38;anecoica;1;34.9;29.2;931;15;15;0;14017;13.077;28.378;38.990;6.577
5G;TDD;5;MIMO;38;anecoica;1;35.1;29.4;1439;15;15;0;14016;21.455;32.360;40.270;5.200
5G;TDD;5;MIMO;38;anecoica;1;37.0;31.0;917;15;15;0;14011;12.987;31.500;40.402;8.932
5G;TDD;5;MIMO;38;anecoica;1;35.1;29.5;879;15;15;0;14009;27.008;31.729;36.348;2.772
5G;TDD;5;MIMO;38;anecoica;1;35.7;30.0;1081;15;15;0;14012;15.005;28.930;36.565;5.012
5G;TDD;5;MIMO;38;anecoica;1;35.5;29.8;1171;15;15;0;14015;21.356;31.512;39.960;5.835
5G;TDD;5;MIMO;38;anecoica;1;35.3;29.6;1134;15;15;0;14014;22.118;29.679;36.680;4.228
5G;TDD;5;MIMO;38;anecoica;1;34.6;29.0;764;15;15;0;14013;22.950;30.313;36.658;4.273
5G;TDD;5;MIMO;38;anecoica;1;36.7;30.8;1349;15;15;0;14011;16.975;32.314;39.983;6.056
5G;TDD;5;MIMO;38;anecoica;2;38.3;32.2;1552;15;15;0;14010;20.915;33.433;39.614;4.205
5G;TDD;5;MIMO;38;anecoica;2;37.1;31.1;1096;15;15;0;14016;21.697;29.065;39.961;5.370
5G;TDD;5;MIMO;38;anecoica;2;36.0;30.2;1202;15;15;0;14016;20.638;29.618;38.946;6.217
5G;TDD;5;MIMO;38;anecoica;2;37.4;31.3;913;15;15;0;14013;27.990;81.472;737.492;175.369
5G;TDD;5;MIMO;38;anecoica;2;36.1;30.3;728;15;15;0;14010;21.642;25.841;31.263;2.988
5G;TDD;5;MIMO;38;anecoica;2;36.1;30.3;1255;15;15;0;14012;20.588;33.444;39.956;5.836
5G;TDD;5;MIMO;38;anecoica;2;37.3;31.3;965;15;15;0;14014;15.967;30.441;39.988;6.058
5G;TDD;5;MIMO;38;anecoica;2;39.0;32.7;1017;15;15;0;14013;23.990;32.791;46.692;6.865
5G;TDD;5;MIMO;38;anecoica;2;37.2;31.2;1431;15;15;0;14017;12.974;33.282;55.024;11.751
5G;TDD;5;MIMO;38;anecoica;2;36.5;30.6;1249;15;15;0;14008;31.297;36.488;50.027;4.363
5G;TDD;5;MIMO;38;anecoica;2;38.0;31.8;1142;15;15;0;14011;21.740;34.244;39.966;4.345
5G;TDD;5;MIMO;38;anecoica;2;35.4;29.7;802;15;15;0;14014;16.133;30.800;39.941;6.077
5G;TDD;5;MIMO;38;anecoica;2;37.8;31.7;1029;15;15;0;14016;20.446;28.671;39.939;6.099
5G;TDD;5;MIMO;38;anecoica;2;36.0;30.2;1098;15;15;0;14011;24.976;30.581;36.514;3.786
5G;TDD;5;MIMO;38;anecoica;2;37.7;31.6;1547;15;15;0;14009;20.614;36.671;49.971;8.925
5G;TDD;5;MIMO;38;anecoica;2;37.8;31.7;1203;15;15;0;14010;13.939;33.264;39.948;6.847
5G;TDD;5;MIMO;38;anecoica;2;35.6;29.9;1154;15;15;0;14013;14.032;29.174;46.294;6.685
5G;TDD;5;MIMO;38;anecoica;2;36.1;30.3;1267;15;15;0;14013;20.387;33.716;48.214;8.225
5G;TDD;5;MIMO;38;anecoica;2;37.1;31.2;951;15;15;0;14008;20.675;38.236;48.975;7.372
5G;TDD;5;MIMO;38;anecoica;2;35.9;30.1;1344;15;15;0;14016;21.018;35.555;41.408;5.809
5G;TDD;5;MIMO;38;anecoica;3;36.4;30.5;1681;15;15;0;14008;13.569;30.016;49.239;11.179
5G;TDD;5;MIMO;38;anecoica;3;36.2;30.4;1158;15;15;0;14018;18.005;95.283;1.023.971;248.281
5G;TDD;5;MIMO;38;anecoica;3;35.8;30.0;1303;15;15;0;14006;15.475;27.263;39.966;9.938
5G;TDD;5;MIMO;38;anecoica;3;35.7;29.9;999;15;15;0;14016;15.006;30.209;38.995;6.407
5G;TDD;5;MIMO;38;anecoica;3;35.8;30.1;1121;15;15;0;14015;12.995;25.719;36.039;7.202
5G;TDD;5;MIMO;38;anecoica;3;35.7;29.9;1179;15;15;0;14010;13.995;27.412;42.528;9.718
5G;TDD;5;MIMO;38;anecoica;3;35.3;29.6;1337;15;15;0;14008;12.989;26.785;37.712;9.140
5G;TDD;5;MIMO;38;anecoica;3;34.2;28.7;946;15;15;0;14015;13.882;27.015;39.993;7.853
5G;TDD;5;MIMO;38;anecoica;3;35.9;30.1;858;15;15;0;14010;15.009;27.929;36.966;6.881
5G;TDD;5;MIMO;38;anecoica;3;35.6;29.8;1094;15;15;0;14016;12.514;29.095;39.968;8.344
5G;TDD;5;MIMO;38;anecoica;3;37.6;31.5;1440;15;15;0;14010;13.950;26.123;40.070;9.916
5G;TDD;5;MIMO;38;anecoica;3;36.5;30.7;981;15;15;0;14015;14.984;30.784;39.910;6.629
5G;TDD;5;MIMO;38;anecoica;3;36.5;30.6;1032;15;15;0;14013;14.581;25.691;40.227;7.874
5G;TDD;5;MIMO;38;anecoica;3;35.2;29.6;971;15;15;0;14012;20.730;27.297;39.056;4.278
5G;TDD;5;MIMO;38;anecoica;3;35.1;29.4;762;15;15;0;14015;14.852;30.447;50.064;10.815
5G;TDD;5;MIMO;38;anecoica;3;35.3;29.6;1440;15;15;0;14009;21.960;26.196;30.995;2.469
5G;TDD;5;MIMO;38;anecoica;3;37.0;31.0;1075;15;15;0;14012;21.050;31.971;44.112;7.514
5G;TDD;5;MIMO;38;anecoica;3;36.4;30.5;1004;15;15;0;14014;14.021;30.795;39.978;7.294
5G;TDD;5;MIMO;38;anecoica;3;36.8;30.8;1225;15;15;0;14011;14.896;26.719;39.958;7.660
5G;TDD;5;MIMO;38;anecoica;3;36.1;30.3;1253;15;15;0;14011;13.997;27.222;35.921;5.657
5G;TDD;5;MIMO;38;rever;1;36.1;30.3;1255;15;15;0;14008;17.386;35.737;50.495;8.287
5G;TDD;5;MIMO;38;rever;1;35.5;29.7;777;15;15;0;14011;21.006;26.961;39.922;4.532
5G;TDD;5;MIMO;38;rever;1;36.3;30.5;839;15;15;0;14019;12.989;27.683;39.976;7.935
5G;TDD;5;MIMO;38;rever;1;35.0;29.4;607;15;15;0;14015;21.561;31.436;39.963;4.987
5G;TDD;5;MIMO;38;rever;1;35.3;29.6;1151;15;15;0;14010;15.026;30.787;39.002;7.232
5G;TDD;5;MIMO;38;rever;1;35.7;29.9;1025;15;15;0;14010;14.117;33.549;39.965;6.793
5G;TDD;5;MIMO;38;rever;1;35.5;29.8;728;15;15;0;14011;18.019;31.343;39.947;6.129
5G;TDD;5;MIMO;38;rever;1;34.9;29.3;1213;15;15;0;14017;15.998;28.775;39.890;6.631
5G;TDD;5;MIMO;38;rever;1;35.5;29.8;834;15;15;0;14014;20.593;30.998;38.988;5.243
5G;TDD;5;MIMO;38;rever;1;35.4;29.7;681;15;15;0;14009;14.011;28.993;40.040;9.437
5G;TDD;5;MIMO;38;rever;1;36.0;30.2;977;15;15;0;14000;20.380;22.292;40.022;4.752
5G;TDD;5;MIMO;38;rever;1;35.5;29.7;1162;15;15;0;14012;13.017;32.598;40.024;6.966
5G;TDD;5;MIMO;38;rever;1;35.0;29.3;986;15;15;0;14017;21.832;31.016;39.936;5.102
5G;TDD;5;MIMO;38;rever;1;35.7;30.0;1465;15;15;0;14013;20.995;30.330;39.985;6.566
5G;TDD;5;MIMO;38;rever;1;35.5;29.8;1084;15;15;0;14013;13.844;29.751;39.978;8.575
5G;TDD;5;MIMO;38;rever;1;35.5;29.7;860;15;15;0;14018;13.857;27.360;39.997;7.065
5G;TDD;5;MIMO;38;rever;1;33.9;28.5;1114;15;15;0;14010;15.791;32.656;39.896;7.346
5G;TDD;5;MIMO;38;rever;1;33.9;28.4;888;15;15;0;13998;21.002;22.608;23.984;0.885
5G;TDD;5;MIMO;38;rever;1;36.4;30.6;1283;15;15;0;14013;13.015;28.900;39.086;8.020
5G;TDD;5;MIMO;38;rever;1;35.3;29.6;1116;15;15;0;14010;14.835;28.326;39.885;9.092
5G;TDD;5;MIMO;38;rever;2;37.1;31.1;1018;15;15;0;14010;20.522;32.034;38.986;6.059
5G;TDD;5;MIMO;38;rever;2;37.8;31.7;977;15;15;0;14015;12.972;29.002;39.976;8.910
5G;TDD;5;MIMO;38;rever;2;36.5;30.6;817;15;15;0;14015;21.142;31.534;39.995;5.298
5G;TDD;5;MIMO;38;rever;2;36.3;30.5;1159;15;15;0;14013;20.812;33.535;39.800;4.873
5G;TDD;5;MIMO;38;rever;2;36.1;30.3;617;15;15;0;14016;12.550;29.461;40.047;8.186
5G;TDD;5;MIMO;38;rever;2;38.4;32.2;1329;15;15;0;14011;20.353;32.159;39.775;6.190
5G;TDD;5;MIMO;38;rever;2;37.0;31.1;726;15;15;0;14013;27.972;33.051;45.179;4.422
5G;TDD;5;MIMO;38;rever;2;37.1;31.1;558;15;15;0;14012;20.889;32.538;39.834;5.537
5G;TDD;5;MIMO;38;rever;2;36.0;30.2;762;15;15;0;14017;21.250;31.692;40.003;5.631
5G;TDD;5;MIMO;38;rever;2;37.5;31.5;660;15;15;0;14011;21.520;33.445;40.037;5.295
5G;TDD;5;MIMO;38;rever;2;37.3;31.3;828;15;15;0;14012;14.027;31.032;40.020;7.782
5G;TDD;5;MIMO;38;rever;2;36.8;30.8;1286;15;15;0;14012;20.385;32.166;38.795;5.066
5G;TDD;5;MIMO;38;rever;2;36.3;30.5;1344;15;15;0;14013;13.649;30.654;39.209;6.970
5G;TDD;5;MIMO;38;rever;2;36.9;31.0;1078;15;15;0;14016;20.915;30.668;39.458;5.571
5G;TDD;5;MIMO;38;rever;2;37.4;31.4;791;15;15;0;14011;21.753;34.693;39.981;4.517
5G;TDD;5;MIMO;38;rever;2;36.2;30.3;708;15;15;0;14002;20.485;32.116;39.998;9.101
5G;TDD;5;MIMO;38;rever;2;36.6;30.7;717;15;15;0;14013;16.961;31.842;40.185;7.208
5G;TDD;5;MIMO;38;rever;2;36.2;30.4;1019;15;15;0;14011;25.037;30.046;36.558;3.273
5G;TDD;5;MIMO;38;rever;2;36.4;30.5;707;15;15;0;14011;15.979;30.958;40.045;7.898
5G;TDD;5;MIMO;38;rever;2;37.6;31.5;1015;15;15;0;14014;16.591;30.861;39.973;6.633
5G;TDD;5;MIMO;38;rever;3;37.1;31.1;1698;15;15;0;14015;21.355;27.888;36.406;4.670
5G;TDD;5;MIMO;38;rever;3;36.9;30.9;733;15;15;0;14013;14.092;28.828;36.515;5.562
5G;TDD;5;MIMO;38;rever;3;37.3;31.3;1235;15;15;0;14016;12.904;28.247;39.953;6.612
5G;TDD;5;MIMO;38;rever;3;36.4;30.6;723;15;15;0;14007;15.018;219.030;1.037.982;379.903
5G;TDD;5;MIMO;38;rever;3;37.6;31.6;1010;15;15;0;14016;20.993;30.194;39.970;5.487
5G;TDD;5;MIMO;38;rever;3;37.7;31.6;1048;15;15;0;14013;13.967;28.410;36.326;5.302
5G;TDD;5;MIMO;38;rever;3;36.9;31.0;866;15;15;0;14013;14.763;29.284;36.462;5.787
5G;TDD;5;MIMO;38;rever;3;37.6;31.5;1136;15;15;0;14012;13.547;28.965;36.528;5.642
5G;TDD;5;MIMO;38;rever;3;36.3;30.5;1035;15;15;0;14012;14.006;28.726;36.520;6.560
5G;TDD;5;MIMO;38;rever;3;36.9;31.0;841;15;15;0;14018;20.933;34.536;51.036;8.422
5G;TDD;5;MIMO;38;rever;3;36.7;30.8;845;15;15;0;14014;13.996;32.067;39.991;7.241
5G;TDD;5;MIMO;38;rever;3;37.0;31.0;769;15;15;0;14013;12.961;28.791;37.526;7.166
5G;TDD;5;MIMO;38;rever;3;37.3;31.3;1016;15;15;0;14017;15.968;29.585;40.020;6.446
5G;TDD;5;MIMO;38;rever;3;36.6;30.7;974;15;15;0;14008;12.371;29.620;36.312;6.825
5G;TDD;5;MIMO;38;rever;3;36.8;30.9;744;15;15;0;14014;14.965;27.401;36.872;4.997
5G;TDD;5;MIMO;38;rever;3;36.6;30.7;973;15;15;0;14012;24.033;29.724;36.218;3.913
5G;TDD;5;MIMO;38;rever;3;36.8;30.8;807;15;15;0;14016;20.608;29.360;39.948;5.480
5G;TDD;5;MIMO;38;rever;3;36.1;30.3;1054;15;15;0;14003;14.870;31.823;37.950;7.965
5G;TDD;5;MIMO;38;rever;3;36.2;30.3;946;15;15;0;14014;21.627;33.335;40.540;5.261
5G;TDD;5;MIMO;38;rever;3;37.1;31.1;876;15;15;0;14007;12.986;31.215;36.526;5.318
5G;TDD;5;SISO;38;anecoica;1;21.7;18.2;595;15;15;0;14007;14.444;30.570;36.756;6.632
5G;TDD;5;SISO;38;anecoica;1;23.0;19.3;762;15;15;0;14015;18.152;31.514;39.982;5.847
5G;TDD;5;SISO;38;anecoica;1;21.1;17.7;524;15;15;0;14024;20.260;96.223;1.035.043;251.017
5G;TDD;5;SISO;38;anecoica;1;22.0;18.5;543;15;15;0;14016;20.696;30.680;38.989;5.580
5G;TDD;5;SISO;38;anecoica;1;22.0;18.5;710;15;15;0;14013;21.547;34.122;39.979;4.873
5G;TDD;5;SISO;38;anecoica;1;21.6;18.1;733;15;15;0;14010;13.996;31.822;39.055;7.571
5G;TDD;5;SISO;38;anecoica;1;21.9;18.4;568;15;15;0;14015;16.163;56.909;434.183;101.071
5G;TDD;5;SISO;38;anecoica;1;21.6;18.1;520;15;15;0;14010;21.746;34.573;40.076;5.657
5G;TDD;5;SISO;38;anecoica;1;22.4;18.8;666;15;15;0;14017;13.896;28.210;39.986;7.973
5G;TDD;5;SISO;38;anecoica;1;22.0;18.5;632;15;15;0;14014;18.991;31.466;39.937;5.849
5G;TDD;5;SISO;38;anecoica;1;22.4;18.8;690;15;15;0;14018;17.735;28.444;38.923;6.158
5G;TDD;5;SISO;38;anecoica;1;21.5;18.0;585;15;15;0;14018;21.768;31.875;40.037;5.543
5G;TDD;5;SISO;38;anecoica;1;21.9;18.3;841;15;15;0;14015;20.873;31.415;39.933;5.822
5G;TDD;5;SISO;38;anecoica;1;22.0;18.5;668;15;15;0;14014;20.829;32.081;40.049;5.891
5G;TDD;5;SISO;38;anecoica;1;22.1;18.5;672;15;15;0;14013;21.408;33.690;40.045;5.193
5G;TDD;5;SISO;38;anecoica;1;21.5;18.0;759;15;15;0;14012;21.013;33.458;40.033;5.867
5G;TDD;5;SISO;38;anecoica;1;21.8;18.3;457;15;15;0;14012;17.900;31.059;39.984;7.193
5G;TDD;5;SISO;38;anecoica;1;21.9;18.4;680;15;15;0;14010;15.523;33.735;40.171;6.542
5G;TDD;5;SISO;38;anecoica;1;22.4;18.8;606;15;15;0;14019;12.964;29.265;40.022;7.148
5G;TDD;5;SISO;38;anecoica;1;22.2;18.7;606;15;15;0;14016;17.041;30.717;40.019;6.319
5G;TDD;5;SISO;38;anecoica;2;22.3;18.7;745;15;15;0;14012;16.018;58.786;452.919;105.529
5G;TDD;5;SISO;38;anecoica;2;21.8;18.3;752;15;15;0;14013;20.482;28.167;38.976;5.953
5G;TDD;5;SISO;38;anecoica;2;22.2;18.7;584;15;15;0;14011;21.487;34.100;39.999;4.472
5G;TDD;5;SISO;38;anecoica;2;21.9;18.3;697;15;15;0;14012;20.382;93.311;1.031.744;250.874
5G;TDD;5;SISO;38;anecoica;2;22.2;18.6;519;15;15;0;14010;16.499;32.588;39.998;7.469
5G;TDD;5;SISO;38;anecoica;2;22.2;18.6;624;15;15;0;14015;13.736;29.424;39.158;7.007
5G;TDD;5;SISO;38;anecoica;2;22.3;18.7;759;15;15;0;14001;28.929;30.324;31.445;0.869
5G;TDD;5;SISO;38;anecoica;2;22.5;18.9;588;15;15;0;14010;26.038;31.063;36.532;3.106
5G;TDD;5;SISO;38;anecoica;2;21.5;18.1;659;15;15;0;14010;21.404;34.165;40.011;5.457
5G;TDD;5;SISO;38;anecoica;2;22.8;19.1;689;15;15;0;14015;20.972;29.643;40.024;5.749
5G;TDD;5;SISO;38;anecoica;2;21.8;18.3;547;15;15;0;14016;14.085;29.897;40.016;7.606
5G;TDD;5;SISO;38;anecoica;2;22.4;18.8;719;15;15;0;14014;15.100;28.540;38.988;6.803
5G;TDD;5;SISO;38;anecoica;2;22.4;18.8;389;15;15;0;14017;21.369;30.679;39.533;5.310
5G;TDD;5;SISO;38;anecoica;2;22.5;18.9;552;15;15;0;14017;14.194;29.519;39.997;7.111
5G;TDD;5;SISO;38;anecoica;2;22.1;18.6;686;15;15;0;14017;20.812;29.618;39.562;6.217
5G;TDD;5;SISO;38;anecoica;2;22.5;18.9;638;15;15;0;14019;15.910;28.684;39.011;6.115
5G;TDD;5;SISO;38;anecoica;2;21.7;18.2;773;15;15;0;14011;17.115;32.861;40.095;6.302
5G;TDD;5;SISO;38;anecoica;2;22.3;18.7;577;15;15;0;14014;20.870;31.580;39.105;5.236
5G;TDD;5;SISO;38;anecoica;2;22.2;18.6;546;15;15;0;14013;21.180;33.357;40.104;6.048
5G;TDD;5;SISO;38;anecoica;2;22.1;18.5;655;15;15;0;14014;21.970;30.560;36.416;4.724
5G;TDD;5;SISO;38;anecoica;3;22.6;18.9;660;15;15;0;14014;14.664;30.166;38.813;5.935
5G;TDD;5;SISO;38;anecoica;3;22.4;18.8;534;15;15;0;14019;15.001;29.599;39.994;6.911
5G;TDD;5;SISO;38;anecoica;3;22.3;18.7;782;15;15;0;14012;21.498;32.623;39.952;4.164
5G;TDD;5;SISO;38;anecoica;3;22.8;19.1;535;15;15;0;14017;21.004;29.930;39.313;5.869
5G;TDD;5;SISO;38;anecoica;3;22.0;18.5;753;15;15;0;14012;21.086;29.557;40.026;6.859
5G;TDD;5;SISO;38;anecoica;3;22.2;18.6;532;15;15;0;14013;20.993;29.977;40.186;6.434
5G;TDD;5;SISO;38;anecoica;3;21.9;18.4;716;15;15;0;14016;13.743;28.259;39.454;7.087
5G;TDD;5;SISO;38;anecoica;3;22.3;18.7;535;15;15;0;14013;22.832;31.103;37.200;4.593
5G;TDD;5;SISO;38;anecoica;3;21.8;18.3;515;15;15;0;14014;20.638;32.888;40.082;5.501
5G;TDD;5;SISO;38;anecoica;3;21.7;18.2;643;15;15;0;14013;22.878;35.036;45.961;6.944
5G;TDD;5;SISO;38;anecoica;3;21.7;18.2;683;15;15;0;14015;21.165;29.842;40.229;5.874
5G;TDD;5;SISO;38;anecoica;3;22.0;18.5;538;15;15;0;14010;27.074;32.011;36.892;2.590
5G;TDD;5;SISO;38;anecoica;3;21.9;18.4;574;15;15;0;14019;20.969;94.874;1.037.828;252.094
5G;TDD;5;SISO;38;anecoica;3;22.1;18.5;826;15;15;0;14009;14.512;34.361;43.989;7.229
5G;TDD;5;SISO;38;anecoica;3;21.5;18.0;536;15;15;0;14012;24.089;29.826;36.517;3.567
5G;TDD;5;SISO;38;anecoica;3;22.2;18.6;741;15;15;0;14032;17.987;98.518;1.050.218;254.423
5G;TDD;5;SISO;38;anecoica;3;22.5;18.8;747;15;15;0;14009;20.717;34.111;40.030;5.606
5G;TDD;5;SISO;38;anecoica;3;22.4;18.8;664;15;15;0;14009;13.964;33.220;39.447;7.503
5G;TDD;5;SISO;38;anecoica;3;22.1;18.5;587;15;15;0;14007;15.035;33.913;39.964;7.722
5G;TDD;5;SISO;38;anecoica;3;22.6;19.0;680;15;15;0;14010;26.003;31.114;36.468;2.966
5G;TDD;5;SISO;38;rever;1;22.7;19.1;483;15;15;0;14016;21.143;31.840;40.047;5.720
5G;TDD;5;SISO;38;rever;1;22.7;19.0;550;15;15;0;14018;21.903;31.795;39.949;5.453
5G;TDD;5;SISO;38;rever;1;22.5;18.9;443;15;15;0;14017;12.304;29.748;40.947;9.778
5G;TDD;5;SISO;38;rever;1;22.8;19.1;488;15;15;0;14019;15.998;95.978;1.027.972;249.182
5G;TDD;5;SISO;38;rever;1;22.5;18.9;535;15;15;0;14010;15.024;30.218;39.991;8.935
5G;TDD;5;SISO;38;rever;1;22.6;19.0;416;15;15;0;14015;21.911;98.602;1.035.068;250.325
5G;TDD;5;SISO;38;rever;1;22.9;19.2;433;15;15;0;14017;15.451;28.970;40.054;6.694
5G;TDD;5;SISO;38;rever;1;22.6;19.0;561;15;15;0;14016;20.876;31.738;39.838;5.229
5G;TDD;5;SISO;38;rever;1;22.7;19.0;512;15;15;0;14012;21.817;34.196;39.940;4.363
5G;TDD;5;SISO;38;rever;1;22.8;19.2;429;15;15;0;14010;14.024;32.748;40.045;7.530
5G;TDD;5;SISO;38;rever;1;22.6;19.0;587;15;15;0;14007;14.045;30.857;39.529;8.284
5G;TDD;5;SISO;38;rever;1;22.8;19.1;558;15;15;0;14012;14.047;32.881;40.258;6.936
5G;TDD;5;SISO;38;rever;1;22.8;19.1;471;15;15;0;14008;21.932;35.357;40.018;4.244
5G;TDD;5;SISO;38;rever;1;22.8;19.1;552;15;15;0;14011;20.511;34.436;39.967;5.932
5G;TDD;5;SISO;38;rever;1;22.7;19.1;551;15;15;0;14012;20.991;33.232;40.563;5.815
5G;TDD;5;SISO;38;rever;1;22.7;19.0;515;15;15;0;14016;20.581;30.802;39.982;6.098
5G;TDD;5;SISO;38;rever;1;22.6;19.0;475;15;15;0;14011;13.983;30.900;39.190;6.787
5G;TDD;5;SISO;38;rever;1;22.6;19.0;464;15;15;0;14011;12.854;29.298;38.918;7.048
5G;TDD;5;SISO;38;rever;1;22.5;18.8;572;15;15;0;14012;20.938;33.691;40.070;5.751
5G;TDD;5;SISO;38;rever;1;22.7;19.1;625;15;15;0;14010;21.523;34.797;39.993;5.624
5G;TDD;5;SISO;38;rever;2;22.7;19.1;569;15;15;0;14018;12.282;28.473;39.964;8.240
5G;TDD;5;SISO;38;rever;2;22.3;18.7;486;15;15;0;14016;16.980;30.981;39.948;6.338
5G;TDD;5;SISO;38;rever;2;22.4;18.8;443;15;15;0;14002;20.955;37.404;40.285;6.399
5G;TDD;5;SISO;38;rever;2;22.6;18.9;505;15;15;0;14014;13.776;97.124;1.027.937;248.853
5G;TDD;5;SISO;38;rever;2;23.0;19.3;567;15;15;0;14016;12.983;30.383;39.944;6.975
5G;TDD;5;SISO;38;rever;2;22.7;19.0;515;15;15;0;14016;15.457;29.354;38.977;6.360
5G;TDD;5;SISO;38;rever;2;22.9;19.2;539;15;15;0;14010;19.019;32.250;40.173;7.324
5G;TDD;5;SISO;38;rever;2;22.3;18.7;489;15;15;0;14017;20.880;30.532;40.045;6.151
5G;TDD;5;SISO;38;rever;2;22.3;18.7;515;15;15;0;14014;21.822;33.660;39.918;4.949
5G;TDD;5;SISO;38;rever;2;22.7;19.0;490;15;15;0;14006;15.178;95.787;1.020.947;247.397
5G;TDD;5;SISO;38;rever;2;22.4;18.7;643;15;15;0;14008;17.941;34.674;40.082;6.185
5G;TDD;5;SISO;38;rever;2;22.8;19.1;541;15;15;0;14030;20.599;101.308;1.059.209;256.062
5G;TDD;5;SISO;38;rever;2;22.7;19.1;546;15;15;0;14011;16.980;31.731;39.962;5.691
5G;TDD;5;SISO;38;rever;2;22.8;19.1;462;15;15;0;14016;13.768;30.265;39.944;6.621
5G;TDD;5;SISO;38;rever;2;22.5;18.9;586;15;15;0;14016;21.304;32.448;40.260;5.362
5G;TDD;5;SISO;38;rever;2;22.6;19.0;458;15;15;0;14014;20.945;31.633;39.912;5.566
5G;TDD;5;SISO;38;rever;2;22.8;19.1;571;15;15;0;14011;12.388;32.809;39.964;7.069
5G;TDD;5;SISO;38;rever;2;22.6;18.9;603;15;15;0;14009;21.012;100.039;1.035.819;250.182
5G;TDD;5;SISO;38;rever;2;22.7;19.0;583;15;15;0;14014;21.376;31.582;40.026;4.858
5G;TDD;5;SISO;38;rever;2;22.6;19.0;573;15;15;0;14015;13.383;29.638;39.896;7.029
5G;TDD;5;SISO;38;rever;3;21.6;18.1;665;15;15;0;14009;14.989;30.311;39.971;9.139
5G;TDD;5;SISO;38;rever;3;22.7;19.0;752;15;15;0;14008;23.017;27.611;31.470;2.557
5G;TDD;5;SISO;38;rever;3;21.7;18.2;487;15;15;0;14011;14.972;33.528;39.973;6.709
5G;TDD;5;SISO;38;rever;3;21.4;18.0;697;15;15;0;14012;17.995;32.596;39.971;6.802
5G;TDD;5;SISO;38;rever;3;21.7;18.2;783;15;15;0;14013;12.969;29.372;39.905;9.192
5G;TDD;5;SISO;38;rever;3;22.4;18.8;751;15;15;0;14008;15.015;32.808;39.967;7.481
5G;TDD;5;SISO;38;rever;3;22.4;18.8;662;15;15;0;14010;12.953;31.372;40.378;9.377
5G;TDD;5;SISO;38;rever;3;21.4;18.0;438;15;15;0;14012;12.977;32.730;39.972;7.173
5G;TDD;5;SISO;38;rever;3;22.0;18.5;574;15;15;0;14015;13.985;29.727;39.411;7.245
5G;TDD;5;SISO;38;rever;3;22.7;19.0;758;15;15;0;14015;21.651;32.349;39.992;4.999
5G;TDD;5;SISO;38;rever;3;22.1;18.5;491;15;15;0;14012;17.993;31.761;39.974;7.120
5G;TDD;5;SISO;38;rever;3;22.4;18.8;571;15;15;0;14010;16.018;30.811;39.953;8.146
5G;TDD;5;SISO;38;rever;3;21.6;18.2;671;15;15;0;14013;13.711;30.654;39.935;7.156
5G;TDD;5;SISO;38;rever;3;21.5;18.1;545;15;15;0;14009;14.726;29.804;40.267;9.109
5G;TDD;5;SISO;38;rever;3;22.2;18.7;453;15;15;0;14011;20.809;27.426;39.834;4.468
5G;TDD;5;SISO;38;rever;3;22.0;18.5;884;15;15;0;14013;15.056;29.673;40.109;6.799
5G;TDD;5;SISO;38;rever;3;21.4;18.0;710;15;15;0;14017;20.895;30.366;39.654;5.965
5G;TDD;5;SISO;38;rever;3;22.9;19.2;690;15;15;0;14015;12.407;31.299;40.089;7.246
5G;TDD;5;SISO;38;rever;3;22.3;18.7;833;15;15;0;14009;16.654;32.080;39.381;7.615
5G;TDD;5;SISO;38;rever;3;22.4;18.8;694;15;15;0;14009;26.899;31.545;36.520;2.870
